Command line invocation:
    /Applications/Xcode.app/Contents/Developer/usr/bin/xcodebuild -project HearifyV1.xcodeproj -scheme HearifyV1 build

Resolve Package Graph


Resolved source packages:
  AppCheck: https://github.com/google/app-check.git @ 11.2.0
  GoogleAdsOnDeviceConversion: https://github.com/googleads/google-ads-on-device-conversion-ios-sdk @ 3.2.0
  gRPC: https://github.com/google/grpc-binary.git @ 1.69.1
  Promises: https://github.com/google/promises.git @ 2.4.0
  nanopb: https://github.com/firebase/nanopb.git @ 2.30910.0
  GoogleAppMeasurement: https://github.com/google/GoogleAppMeasurement.git @ 12.8.0
  Firebase: https://github.com/firebase/firebase-ios-sdk @ 12.8.0
  abseil: https://github.com/google/abseil-cpp-binary.git @ 1.2024072200.0
  InteropForGoogle: https://github.com/google/interop-ios-for-google-sdks.git @ 101.0.0
  GTMSessionFetcher: https://github.com/google/gtm-session-fetcher.git @ 5.0.0
  leveldb: https://github.com/firebase/leveldb.git @ 1.22.5
  GoogleDataTransport: https://github.com/google/GoogleDataTransport.git @ 10.1.0
  GoogleUtilities: https://github.com/google/GoogleUtilities.git @ 8.1.0

--- xcodebuild: WARNING: Using the first of multiple matching destinations:
{ platform:iOS, id:dvtdevice-DVTiPhonePlaceholder-iphoneos:placeholder, name:Any iOS Device }
{ platform:iOS Simulator, id:dvtdevice-DVTiOSDeviceSimulatorPlaceholder-iphonesimulator:placeholder, name:Any iOS Simulator Device }
{ platform:iOS Simulator, arch:arm64, id:D0694AEA-BF67-4E6B-9B86-BA72E87C5F36, OS:17.4, name:iPad (10th generation) }
{ platform:iOS Simulator, arch:x86_64, id:D0694AEA-BF67-4E6B-9B86-BA72E87C5F36, OS:17.4, name:iPad (10th generation) }
{ platform:iOS Simulator, arch:arm64, id:663DE3BD-B7B6-421B-BA5C-7C4F98CCE085, OS:17.5, name:iPad (10th generation) }
{ platform:iOS Simulator, arch:x86_64, id:663DE3BD-B7B6-421B-BA5C-7C4F98CCE085, OS:17.5, name:iPad (10th generation) }
{ platform:iOS Simulator, arch:arm64, id:0E67B1E4-A50D-4990-AE9B-9283155E228C, OS:18.2, name:iPad (10th generation) }
{ platform:iOS Simulator, arch:x86_64, id:0E67B1E4-A50D-4990-AE9B-9283155E228C, OS:18.2, name:iPad (10th generation) }
{ platform:iOS Simulator, arch:arm64, id:86214D50-6EFA-4077-93B9-83CDD237B6C1, OS:26.2, name:iPad (A16) }
{ platform:iOS Simulator, arch:arm64, id:427DDC54-26C6-4E13-BAC0-7790E8CB9968, OS:17.4, name:iPad Air (5th generation) }
{ platform:iOS Simulator, arch:x86_64, id:427DDC54-26C6-4E13-BAC0-7790E8CB9968, OS:17.4, name:iPad Air (5th generation) }
{ platform:iOS Simulator, arch:arm64, id:50501397-0FEE-4E69-AAE2-AF78A5A15AB4, OS:17.4, name:iPad Air 11-inch (M2) }
{ platform:iOS Simulator, arch:x86_64, id:50501397-0FEE-4E69-AAE2-AF78A5A15AB4, OS:17.4, name:iPad Air 11-inch (M2) }
{ platform:iOS Simulator, arch:arm64, id:675D4820-7F1A-44B0-9689-B53D8A0F7493, OS:17.5, name:iPad Air 11-inch (M2) }
{ platform:iOS Simulator, arch:x86_64, id:675D4820-7F1A-44B0-9689-B53D8A0F7493, OS:17.5, name:iPad Air 11-inch (M2) }
{ platform:iOS Simulator, arch:arm64, id:107535E5-107E-4D38-A556-6DE3D08182E8, OS:18.2, name:iPad Air 11-inch (M2) }
{ platform:iOS Simulator, arch:x86_64, id:107535E5-107E-4D38-A556-6DE3D08182E8, OS:18.2, name:iPad Air 11-inch (M2) }
{ platform:iOS Simulator, arch:arm64, id:BEA3A330-FF1E-45B1-991C-8DA328228A2E, OS:26.2, name:iPad Air 11-inch (M3) }
{ platform:iOS Simulator, arch:arm64, id:1A74DFC5-B994-4D49-BE1A-EA61B89F47E4, OS:17.4, name:iPad Air 13-inch (M2) }
{ platform:iOS Simulator, arch:x86_64, id:1A74DFC5-B994-4D49-BE1A-EA61B89F47E4, OS:17.4, name:iPad Air 13-inch (M2) }
{ platform:iOS Simulator, arch:arm64, id:E76F11D1-92A1-4411-AF0E-C3EB928080B3, OS:17.5, name:iPad Air 13-inch (M2) }
{ platform:iOS Simulator, arch:x86_64, id:E76F11D1-92A1-4411-AF0E-C3EB928080B3, OS:17.5, name:iPad Air 13-inch (M2) }
{ platform:iOS Simulator, arch:arm64, id:66FAC5CB-A88D-45B1-88D0-33F11D978EB7, OS:18.2, name:iPad Air 13-inch (M2) }
{ platform:iOS Simulator, arch:x86_64, id:66FAC5CB-A88D-45B1-88D0-33F11D978EB7, OS:18.2, name:iPad Air 13-inch (M2) }
{ platform:iOS Simulator, arch:arm64, id:B6FF9423-29DB-4648-AAEF-EDD23D00F21B, OS:26.2, name:iPad Air 13-inch (M3) }
{ platform:iOS Simulator, arch:arm64, id:A9A006B0-7F12-47B0-BA5D-A08C3379BAC9, OS:17.4, name:iPad Pro (11-inch) (4th generation) }
{ platform:iOS Simulator, arch:x86_64, id:A9A006B0-7F12-47B0-BA5D-A08C3379BAC9, OS:17.4, name:iPad Pro (11-inch) (4th generation) }
{ platform:iOS Simulator, arch:arm64, id:BFA66EA1-1A88-46CF-BBB5-C288905F0903, OS:17.4, name:iPad Pro (12.9-inch) (6th generation) }
{ platform:iOS Simulator, arch:x86_64, id:BFA66EA1-1A88-46CF-BBB5-C288905F0903, OS:17.4, name:iPad Pro (12.9-inch) (6th generation) }
{ platform:iOS Simulator, arch:arm64, id:1CFA4EE7-5AD4-45CE-8557-C65B37CFE135, OS:17.4, name:iPad Pro 11-inch (M4) }
{ platform:iOS Simulator, arch:x86_64, id:1CFA4EE7-5AD4-45CE-8557-C65B37CFE135, OS:17.4, name:iPad Pro 11-inch (M4) }
{ platform:iOS Simulator, arch:arm64, id:DBF1A770-9654-4A46-900E-017CBDF3374F, OS:17.5, name:iPad Pro 11-inch (M4) }
{ platform:iOS Simulator, arch:x86_64, id:DBF1A770-9654-4A46-900E-017CBDF3374F, OS:17.5, name:iPad Pro 11-inch (M4) }
{ platform:iOS Simulator, arch:arm64, id:82F2B08F-215F-4FF3-B86C-054BD0D6ACF4, OS:18.2, name:iPad Pro 11-inch (M4) }
{ platform:iOS Simulator, arch:x86_64, id:82F2B08F-215F-4FF3-B86C-054BD0D6ACF4, OS:18.2, name:iPad Pro 11-inch (M4) }
{ platform:iOS Simulator, arch:arm64, id:816FB054-9D48-4A92-8929-9FD0EEAF4590, OS:26.2, name:iPad Pro 11-inch (M5) }
{ platform:iOS Simulator, arch:arm64, id:C25A2999-3C62-4663-A623-1D299DFC85B1, OS:17.4, name:iPad Pro 13-inch (M4) }
{ platform:iOS Simulator, arch:x86_64, id:C25A2999-3C62-4663-A623-1D299DFC85B1, OS:17.4, name:iPad Pro 13-inch (M4) }
{ platform:iOS Simulator, arch:arm64, id:8292A8BB-FAA4-4DDB-9920-32B567A250D4, OS:17.5, name:iPad Pro 13-inch (M4) }
{ platform:iOS Simulator, arch:x86_64, id:8292A8BB-FAA4-4DDB-9920-32B567A250D4, OS:17.5, name:iPad Pro 13-inch (M4) }
{ platform:iOS Simulator, arch:arm64, id:418DA426-44D7-4377-8994-509C6C84AF1F, OS:18.2, name:iPad Pro 13-inch (M4) }
{ platform:iOS Simulator, arch:x86_64, id:418DA426-44D7-4377-8994-509C6C84AF1F, OS:18.2, name:iPad Pro 13-inch (M4) }
{ platform:iOS Simulator, arch:arm64, id:0CBB5FA2-1F0A-432B-9696-44C38B46AD52, OS:26.2, name:iPad Pro 13-inch (M5) }
{ platform:iOS Simulator, arch:arm64, id:6C927B00-885F-48E0-804A-1536E9F735B0, OS:17.4, name:iPad mini (6th generation) }
{ platform:iOS Simulator, arch:x86_64, id:6C927B00-885F-48E0-804A-1536E9F735B0, OS:17.4, name:iPad mini (6th generation) }
{ platform:iOS Simulator, arch:arm64, id:66B0ABA0-8AFD-4770-8F55-E95DCCF666C8, OS:17.5, name:iPad mini (6th generation) }
{ platform:iOS Simulator, arch:x86_64, id:66B0ABA0-8AFD-4770-8F55-E95DCCF666C8, OS:17.5, name:iPad mini (6th generation) }
{ platform:iOS Simulator, arch:arm64, id:BF8A0966-29B6-4CC6-9928-F5D7ED0795BE, OS:18.2, name:iPad mini (A17 Pro) }
{ platform:iOS Simulator, arch:x86_64, id:BF8A0966-29B6-4CC6-9928-F5D7ED0795BE, OS:18.2, name:iPad mini (A17 Pro) }
{ platform:iOS Simulator, arch:arm64, id:FE8E09C3-F6C1-4CA8-B71E-619B6102BAB1, OS:26.2, name:iPad mini (A17 Pro) }
{ platform:iOS Simulator, arch:arm64, id:2A79A001-8861-4744-9EDE-DDF93E5C7DCA, OS:17.4, name:iPhone 15 }
{ platform:iOS Simulator, arch:x86_64, id:2A79A001-8861-4744-9EDE-DDF93E5C7DCA, OS:17.4, name:iPhone 15 }
{ platform:iOS Simulator, arch:arm64, id:992E64AC-72DD-4B0F-A3D4-D22CED28CE16, OS:17.5, name:iPhone 15 }
{ platform:iOS Simulator, arch:x86_64, id:992E64AC-72DD-4B0F-A3D4-D22CED28CE16, OS:17.5, name:iPhone 15 }
{ platform:iOS Simulator, arch:arm64, id:4C3EFA81-3247-4150-9C0A-C2CB330050C5, OS:17.4, name:iPhone 15 Plus }
{ platform:iOS Simulator, arch:x86_64, id:4C3EFA81-3247-4150-9C0A-C2CB330050C5, OS:17.4, name:iPhone 15 Plus }
{ platform:iOS Simulator, arch:arm64, id:C82807A7-2946-4170-813F-8FBB364C0785, OS:17.5, name:iPhone 15 Plus }
{ platform:iOS Simulator, arch:x86_64, id:C82807A7-2946-4170-813F-8FBB364C0785, OS:17.5, name:iPhone 15 Plus }
{ platform:iOS Simulator, arch:arm64, id:C3967D5B-2813-4829-B04D-E2DAC75F8281, OS:17.4, name:iPhone 15 Pro }
{ platform:iOS Simulator, arch:x86_64, id:C3967D5B-2813-4829-B04D-E2DAC75F8281, OS:17.4, name:iPhone 15 Pro }
{ platform:iOS Simulator, arch:arm64, id:F5C8572E-66C0-4E36-9909-FFF73C354474, OS:17.5, name:iPhone 15 Pro }
{ platform:iOS Simulator, arch:x86_64, id:F5C8572E-66C0-4E36-9909-FFF73C354474, OS:17.5, name:iPhone 15 Pro }
{ platform:iOS Simulator, arch:arm64, id:CBFB0BA3-5270-45D5-9B36-AE9481805543, OS:17.4, name:iPhone 15 Pro Max }
{ platform:iOS Simulator, arch:x86_64, id:CBFB0BA3-5270-45D5-9B36-AE9481805543, OS:17.4, name:iPhone 15 Pro Max }
{ platform:iOS Simulator, arch:arm64, id:08C4BAF3-3DBA-40E1-8A9A-DEAE8630F585, OS:17.5, name:iPhone 15 Pro Max }
{ platform:iOS Simulator, arch:x86_64, id:08C4BAF3-3DBA-40E1-8A9A-DEAE8630F585, OS:17.5, name:iPhone 15 Pro Max }
{ platform:iOS Simulator, arch:arm64, id:946C7E67-DFE8-4177-BE5C-0E0FF837DCD5, OS:18.2, name:iPhone 16 }
{ platform:iOS Simulator, arch:x86_64, id:946C7E67-DFE8-4177-BE5C-0E0FF837DCD5, OS:18.2, name:iPhone 16 }
{ platform:iOS Simulator, arch:arm64, id:5DC4FF5D-E947-484C-848F-56C75AC0855D, OS:18.2, name:iPhone 16 Plus }
{ platform:iOS Simulator, arch:x86_64, id:5DC4FF5D-E947-484C-848F-56C75AC0855D, OS:18.2, name:iPhone 16 Plus }
{ platform:iOS Simulator, arch:arm64, id:40AAD79F-5BFD-4359-A2E2-9241E20C7728, OS:18.2, name:iPhone 16 Pro }
{ platform:iOS Simulator, arch:x86_64, id:40AAD79F-5BFD-4359-A2E2-9241E20C7728, OS:18.2, name:iPhone 16 Pro }
{ platform:iOS Simulator, arch:arm64, id:2D4EA74A-64D6-495A-8F75-BEC8CA60FE02, OS:18.2, name:iPhone 16 Pro Max }
{ platform:iOS Simulator, arch:x86_64, id:2D4EA74A-64D6-495A-8F75-BEC8CA60FE02, OS:18.2, name:iPhone 16 Pro Max }
{ platform:iOS Simulator, arch:arm64, id:DB2DA94F-EAE1-4779-81E3-A3BCDC7C1B79, OS:26.2, name:iPhone 16e }
{ platform:iOS Simulator, arch:arm64, id:2E4972C8-4E39-4FE8-91FD-E0CD616F1EEF, OS:26.2, name:iPhone 17 }
{ platform:iOS Simulator, arch:arm64, id:993E66B9-9AA2-4231-8768-C3EE8E2199B3, OS:26.2, name:iPhone 17 Pro }
{ platform:iOS Simulator, arch:arm64, id:A9AA7F4A-1B4E-4231-A048-DC0F7D2266A4, OS:26.2, name:iPhone 17 Pro Max }
{ platform:iOS Simulator, arch:arm64, id:32F45492-9825-430A-87EF-D15051A701C0, OS:26.2, name:iPhone Air }
{ platform:iOS Simulator, arch:arm64, id:E37531E8-B0EA-469C-9A92-5A533FE05BC4, OS:17.4, name:iPhone SE (3rd generation) }
{ platform:iOS Simulator, arch:x86_64, id:E37531E8-B0EA-469C-9A92-5A533FE05BC4, OS:17.4, name:iPhone SE (3rd generation) }
{ platform:iOS Simulator, arch:arm64, id:627FA4A9-16A7-414F-B9B9-F33CEDD40074, OS:17.5, name:iPhone SE (3rd generation) }
{ platform:iOS Simulator, arch:x86_64, id:627FA4A9-16A7-414F-B9B9-F33CEDD40074, OS:17.5, name:iPhone SE (3rd generation) }
{ platform:iOS Simulator, arch:arm64, id:9EC28335-6F86-4963-B789-FE5E422CE337, OS:18.2, name:iPhone SE (3rd generation) }
{ platform:iOS Simulator, arch:x86_64, id:9EC28335-6F86-4963-B789-FE5E422CE337, OS:18.2, name:iPhone SE (3rd generation) }
ComputePackagePrebuildTargetDependencyGraph

Prepare packages

CreateBuildRequest

SendProjectDescription

CreateBuildOperation

ComputeTargetDependencyGraph
note: Building targets in dependency order
note: Target dependency graph (61 targets)
    Target 'HearifyV1' in project 'HearifyV1'
        ➜ Explicit dependency on target 'FirebaseCore' in project 'Firebase'
        ➜ Explicit dependency on target 'FirebaseStorage' in project 'Firebase'
        ➜ Explicit dependency on target 'FirebaseAuth' in project 'Firebase'
        ➜ Explicit dependency on target 'FirebaseFirestore' in project 'Firebase'
    Target 'FirebaseFirestore' in project 'Firebase'
        ➜ Explicit dependency on target 'FirebaseFirestoreTarget' in project 'Firebase'
        ➜ Explicit dependency on target 'FirebaseFirestoreInternalWrapper' in project 'Firebase'
        ➜ Explicit dependency on target 'FirebaseAppCheckInterop' in project 'Firebase'
        ➜ Explicit dependency on target 'Firebase' in project 'Firebase'
        ➜ Explicit dependency on target 'FirebaseCoreInternal' in project 'Firebase'
        ➜ Explicit dependency on target 'FirebaseCore' in project 'Firebase'
        ➜ Explicit dependency on target 'FirebaseCoreExtension' in project 'Firebase'
        ➜ Explicit dependency on target 'FirebaseSharedSwift' in project 'Firebase'
        ➜ Explicit dependency on target 'FirebaseFirestore' in project 'Firebase'
        ➜ Explicit dependency on target 'GULNSData' in project 'GoogleUtilities'
        ➜ Explicit dependency on target 'GULEnvironment' in project 'GoogleUtilities'
        ➜ Explicit dependency on target 'GULLogger' in project 'GoogleUtilities'
        ➜ Explicit dependency on target 'abseil' in project 'abseil'
        ➜ Explicit dependency on target 'gRPC-C++' in project 'gRPC'
        ➜ Explicit dependency on target 'nanopb' in project 'nanopb'
        ➜ Explicit dependency on target 'leveldb' in project 'leveldb'
    Target 'FirebaseFirestoreTarget' in project 'Firebase'
        ➜ Explicit dependency on target 'FirebaseFirestoreInternalWrapper' in project 'Firebase'
        ➜ Explicit dependency on target 'FirebaseAppCheckInterop' in project 'Firebase'
        ➜ Explicit dependency on target 'Firebase' in project 'Firebase'
        ➜ Explicit dependency on target 'FirebaseCoreInternal' in project 'Firebase'
        ➜ Explicit dependency on target 'FirebaseCore' in project 'Firebase'
        ➜ Explicit dependency on target 'FirebaseCoreExtension' in project 'Firebase'
        ➜ Explicit dependency on target 'FirebaseSharedSwift' in project 'Firebase'
        ➜ Explicit dependency on target 'FirebaseFirestore' in project 'Firebase'
        ➜ Explicit dependency on target 'GULNSData' in project 'GoogleUtilities'
        ➜ Explicit dependency on target 'GULEnvironment' in project 'GoogleUtilities'
        ➜ Explicit dependency on target 'GULLogger' in project 'GoogleUtilities'
        ➜ Explicit dependency on target 'abseil' in project 'abseil'
        ➜ Explicit dependency on target 'gRPC-C++' in project 'gRPC'
        ➜ Explicit dependency on target 'nanopb' in project 'nanopb'
        ➜ Explicit dependency on target 'leveldb' in project 'leveldb'
    Target 'FirebaseFirestore' in project 'Firebase'
        ➜ Explicit dependency on target 'Firebase_FirebaseFirestore' in project 'Firebase'
        ➜ Explicit dependency on target 'FirebaseFirestoreInternalWrapper' in project 'Firebase'
        ➜ Explicit dependency on target 'FirebaseAppCheckInterop' in project 'Firebase'
        ➜ Explicit dependency on target 'Firebase' in project 'Firebase'
        ➜ Explicit dependency on target 'FirebaseCoreInternal' in project 'Firebase'
        ➜ Explicit dependency on target 'FirebaseCore' in project 'Firebase'
        ➜ Explicit dependency on target 'FirebaseCoreExtension' in project 'Firebase'
        ➜ Explicit dependency on target 'FirebaseSharedSwift' in project 'Firebase'
        ➜ Explicit dependency on target 'GULNSData' in project 'GoogleUtilities'
        ➜ Explicit dependency on target 'GULEnvironment' in project 'GoogleUtilities'
        ➜ Explicit dependency on target 'GULLogger' in project 'GoogleUtilities'
        ➜ Explicit dependency on target 'abseil' in project 'abseil'
        ➜ Explicit dependency on target 'gRPC-C++' in project 'gRPC'
        ➜ Explicit dependency on target 'nanopb' in project 'nanopb'
        ➜ Explicit dependency on target 'leveldb' in project 'leveldb'
    Target 'leveldb' in project 'leveldb'
        ➜ Explicit dependency on target 'leveldb' in project 'leveldb'
        ➜ Explicit dependency on target 'leveldb_leveldb' in project 'leveldb'
    Target 'leveldb' in project 'leveldb'
        ➜ Explicit dependency on target 'leveldb_leveldb' in project 'leveldb'
    Target 'leveldb_leveldb' in project 'leveldb' (no dependencies)
    Target 'nanopb' in project 'nanopb'
        ➜ Explicit dependency on target 'nanopb' in project 'nanopb'
        ➜ Explicit dependency on target 'nanopb_nanopb' in project 'nanopb'
    Target 'nanopb' in project 'nanopb'
        ➜ Explicit dependency on target 'nanopb_nanopb' in project 'nanopb'
    Target 'nanopb_nanopb' in project 'nanopb' (no dependencies)
    Target 'gRPC-C++' in project 'gRPC'
        ➜ Explicit dependency on target 'grpcppWrapper' in project 'gRPC'
        ➜ Explicit dependency on target 'gRPC_grpcppWrapper' in project 'gRPC'
        ➜ Explicit dependency on target 'grpcWrapper' in project 'gRPC'
        ➜ Explicit dependency on target 'opensslWrapper' in project 'gRPC'
        ➜ Explicit dependency on target 'abseil' in project 'abseil'
    Target 'grpcppWrapper' in project 'gRPC'
        ➜ Explicit dependency on target 'gRPC_grpcppWrapper' in project 'gRPC'
        ➜ Explicit dependency on target 'grpcWrapper' in project 'gRPC'
        ➜ Explicit dependency on target 'opensslWrapper' in project 'gRPC'
        ➜ Explicit dependency on target 'abseil' in project 'abseil'
    Target 'opensslWrapper' in project 'gRPC'
        ➜ Explicit dependency on target 'gRPC_opensslWrapper' in project 'gRPC'
    Target 'gRPC_opensslWrapper' in project 'gRPC' (no dependencies)
    Target 'grpcWrapper' in project 'gRPC'
        ➜ Explicit dependency on target 'gRPC_grpcWrapper' in project 'gRPC'
    Target 'gRPC_grpcWrapper' in project 'gRPC' (no dependencies)
    Target 'gRPC_grpcppWrapper' in project 'gRPC' (no dependencies)
    Target 'abseil' in project 'abseil'
        ➜ Explicit dependency on target 'abslWrapper' in project 'abseil'
        ➜ Explicit dependency on target 'abseil_abslWrapper' in project 'abseil'
    Target 'abslWrapper' in project 'abseil'
        ➜ Explicit dependency on target 'abseil_abslWrapper' in project 'abseil'
    Target 'abseil_abslWrapper' in project 'abseil' (no dependencies)
    Target 'Firebase_FirebaseFirestore' in project 'Firebase' (no dependencies)
    Target 'FirebaseSharedSwift' in project 'Firebase' (no dependencies)
    Target 'FirebaseFirestoreInternalWrapper' in project 'Firebase' (no dependencies)
    Target 'FirebaseAuth' in project 'Firebase'
        ➜ Explicit dependency on target 'FirebaseAuth' in project 'Firebase'
        ➜ Explicit dependency on target 'Firebase_FirebaseAuth' in project 'Firebase'
        ➜ Explicit dependency on target 'FirebaseAppCheckInterop' in project 'Firebase'
        ➜ Explicit dependency on target 'FirebaseAuthInterop' in project 'Firebase'
        ➜ Explicit dependency on target 'FirebaseAuthInternal' in project 'Firebase'
        ➜ Explicit dependency on target 'Firebase' in project 'Firebase'
        ➜ Explicit dependency on target 'FirebaseCoreInternal' in project 'Firebase'
        ➜ Explicit dependency on target 'FirebaseCore' in project 'Firebase'
        ➜ Explicit dependency on target 'FirebaseCoreExtension' in project 'Firebase'
        ➜ Explicit dependency on target 'RecaptchaInterop' in project 'InteropForGoogle'
        ➜ Explicit dependency on target 'GULNSData' in project 'GoogleUtilities'
        ➜ Explicit dependency on target 'GULEnvironment' in project 'GoogleUtilities'
        ➜ Explicit dependency on target 'GULLogger' in project 'GoogleUtilities'
        ➜ Explicit dependency on target 'GULAppDelegateSwizzler' in project 'GoogleUtilities'
        ➜ Explicit dependency on target 'GTMSessionFetcherCore' in project 'GTMSessionFetcher'
    Target 'FirebaseAuth' in project 'Firebase'
        ➜ Explicit dependency on target 'Firebase_FirebaseAuth' in project 'Firebase'
        ➜ Explicit dependency on target 'FirebaseAppCheckInterop' in project 'Firebase'
        ➜ Explicit dependency on target 'FirebaseAuthInterop' in project 'Firebase'
        ➜ Explicit dependency on target 'FirebaseAuthInternal' in project 'Firebase'
        ➜ Explicit dependency on target 'Firebase' in project 'Firebase'
        ➜ Explicit dependency on target 'FirebaseCoreInternal' in project 'Firebase'
        ➜ Explicit dependency on target 'FirebaseCore' in project 'Firebase'
        ➜ Explicit dependency on target 'FirebaseCoreExtension' in project 'Firebase'
        ➜ Explicit dependency on target 'RecaptchaInterop' in project 'InteropForGoogle'
        ➜ Explicit dependency on target 'GULNSData' in project 'GoogleUtilities'
        ➜ Explicit dependency on target 'GULEnvironment' in project 'GoogleUtilities'
        ➜ Explicit dependency on target 'GULLogger' in project 'GoogleUtilities'
        ➜ Explicit dependency on target 'GULAppDelegateSwizzler' in project 'GoogleUtilities'
        ➜ Explicit dependency on target 'GTMSessionFetcherCore' in project 'GTMSessionFetcher'
    Target 'GULAppDelegateSwizzler' in project 'GoogleUtilities'
        ➜ Explicit dependency on target 'GoogleUtilities-AppDelegateSwizzler' in project 'GoogleUtilities'
        ➜ Explicit dependency on target 'GoogleUtilities_GoogleUtilities-AppDelegateSwizzler' in project 'GoogleUtilities'
        ➜ Explicit dependency on target 'third-party-IsAppEncrypted' in project 'GoogleUtilities'
        ➜ Explicit dependency on target 'GoogleUtilities-Environment' in project 'GoogleUtilities'
        ➜ Explicit dependency on target 'GoogleUtilities-Logger' in project 'GoogleUtilities'
        ➜ Explicit dependency on target 'GoogleUtilities-NSData' in project 'GoogleUtilities'
        ➜ Explicit dependency on target 'GoogleUtilities-Reachability' in project 'GoogleUtilities'
        ➜ Explicit dependency on target 'GoogleUtilities-Network' in project 'GoogleUtilities'
    Target 'GoogleUtilities-AppDelegateSwizzler' in project 'GoogleUtilities'
        ➜ Explicit dependency on target 'GoogleUtilities_GoogleUtilities-AppDelegateSwizzler' in project 'GoogleUtilities'
        ➜ Explicit dependency on target 'third-party-IsAppEncrypted' in project 'GoogleUtilities'
        ➜ Explicit dependency on target 'GoogleUtilities-Environment' in project 'GoogleUtilities'
        ➜ Explicit dependency on target 'GoogleUtilities-Logger' in project 'GoogleUtilities'
        ➜ Explicit dependency on target 'GoogleUtilities-NSData' in project 'GoogleUtilities'
        ➜ Explicit dependency on target 'GoogleUtilities-Reachability' in project 'GoogleUtilities'
        ➜ Explicit dependency on target 'GoogleUtilities-Network' in project 'GoogleUtilities'
    Target 'GoogleUtilities-Network' in project 'GoogleUtilities'
        ➜ Explicit dependency on target 'GoogleUtilities_GoogleUtilities-Network' in project 'GoogleUtilities'
        ➜ Explicit dependency on target 'third-party-IsAppEncrypted' in project 'GoogleUtilities'
        ➜ Explicit dependency on target 'GoogleUtilities-Environment' in project 'GoogleUtilities'
        ➜ Explicit dependency on target 'GoogleUtilities-Logger' in project 'GoogleUtilities'
        ➜ Explicit dependency on target 'GoogleUtilities-NSData' in project 'GoogleUtilities'
        ➜ Explicit dependency on target 'GoogleUtilities-Reachability' in project 'GoogleUtilities'
    Target 'GoogleUtilities_GoogleUtilities-Network' in project 'GoogleUtilities' (no dependencies)
    Target 'GoogleUtilities-Reachability' in project 'GoogleUtilities'
        ➜ Explicit dependency on target 'GoogleUtilities_GoogleUtilities-Reachability' in project 'GoogleUtilities'
        ➜ Explicit dependency on target 'third-party-IsAppEncrypted' in project 'GoogleUtilities'
        ➜ Explicit dependency on target 'GoogleUtilities-Environment' in project 'GoogleUtilities'
        ➜ Explicit dependency on target 'GoogleUtilities-Logger' in project 'GoogleUtilities'
    Target 'GoogleUtilities_GoogleUtilities-Reachability' in project 'GoogleUtilities' (no dependencies)
    Target 'GoogleUtilities_GoogleUtilities-AppDelegateSwizzler' in project 'GoogleUtilities' (no dependencies)
    Target 'FirebaseAuthInternal' in project 'Firebase'
        ➜ Explicit dependency on target 'RecaptchaInterop' in project 'InteropForGoogle'
    Target 'RecaptchaInterop' in project 'InteropForGoogle'
        ➜ Explicit dependency on target 'RecaptchaInterop' in project 'InteropForGoogle'
    Target 'RecaptchaInterop' in project 'InteropForGoogle' (no dependencies)
    Target 'Firebase_FirebaseAuth' in project 'Firebase' (no dependencies)
    Target 'FirebaseStorage' in project 'Firebase'
        ➜ Explicit dependency on target 'FirebaseStorage' in project 'Firebase'
        ➜ Explicit dependency on target 'FirebaseAppCheckInterop' in project 'Firebase'
        ➜ Explicit dependency on target 'FirebaseAuthInterop' in project 'Firebase'
        ➜ Explicit dependency on target 'Firebase' in project 'Firebase'
        ➜ Explicit dependency on target 'FirebaseCoreInternal' in project 'Firebase'
        ➜ Explicit dependency on target 'FirebaseCore' in project 'Firebase'
        ➜ Explicit dependency on target 'FirebaseCoreExtension' in project 'Firebase'
        ➜ Explicit dependency on target 'GULNSData' in project 'GoogleUtilities'
        ➜ Explicit dependency on target 'GULEnvironment' in project 'GoogleUtilities'
        ➜ Explicit dependency on target 'GULLogger' in project 'GoogleUtilities'
        ➜ Explicit dependency on target 'GTMSessionFetcherCore' in project 'GTMSessionFetcher'
    Target 'FirebaseStorage' in project 'Firebase'
        ➜ Explicit dependency on target 'FirebaseAppCheckInterop' in project 'Firebase'
        ➜ Explicit dependency on target 'FirebaseAuthInterop' in project 'Firebase'
        ➜ Explicit dependency on target 'Firebase' in project 'Firebase'
        ➜ Explicit dependency on target 'FirebaseCoreInternal' in project 'Firebase'
        ➜ Explicit dependency on target 'FirebaseCore' in project 'Firebase'
        ➜ Explicit dependency on target 'FirebaseCoreExtension' in project 'Firebase'
        ➜ Explicit dependency on target 'GULNSData' in project 'GoogleUtilities'
        ➜ Explicit dependency on target 'GULEnvironment' in project 'GoogleUtilities'
        ➜ Explicit dependency on target 'GULLogger' in project 'GoogleUtilities'
        ➜ Explicit dependency on target 'GTMSessionFetcherCore' in project 'GTMSessionFetcher'
    Target 'GTMSessionFetcherCore' in project 'GTMSessionFetcher'
        ➜ Explicit dependency on target 'GTMSessionFetcherCore' in project 'GTMSessionFetcher'
        ➜ Explicit dependency on target 'GTMSessionFetcher_GTMSessionFetcherCore' in project 'GTMSessionFetcher'
    Target 'GTMSessionFetcherCore' in project 'GTMSessionFetcher'
        ➜ Explicit dependency on target 'GTMSessionFetcher_GTMSessionFetcherCore' in project 'GTMSessionFetcher'
    Target 'GTMSessionFetcher_GTMSessionFetcherCore' in project 'GTMSessionFetcher' (no dependencies)
    Target 'FirebaseCoreExtension' in project 'Firebase'
        ➜ Explicit dependency on target 'Firebase_FirebaseCoreExtension' in project 'Firebase'
    Target 'Firebase_FirebaseCoreExtension' in project 'Firebase' (no dependencies)
    Target 'FirebaseAuthInterop' in project 'Firebase' (no dependencies)
    Target 'FirebaseAppCheckInterop' in project 'Firebase' (no dependencies)
    Target 'FirebaseCore' in project 'Firebase'
        ➜ Explicit dependency on target 'FirebaseCore' in project 'Firebase'
        ➜ Explicit dependency on target 'Firebase_FirebaseCore' in project 'Firebase'
        ➜ Explicit dependency on target 'Firebase' in project 'Firebase'
        ➜ Explicit dependency on target 'FirebaseCoreInternal' in project 'Firebase'
        ➜ Explicit dependency on target 'GULNSData' in project 'GoogleUtilities'
        ➜ Explicit dependency on target 'GULEnvironment' in project 'GoogleUtilities'
        ➜ Explicit dependency on target 'GULLogger' in project 'GoogleUtilities'
    Target 'FirebaseCore' in project 'Firebase'
        ➜ Explicit dependency on target 'Firebase_FirebaseCore' in project 'Firebase'
        ➜ Explicit dependency on target 'Firebase' in project 'Firebase'
        ➜ Explicit dependency on target 'FirebaseCoreInternal' in project 'Firebase'
        ➜ Explicit dependency on target 'GULNSData' in project 'GoogleUtilities'
        ➜ Explicit dependency on target 'GULEnvironment' in project 'GoogleUtilities'
        ➜ Explicit dependency on target 'GULLogger' in project 'GoogleUtilities'
    Target 'GULLogger' in project 'GoogleUtilities'
        ➜ Explicit dependency on target 'GoogleUtilities-Logger' in project 'GoogleUtilities'
        ➜ Explicit dependency on target 'GoogleUtilities_GoogleUtilities-Logger' in project 'GoogleUtilities'
        ➜ Explicit dependency on target 'third-party-IsAppEncrypted' in project 'GoogleUtilities'
        ➜ Explicit dependency on target 'GoogleUtilities-Environment' in project 'GoogleUtilities'
    Target 'GoogleUtilities-Logger' in project 'GoogleUtilities'
        ➜ Explicit dependency on target 'GoogleUtilities_GoogleUtilities-Logger' in project 'GoogleUtilities'
        ➜ Explicit dependency on target 'third-party-IsAppEncrypted' in project 'GoogleUtilities'
        ➜ Explicit dependency on target 'GoogleUtilities-Environment' in project 'GoogleUtilities'
    Target 'GoogleUtilities_GoogleUtilities-Logger' in project 'GoogleUtilities' (no dependencies)
    Target 'GULEnvironment' in project 'GoogleUtilities'
        ➜ Explicit dependency on target 'GoogleUtilities-Environment' in project 'GoogleUtilities'
        ➜ Explicit dependency on target 'GoogleUtilities_GoogleUtilities-Environment' in project 'GoogleUtilities'
        ➜ Explicit dependency on target 'third-party-IsAppEncrypted' in project 'GoogleUtilities'
    Target 'GoogleUtilities-Environment' in project 'GoogleUtilities'
        ➜ Explicit dependency on target 'GoogleUtilities_GoogleUtilities-Environment' in project 'GoogleUtilities'
        ➜ Explicit dependency on target 'third-party-IsAppEncrypted' in project 'GoogleUtilities'
    Target 'third-party-IsAppEncrypted' in project 'GoogleUtilities' (no dependencies)
    Target 'GoogleUtilities_GoogleUtilities-Environment' in project 'GoogleUtilities' (no dependencies)
    Target 'FirebaseCoreInternal' in project 'Firebase'
        ➜ Explicit dependency on target 'Firebase_FirebaseCoreInternal' in project 'Firebase'
        ➜ Explicit dependency on target 'GULNSData' in project 'GoogleUtilities'
    Target 'GULNSData' in project 'GoogleUtilities'
        ➜ Explicit dependency on target 'GoogleUtilities-NSData' in project 'GoogleUtilities'
        ➜ Explicit dependency on target 'GoogleUtilities_GoogleUtilities-NSData' in project 'GoogleUtilities'
    Target 'GoogleUtilities-NSData' in project 'GoogleUtilities'
        ➜ Explicit dependency on target 'GoogleUtilities_GoogleUtilities-NSData' in project 'GoogleUtilities'
    Target 'GoogleUtilities_GoogleUtilities-NSData' in project 'GoogleUtilities' (no dependencies)
    Target 'Firebase_FirebaseCoreInternal' in project 'Firebase' (no dependencies)
    Target 'Firebase' in project 'Firebase' (no dependencies)
    Target 'Firebase_FirebaseCore' in project 'Firebase' (no dependencies)

GatherProvisioningInputs

CreateBuildDescription

ExecuteExternalTool /Applications/Xcode.app/Contents/Developer/Toolchains/XcodeDefault.xctoolchain/usr/bin/clang -v -E -dM -arch arm64 -isysroot /Applications/Xcode.app/Contents/Developer/Platforms/iPhoneOS.platform/Developer/SDKs/iPhoneOS26.2.sdk -x objective-c -c /dev/null

ExecuteExternalTool /Applications/Xcode.app/Contents/Developer/Toolchains/XcodeDefault.xctoolchain/usr/bin/swiftc --version

ExecuteExternalTool /Applications/Xcode.app/Contents/Developer/Toolchains/XcodeDefault.xctoolchain/usr/bin/clang -v -E -dM -isysroot /Applications/Xcode.app/Contents/Developer/Platforms/iPhoneOS.platform/Developer/SDKs/iPhoneOS26.2.sdk -x c -c /dev/null

ExecuteExternalTool /Applications/Xcode.app/Contents/Developer/usr/bin/actool --print-asset-tag-combinations --output-format xml1 /Users/Veer/Library/Mobile Documents/com~apple~CloudDocs/HearifyV1/HearifyV1/Preview Content/Preview Assets.xcassets /Users/Veer/Library/Mobile Documents/com~apple~CloudDocs/HearifyV1/HearifyV1/Assets.xcassets

ExecuteExternalTool /Applications/Xcode.app/Contents/Developer/Toolchains/XcodeDefault.xctoolchain/usr/bin/clang -v -E -dM -arch arm64 -isysroot /Applications/Xcode.app/Contents/Developer/Platforms/iPhoneOS.platform/Developer/SDKs/iPhoneOS26.2.sdk -x c -c /dev/null

ExecuteExternalTool /Applications/Xcode.app/Contents/Developer/Toolchains/XcodeDefault.xctoolchain/usr/bin/ld -version_details

ExecuteExternalTool /Applications/Xcode.app/Contents/Developer/Toolchains/XcodeDefault.xctoolchain/usr/bin/clang -v -E -dM -arch arm64 -isysroot /Applications/Xcode.app/Contents/Developer/Platforms/iPhoneOS.platform/Developer/SDKs/iPhoneOS26.2.sdk -x c++ -c /dev/null

ExecuteExternalTool /Applications/Xcode.app/Contents/Developer/usr/bin/ibtool --version --output-format xml1

ExecuteExternalTool /Applications/Xcode.app/Contents/Developer/usr/bin/actool --version --output-format xml1

Build description signature: 46bf9a890277d217f92187b1e3bdf071
Build description path: /Users/Veer/Library/Developer/Xcode/DerivedData/HearifyV1-ftljoypfezvlxcgouzbpmsmxzads/Build/Intermediates.noindex/XCBuildData/46bf9a890277d217f92187b1e3bdf071.xcbuilddata
ClangStatCache /Applications/Xcode.app/Contents/Developer/Toolchains/XcodeDefault.xctoolchain/usr/bin/clang-stat-cache /Applications/Xcode.app/Contents/Developer/Platforms/iPhoneOS.platform/Developer/SDKs/iPhoneOS26.2.sdk /Users/Veer/Library/Developer/Xcode/DerivedData/SDKStatCaches.noindex/iphoneos26.2-23C53-3794476bd08197c3e2abd9bb477ef7f7.sdkstatcache
    cd /Users/Veer/Library/Mobile\ Documents/com\~apple\~CloudDocs/HearifyV1/HearifyV1.xcodeproj
    /Applications/Xcode.app/Contents/Developer/Toolchains/XcodeDefault.xctoolchain/usr/bin/clang-stat-cache /Applications/Xcode.app/Contents/Developer/Platforms/iPhoneOS.platform/Developer/SDKs/iPhoneOS26.2.sdk -o /Users/Veer/Library/Developer/Xcode/DerivedData/SDKStatCaches.noindex/iphoneos26.2-23C53-3794476bd08197c3e2abd9bb477ef7f7.sdkstatcache

ProcessInfoPlistFile /Users/Veer/Library/Developer/Xcode/DerivedData/HearifyV1-ftljoypfezvlxcgouzbpmsmxzads/Build/Products/Debug-iphoneos/abseil_abslWrapper.bundle/Info.plist /Users/Veer/Library/Developer/Xcode/DerivedData/HearifyV1-ftljoypfezvlxcgouzbpmsmxzads/Build/Intermediates.noindex/abseil.build/Debug-iphoneos/abseil_abslWrapper.build/empty-abseil_abslWrapper.plist (in target 'abseil_abslWrapper' from project 'abseil')
    cd /Users/Veer/Library/Developer/Xcode/DerivedData/HearifyV1-ftljoypfezvlxcgouzbpmsmxzads/SourcePackages/checkouts/abseil-cpp-binary
    builtin-infoPlistUtility /Users/Veer/Library/Developer/Xcode/DerivedData/HearifyV1-ftljoypfezvlxcgouzbpmsmxzads/Build/Intermediates.noindex/abseil.build/Debug-iphoneos/abseil_abslWrapper.build/empty-abseil_abslWrapper.plist -producttype com.apple.product-type.bundle -expandbuildsettings -format binary -platform iphoneos -requiredArchitecture arm64 -o /Users/Veer/Library/Developer/Xcode/DerivedData/HearifyV1-ftljoypfezvlxcgouzbpmsmxzads/Build/Products/Debug-iphoneos/abseil_abslWrapper.bundle/Info.plist

ProcessInfoPlistFile /Users/Veer/Library/Developer/Xcode/DerivedData/HearifyV1-ftljoypfezvlxcgouzbpmsmxzads/Build/Products/Debug-iphoneos/nanopb_nanopb.bundle/Info.plist /Users/Veer/Library/Developer/Xcode/DerivedData/HearifyV1-ftljoypfezvlxcgouzbpmsmxzads/Build/Intermediates.noindex/nanopb.build/Debug-iphoneos/nanopb_nanopb.build/empty-nanopb_nanopb.plist (in target 'nanopb_nanopb' from project 'nanopb')
    cd /Users/Veer/Library/Developer/Xcode/DerivedData/HearifyV1-ftljoypfezvlxcgouzbpmsmxzads/SourcePackages/checkouts/nanopb
    builtin-infoPlistUtility /Users/Veer/Library/Developer/Xcode/DerivedData/HearifyV1-ftljoypfezvlxcgouzbpmsmxzads/Build/Intermediates.noindex/nanopb.build/Debug-iphoneos/nanopb_nanopb.build/empty-nanopb_nanopb.plist -producttype com.apple.product-type.bundle -expandbuildsettings -format binary -platform iphoneos -requiredArchitecture arm64 -o /Users/Veer/Library/Developer/Xcode/DerivedData/HearifyV1-ftljoypfezvlxcgouzbpmsmxzads/Build/Products/Debug-iphoneos/nanopb_nanopb.bundle/Info.plist

ProcessInfoPlistFile /Users/Veer/Library/Developer/Xcode/DerivedData/HearifyV1-ftljoypfezvlxcgouzbpmsmxzads/Build/Products/Debug-iphoneos/GoogleUtilities_GoogleUtilities-NSData.bundle/Info.plist /Users/Veer/Library/Developer/Xcode/DerivedData/HearifyV1-ftljoypfezvlxcgouzbpmsmxzads/Build/Intermediates.noindex/GoogleUtilities.build/Debug-iphoneos/GoogleUtilities_GoogleUtilities-NSData.build/empty-GoogleUtilities_GoogleUtilities-NSData.plist (in target 'GoogleUtilities_GoogleUtilities-NSData' from project 'GoogleUtilities')
    cd /Users/Veer/Library/Developer/Xcode/DerivedData/HearifyV1-ftljoypfezvlxcgouzbpmsmxzads/SourcePackages/checkouts/GoogleUtilities
    builtin-infoPlistUtility /Users/Veer/Library/Developer/Xcode/DerivedData/HearifyV1-ftljoypfezvlxcgouzbpmsmxzads/Build/Intermediates.noindex/GoogleUtilities.build/Debug-iphoneos/GoogleUtilities_GoogleUtilities-NSData.build/empty-GoogleUtilities_GoogleUtilities-NSData.plist -producttype com.apple.product-type.bundle -expandbuildsettings -format binary -platform iphoneos -requiredArchitecture arm64 -o /Users/Veer/Library/Developer/Xcode/DerivedData/HearifyV1-ftljoypfezvlxcgouzbpmsmxzads/Build/Products/Debug-iphoneos/GoogleUtilities_GoogleUtilities-NSData.bundle/Info.plist

ProcessInfoPlistFile /Users/Veer/Library/Developer/Xcode/DerivedData/HearifyV1-ftljoypfezvlxcgouzbpmsmxzads/Build/Products/Debug-iphoneos/gRPC_grpcppWrapper.bundle/Info.plist /Users/Veer/Library/Developer/Xcode/DerivedData/HearifyV1-ftljoypfezvlxcgouzbpmsmxzads/Build/Intermediates.noindex/gRPC.build/Debug-iphoneos/gRPC_grpcppWrapper.build/empty-gRPC_grpcppWrapper.plist (in target 'gRPC_grpcppWrapper' from project 'gRPC')
    cd /Users/Veer/Library/Developer/Xcode/DerivedData/HearifyV1-ftljoypfezvlxcgouzbpmsmxzads/SourcePackages/checkouts/grpc-binary
    builtin-infoPlistUtility /Users/Veer/Library/Developer/Xcode/DerivedData/HearifyV1-ftljoypfezvlxcgouzbpmsmxzads/Build/Intermediates.noindex/gRPC.build/Debug-iphoneos/gRPC_grpcppWrapper.build/empty-gRPC_grpcppWrapper.plist -producttype com.apple.product-type.bundle -expandbuildsettings -format binary -platform iphoneos -requiredArchitecture arm64 -o /Users/Veer/Library/Developer/Xcode/DerivedData/HearifyV1-ftljoypfezvlxcgouzbpmsmxzads/Build/Products/Debug-iphoneos/gRPC_grpcppWrapper.bundle/Info.plist

ProcessInfoPlistFile /Users/Veer/Library/Developer/Xcode/DerivedData/HearifyV1-ftljoypfezvlxcgouzbpmsmxzads/Build/Products/Debug-iphoneos/leveldb_leveldb.bundle/Info.plist /Users/Veer/Library/Developer/Xcode/DerivedData/HearifyV1-ftljoypfezvlxcgouzbpmsmxzads/Build/Intermediates.noindex/leveldb.build/Debug-iphoneos/leveldb_leveldb.build/empty-leveldb_leveldb.plist (in target 'leveldb_leveldb' from project 'leveldb')
    cd /Users/Veer/Library/Developer/Xcode/DerivedData/HearifyV1-ftljoypfezvlxcgouzbpmsmxzads/SourcePackages/checkouts/leveldb
    builtin-infoPlistUtility /Users/Veer/Library/Developer/Xcode/DerivedData/HearifyV1-ftljoypfezvlxcgouzbpmsmxzads/Build/Intermediates.noindex/leveldb.build/Debug-iphoneos/leveldb_leveldb.build/empty-leveldb_leveldb.plist -producttype com.apple.product-type.bundle -expandbuildsettings -format binary -platform iphoneos -requiredArchitecture arm64 -o /Users/Veer/Library/Developer/Xcode/DerivedData/HearifyV1-ftljoypfezvlxcgouzbpmsmxzads/Build/Products/Debug-iphoneos/leveldb_leveldb.bundle/Info.plist

ProcessInfoPlistFile /Users/Veer/Library/Developer/Xcode/DerivedData/HearifyV1-ftljoypfezvlxcgouzbpmsmxzads/Build/Products/Debug-iphoneos/gRPC_opensslWrapper.bundle/Info.plist /Users/Veer/Library/Developer/Xcode/DerivedData/HearifyV1-ftljoypfezvlxcgouzbpmsmxzads/Build/Intermediates.noindex/gRPC.build/Debug-iphoneos/gRPC_opensslWrapper.build/empty-gRPC_opensslWrapper.plist (in target 'gRPC_opensslWrapper' from project 'gRPC')
    cd /Users/Veer/Library/Developer/Xcode/DerivedData/HearifyV1-ftljoypfezvlxcgouzbpmsmxzads/SourcePackages/checkouts/grpc-binary
    builtin-infoPlistUtility /Users/Veer/Library/Developer/Xcode/DerivedData/HearifyV1-ftljoypfezvlxcgouzbpmsmxzads/Build/Intermediates.noindex/gRPC.build/Debug-iphoneos/gRPC_opensslWrapper.build/empty-gRPC_opensslWrapper.plist -producttype com.apple.product-type.bundle -expandbuildsettings -format binary -platform iphoneos -requiredArchitecture arm64 -o /Users/Veer/Library/Developer/Xcode/DerivedData/HearifyV1-ftljoypfezvlxcgouzbpmsmxzads/Build/Products/Debug-iphoneos/gRPC_opensslWrapper.bundle/Info.plist

ProcessInfoPlistFile /Users/Veer/Library/Developer/Xcode/DerivedData/HearifyV1-ftljoypfezvlxcgouzbpmsmxzads/Build/Products/Debug-iphoneos/gRPC_grpcWrapper.bundle/Info.plist /Users/Veer/Library/Developer/Xcode/DerivedData/HearifyV1-ftljoypfezvlxcgouzbpmsmxzads/Build/Intermediates.noindex/gRPC.build/Debug-iphoneos/gRPC_grpcWrapper.build/empty-gRPC_grpcWrapper.plist (in target 'gRPC_grpcWrapper' from project 'gRPC')
    cd /Users/Veer/Library/Developer/Xcode/DerivedData/HearifyV1-ftljoypfezvlxcgouzbpmsmxzads/SourcePackages/checkouts/grpc-binary
    builtin-infoPlistUtility /Users/Veer/Library/Developer/Xcode/DerivedData/HearifyV1-ftljoypfezvlxcgouzbpmsmxzads/Build/Intermediates.noindex/gRPC.build/Debug-iphoneos/gRPC_grpcWrapper.build/empty-gRPC_grpcWrapper.plist -producttype com.apple.product-type.bundle -expandbuildsettings -format binary -platform iphoneos -requiredArchitecture arm64 -o /Users/Veer/Library/Developer/Xcode/DerivedData/HearifyV1-ftljoypfezvlxcgouzbpmsmxzads/Build/Products/Debug-iphoneos/gRPC_grpcWrapper.bundle/Info.plist

ProcessInfoPlistFile /Users/Veer/Library/Developer/Xcode/DerivedData/HearifyV1-ftljoypfezvlxcgouzbpmsmxzads/Build/Products/Debug-iphoneos/GoogleUtilities_GoogleUtilities-Logger.bundle/Info.plist /Users/Veer/Library/Developer/Xcode/DerivedData/HearifyV1-ftljoypfezvlxcgouzbpmsmxzads/Build/Intermediates.noindex/GoogleUtilities.build/Debug-iphoneos/GoogleUtilities_GoogleUtilities-Logger.build/empty-GoogleUtilities_GoogleUtilities-Logger.plist (in target 'GoogleUtilities_GoogleUtilities-Logger' from project 'GoogleUtilities')
    cd /Users/Veer/Library/Developer/Xcode/DerivedData/HearifyV1-ftljoypfezvlxcgouzbpmsmxzads/SourcePackages/checkouts/GoogleUtilities
    builtin-infoPlistUtility /Users/Veer/Library/Developer/Xcode/DerivedData/HearifyV1-ftljoypfezvlxcgouzbpmsmxzads/Build/Intermediates.noindex/GoogleUtilities.build/Debug-iphoneos/GoogleUtilities_GoogleUtilities-Logger.build/empty-GoogleUtilities_GoogleUtilities-Logger.plist -producttype com.apple.product-type.bundle -expandbuildsettings -format binary -platform iphoneos -requiredArchitecture arm64 -o /Users/Veer/Library/Developer/Xcode/DerivedData/HearifyV1-ftljoypfezvlxcgouzbpmsmxzads/Build/Products/Debug-iphoneos/GoogleUtilities_GoogleUtilities-Logger.bundle/Info.plist

ProcessInfoPlistFile /Users/Veer/Library/Developer/Xcode/DerivedData/HearifyV1-ftljoypfezvlxcgouzbpmsmxzads/Build/Products/Debug-iphoneos/GoogleUtilities_GoogleUtilities-Environment.bundle/Info.plist /Users/Veer/Library/Developer/Xcode/DerivedData/HearifyV1-ftljoypfezvlxcgouzbpmsmxzads/Build/Intermediates.noindex/GoogleUtilities.build/Debug-iphoneos/GoogleUtilities_GoogleUtilities-Environment.build/empty-GoogleUtilities_GoogleUtilities-Environment.plist (in target 'GoogleUtilities_GoogleUtilities-Environment' from project 'GoogleUtilities')
    cd /Users/Veer/Library/Developer/Xcode/DerivedData/HearifyV1-ftljoypfezvlxcgouzbpmsmxzads/SourcePackages/checkouts/GoogleUtilities
    builtin-infoPlistUtility /Users/Veer/Library/Developer/Xcode/DerivedData/HearifyV1-ftljoypfezvlxcgouzbpmsmxzads/Build/Intermediates.noindex/GoogleUtilities.build/Debug-iphoneos/GoogleUtilities_GoogleUtilities-Environment.build/empty-GoogleUtilities_GoogleUtilities-Environment.plist -producttype com.apple.product-type.bundle -expandbuildsettings -format binary -platform iphoneos -requiredArchitecture arm64 -o /Users/Veer/Library/Developer/Xcode/DerivedData/HearifyV1-ftljoypfezvlxcgouzbpmsmxzads/Build/Products/Debug-iphoneos/GoogleUtilities_GoogleUtilities-Environment.bundle/Info.plist

ProcessInfoPlistFile /Users/Veer/Library/Developer/Xcode/DerivedData/HearifyV1-ftljoypfezvlxcgouzbpmsmxzads/Build/Products/Debug-iphoneos/GoogleUtilities_GoogleUtilities-AppDelegateSwizzler.bundle/Info.plist /Users/Veer/Library/Developer/Xcode/DerivedData/HearifyV1-ftljoypfezvlxcgouzbpmsmxzads/Build/Intermediates.noindex/GoogleUtilities.build/Debug-iphoneos/GoogleUtilities_GoogleUtilities-AppDelegateSwizzler.build/empty-GoogleUtilities_GoogleUtilities-AppDelegateSwizzler.plist (in target 'GoogleUtilities_GoogleUtilities-AppDelegateSwizzler' from project 'GoogleUtilities')
    cd /Users/Veer/Library/Developer/Xcode/DerivedData/HearifyV1-ftljoypfezvlxcgouzbpmsmxzads/SourcePackages/checkouts/GoogleUtilities
    builtin-infoPlistUtility /Users/Veer/Library/Developer/Xcode/DerivedData/HearifyV1-ftljoypfezvlxcgouzbpmsmxzads/Build/Intermediates.noindex/GoogleUtilities.build/Debug-iphoneos/GoogleUtilities_GoogleUtilities-AppDelegateSwizzler.build/empty-GoogleUtilities_GoogleUtilities-AppDelegateSwizzler.plist -producttype com.apple.product-type.bundle -expandbuildsettings -format binary -platform iphoneos -requiredArchitecture arm64 -o /Users/Veer/Library/Developer/Xcode/DerivedData/HearifyV1-ftljoypfezvlxcgouzbpmsmxzads/Build/Products/Debug-iphoneos/GoogleUtilities_GoogleUtilities-AppDelegateSwizzler.bundle/Info.plist

ProcessInfoPlistFile /Users/Veer/Library/Developer/Xcode/DerivedData/HearifyV1-ftljoypfezvlxcgouzbpmsmxzads/Build/Products/Debug-iphoneos/GTMSessionFetcher_GTMSessionFetcherCore.bundle/Info.plist /Users/Veer/Library/Developer/Xcode/DerivedData/HearifyV1-ftljoypfezvlxcgouzbpmsmxzads/Build/Intermediates.noindex/GTMSessionFetcher.build/Debug-iphoneos/GTMSessionFetcher_GTMSessionFetcherCore.build/empty-GTMSessionFetcher_GTMSessionFetcherCore.plist (in target 'GTMSessionFetcher_GTMSessionFetcherCore' from project 'GTMSessionFetcher')
    cd /Users/Veer/Library/Developer/Xcode/DerivedData/HearifyV1-ftljoypfezvlxcgouzbpmsmxzads/SourcePackages/checkouts/gtm-session-fetcher
    builtin-infoPlistUtility /Users/Veer/Library/Developer/Xcode/DerivedData/HearifyV1-ftljoypfezvlxcgouzbpmsmxzads/Build/Intermediates.noindex/GTMSessionFetcher.build/Debug-iphoneos/GTMSessionFetcher_GTMSessionFetcherCore.build/empty-GTMSessionFetcher_GTMSessionFetcherCore.plist -producttype com.apple.product-type.bundle -expandbuildsettings -format binary -platform iphoneos -requiredArchitecture arm64 -o /Users/Veer/Library/Developer/Xcode/DerivedData/HearifyV1-ftljoypfezvlxcgouzbpmsmxzads/Build/Products/Debug-iphoneos/GTMSessionFetcher_GTMSessionFetcherCore.bundle/Info.plist

ProcessInfoPlistFile /Users/Veer/Library/Developer/Xcode/DerivedData/HearifyV1-ftljoypfezvlxcgouzbpmsmxzads/Build/Products/Debug-iphoneos/Firebase_FirebaseCore.bundle/Info.plist /Users/Veer/Library/Developer/Xcode/DerivedData/HearifyV1-ftljoypfezvlxcgouzbpmsmxzads/Build/Intermediates.noindex/Firebase.build/Debug-iphoneos/Firebase_FirebaseCore.build/empty-Firebase_FirebaseCore.plist (in target 'Firebase_FirebaseCore' from project 'Firebase')
    cd /Users/Veer/Library/Developer/Xcode/DerivedData/HearifyV1-ftljoypfezvlxcgouzbpmsmxzads/SourcePackages/checkouts/firebase-ios-sdk
    builtin-infoPlistUtility /Users/Veer/Library/Developer/Xcode/DerivedData/HearifyV1-ftljoypfezvlxcgouzbpmsmxzads/Build/Intermediates.noindex/Firebase.build/Debug-iphoneos/Firebase_FirebaseCore.build/empty-Firebase_FirebaseCore.plist -producttype com.apple.product-type.bundle -expandbuildsettings -format binary -platform iphoneos -requiredArchitecture arm64 -o /Users/Veer/Library/Developer/Xcode/DerivedData/HearifyV1-ftljoypfezvlxcgouzbpmsmxzads/Build/Products/Debug-iphoneos/Firebase_FirebaseCore.bundle/Info.plist

SwiftDriver FirebaseAuth normal arm64 com.apple.xcode.tools.swift.compiler (in target 'FirebaseAuth' from project 'Firebase')
    cd /Users/Veer/Library/Mobile\ Documents/com\~apple\~CloudDocs/HearifyV1/HearifyV1.xcodeproj
    builtin-SwiftDriver -- /Applications/Xcode.app/Contents/Developer/Toolchains/XcodeDefault.xctoolchain/usr/bin/swiftc -module-name FirebaseAuth -Onone -enforce-exclusivity\=checked @/Users/Veer/Library/Developer/Xcode/DerivedData/HearifyV1-ftljoypfezvlxcgouzbpmsmxzads/Build/Intermediates.noindex/Firebase.build/Debug-iphoneos/FirebaseAuth.build/Objects-normal/arm64/FirebaseAuth.SwiftFileList -DSWIFT_PACKAGE -DDEBUG -DSWIFT_MODULE_RESOURCE_BUNDLE_AVAILABLE -Xcc -fmodule-map-file\=/Users/Veer/Library/Developer/Xcode/DerivedData/HearifyV1-ftljoypfezvlxcgouzbpmsmxzads/Build/Intermediates.noindex/GeneratedModuleMaps-iphoneos/RecaptchaInterop.modulemap -Xcc -fmodule-map-file\=/Users/Veer/Library/Developer/Xcode/DerivedData/HearifyV1-ftljoypfezvlxcgouzbpmsmxzads/Build/Intermediates.noindex/GeneratedModuleMaps-iphoneos/GoogleUtilities-Network.modulemap -Xcc -fmodule-map-file\=/Users/Veer/Library/Developer/Xcode/DerivedData/HearifyV1-ftljoypfezvlxcgouzbpmsmxzads/Build/Intermediates.noindex/GeneratedModuleMaps-iphoneos/GoogleUtilities-Reachability.modulemap -Xcc -fmodule-map-file\=/Users/Veer/Library/Developer/Xcode/DerivedData/HearifyV1-ftljoypfezvlxcgouzbpmsmxzads/Build/Intermediates.noindex/GeneratedModuleMaps-iphoneos/GoogleUtilities-NSData.modulemap -Xcc -fmodule-map-file\=/Users/Veer/Library/Developer/Xcode/DerivedData/HearifyV1-ftljoypfezvlxcgouzbpmsmxzads/Build/Intermediates.noindex/GeneratedModuleMaps-iphoneos/GoogleUtilities-Logger.modulemap -Xcc -fmodule-map-file\=/Users/Veer/Library/Developer/Xcode/DerivedData/HearifyV1-ftljoypfezvlxcgouzbpmsmxzads/Build/Intermediates.noindex/GeneratedModuleMaps-iphoneos/GoogleUtilities-Environment.modulemap -Xcc -fmodule-map-file\=/Users/Veer/Library/Developer/Xcode/DerivedData/HearifyV1-ftljoypfezvlxcgouzbpmsmxzads/Build/Intermediates.noindex/GeneratedModuleMaps-iphoneos/third-party-IsAppEncrypted.modulemap -Xcc -fmodule-map-file\=/Users/Veer/Library/Developer/Xcode/DerivedData/HearifyV1-ftljoypfezvlxcgouzbpmsmxzads/Build/Intermediates.noindex/GeneratedModuleMaps-iphoneos/GoogleUtilities-AppDelegateSwizzler.modulemap -Xcc -fmodule-map-file\=/Users/Veer/Library/Developer/Xcode/DerivedData/HearifyV1-ftljoypfezvlxcgouzbpmsmxzads/Build/Intermediates.noindex/GeneratedModuleMaps-iphoneos/GTMSessionFetcherCore.modulemap -Xcc -fmodule-map-file\=/Users/Veer/Library/Developer/Xcode/DerivedData/HearifyV1-ftljoypfezvlxcgouzbpmsmxzads/Build/Intermediates.noindex/GeneratedModuleMaps-iphoneos/FirebaseCoreExtension.modulemap -Xcc -fmodule-map-file\=/Users/Veer/Library/Developer/Xcode/DerivedData/HearifyV1-ftljoypfezvlxcgouzbpmsmxzads/Build/Intermediates.noindex/GeneratedModuleMaps-iphoneos/FirebaseCore.modulemap -Xcc -fmodule-map-file\=/Users/Veer/Library/Developer/Xcode/DerivedData/HearifyV1-ftljoypfezvlxcgouzbpmsmxzads/Build/Intermediates.noindex/GeneratedModuleMaps-iphoneos/FirebaseAuthInternal.modulemap -Xcc -fmodule-map-file\=/Users/Veer/Library/Developer/Xcode/DerivedData/HearifyV1-ftljoypfezvlxcgouzbpmsmxzads/Build/Intermediates.noindex/GeneratedModuleMaps-iphoneos/FirebaseAuthInterop.modulemap -Xcc -fmodule-map-file\=/Users/Veer/Library/Developer/Xcode/DerivedData/HearifyV1-ftljoypfezvlxcgouzbpmsmxzads/Build/Intermediates.noindex/GeneratedModuleMaps-iphoneos/FirebaseAppCheckInterop.modulemap -DXcode -plugin-path /Applications/Xcode.app/Contents/Developer/Toolchains/XcodeDefault.xctoolchain/usr/lib/swift/host/plugins/testing -enable-experimental-feature DebugDescriptionMacro -sdk /Applications/Xcode.app/Contents/Developer/Platforms/iPhoneOS.platform/Developer/SDKs/iPhoneOS26.2.sdk -target arm64-apple-ios15.0 -g -module-cache-path /Users/Veer/Library/Developer/Xcode/DerivedData/ModuleCache.noindex -Xfrontend -serialize-debugging-options -profile-coverage-mapping -profile-generate -enable-testing -suppress-warnings -index-store-path /Users/Veer/Library/Developer/Xcode/DerivedData/HearifyV1-ftljoypfezvlxcgouzbpmsmxzads/Index.noindex/DataStore -Xcc -D_LIBCPP_HARDENING_MODE\=_LIBCPP_HARDENING_MODE_DEBUG -swift-version 5 -I /Users/Veer/Library/Developer/Xcode/DerivedData/HearifyV1-ftljoypfezvlxcgouzbpmsmxzads/Build/Products/Debug-iphoneos -Isystem /Applications/Xcode.app/Contents/Developer/Platforms/iPhoneOS.platform/Developer/usr/lib -F /Users/Veer/Library/Developer/Xcode/DerivedData/HearifyV1-ftljoypfezvlxcgouzbpmsmxzads/Build/Products/Debug-iphoneos/PackageFrameworks -F /Users/Veer/Library/Developer/Xcode/DerivedData/HearifyV1-ftljoypfezvlxcgouzbpmsmxzads/Build/Products/Debug-iphoneos/PackageFrameworks -F /Users/Veer/Library/Developer/Xcode/DerivedData/HearifyV1-ftljoypfezvlxcgouzbpmsmxzads/Build/Products/Debug-iphoneos/PackageFrameworks -F /Users/Veer/Library/Developer/Xcode/DerivedData/HearifyV1-ftljoypfezvlxcgouzbpmsmxzads/Build/Products/Debug-iphoneos/PackageFrameworks -F /Users/Veer/Library/Developer/Xcode/DerivedData/HearifyV1-ftljoypfezvlxcgouzbpmsmxzads/Build/Products/Debug-iphoneos/PackageFrameworks -F /Users/Veer/Library/Developer/Xcode/DerivedData/HearifyV1-ftljoypfezvlxcgouzbpmsmxzads/Build/Products/Debug-iphoneos/PackageFrameworks -F /Users/Veer/Library/Developer/Xcode/DerivedData/HearifyV1-ftljoypfezvlxcgouzbpmsmxzads/Build/Products/Debug-iphoneos/PackageFrameworks -F /Users/Veer/Library/Developer/Xcode/DerivedData/HearifyV1-ftljoypfezvlxcgouzbpmsmxzads/Build/Products/Debug-iphoneos/PackageFrameworks -F /Users/Veer/Library/Developer/Xcode/DerivedData/HearifyV1-ftljoypfezvlxcgouzbpmsmxzads/Build/Products/Debug-iphoneos/PackageFrameworks -F /Users/Veer/Library/Developer/Xcode/DerivedData/HearifyV1-ftljoypfezvlxcgouzbpmsmxzads/Build/Products/Debug-iphoneos/PackageFrameworks -F /Users/Veer/Library/Developer/Xcode/DerivedData/HearifyV1-ftljoypfezvlxcgouzbpmsmxzads/Build/Products/Debug-iphoneos/PackageFrameworks -F /Users/Veer/Library/Developer/Xcode/DerivedData/HearifyV1-ftljoypfezvlxcgouzbpmsmxzads/Build/Products/Debug-iphoneos/PackageFrameworks -F /Users/Veer/Library/Developer/Xcode/DerivedData/HearifyV1-ftljoypfezvlxcgouzbpmsmxzads/Build/Products/Debug-iphoneos/PackageFrameworks -F /Users/Veer/Library/Developer/Xcode/DerivedData/HearifyV1-ftljoypfezvlxcgouzbpmsmxzads/Build/Products/Debug-iphoneos/PackageFrameworks -F /Users/Veer/Library/Developer/Xcode/DerivedData/HearifyV1-ftljoypfezvlxcgouzbpmsmxzads/Build/Products/Debug-iphoneos/PackageFrameworks -F /Users/Veer/Library/Developer/Xcode/DerivedData/HearifyV1-ftljoypfezvlxcgouzbpmsmxzads/Build/Products/Debug-iphoneos/PackageFrameworks -F /Users/Veer/Library/Developer/Xcode/DerivedData/HearifyV1-ftljoypfezvlxcgouzbpmsmxzads/Build/Products/Debug-iphoneos -F /Applications/Xcode.app/Contents/Developer/Platforms/iPhoneOS.platform/Developer/Library/Frameworks -F /Applications/Xcode.app/Contents/Developer/Platforms/iPhoneOS.platform/Developer/SDKs/iPhoneOS26.2.sdk/Developer/Library/Frameworks -c -j10 -enable-batch-mode -incremental -Xcc -ivfsstatcache -Xcc /Users/Veer/Library/Developer/Xcode/DerivedData/SDKStatCaches.noindex/iphoneos26.2-23C53-3794476bd08197c3e2abd9bb477ef7f7.sdkstatcache -output-file-map /Users/Veer/Library/Developer/Xcode/DerivedData/HearifyV1-ftljoypfezvlxcgouzbpmsmxzads/Build/Intermediates.noindex/Firebase.build/Debug-iphoneos/FirebaseAuth.build/Objects-normal/arm64/FirebaseAuth-OutputFileMap.json -use-frontend-parseable-output -save-temps -no-color-diagnostics -explicit-module-build -module-cache-path /Users/Veer/Library/Developer/Xcode/DerivedData/HearifyV1-ftljoypfezvlxcgouzbpmsmxzads/Build/Intermediates.noindex/SwiftExplicitPrecompiledModules -clang-scanner-module-cache-path /Users/Veer/Library/Developer/Xcode/DerivedData/ModuleCache.noindex -sdk-module-cache-path /Users/Veer/Library/Developer/Xcode/DerivedData/ModuleCache.noindex -serialize-diagnostics -emit-dependencies -emit-module -emit-module-path /Users/Veer/Library/Developer/Xcode/DerivedData/HearifyV1-ftljoypfezvlxcgouzbpmsmxzads/Build/Intermediates.noindex/Firebase.build/Debug-iphoneos/FirebaseAuth.build/Objects-normal/arm64/FirebaseAuth.swiftmodule -user-module-version 12.8.0 -validate-clang-modules-once -clang-build-session-file /Users/Veer/Library/Developer/Xcode/DerivedData/ModuleCache.noindex/Session.modulevalidation -package-name firebase_ios_sdk -Xcc -I/Users/Veer/Library/Developer/Xcode/DerivedData/HearifyV1-ftljoypfezvlxcgouzbpmsmxzads/Build/Intermediates.noindex/Firebase.build/Debug-iphoneos/FirebaseAuth.build/swift-overrides.hmap -emit-const-values -Xfrontend -const-gather-protocols-file -Xfrontend /Users/Veer/Library/Developer/Xcode/DerivedData/HearifyV1-ftljoypfezvlxcgouzbpmsmxzads/Build/Intermediates.noindex/Firebase.build/Debug-iphoneos/FirebaseAuth.build/Objects-normal/arm64/FirebaseAuth_const_extract_protocols.json -Xcc -I/Users/Veer/Library/Developer/Xcode/DerivedData/HearifyV1-ftljoypfezvlxcgouzbpmsmxzads/SourcePackages/checkouts/interop-ios-for-google-sdks/RecaptchaEnterprise/RecaptchaInterop/Public -Xcc -I/Users/Veer/Library/Developer/Xcode/DerivedData/HearifyV1-ftljoypfezvlxcgouzbpmsmxzads/SourcePackages/checkouts/GoogleUtilities/GoogleUtilities/Network/Public -Xcc -I/Users/Veer/Library/Developer/Xcode/DerivedData/HearifyV1-ftljoypfezvlxcgouzbpmsmxzads/SourcePackages/checkouts/GoogleUtilities/GoogleUtilities/Reachability/Public -Xcc -I/Users/Veer/Library/Developer/Xcode/DerivedData/HearifyV1-ftljoypfezvlxcgouzbpmsmxzads/SourcePackages/checkouts/GoogleUtilities/GoogleUtilities/NSData+zlib/Public -Xcc -I/Users/Veer/Library/Developer/Xcode/DerivedData/HearifyV1-ftljoypfezvlxcgouzbpmsmxzads/SourcePackages/checkouts/GoogleUtilities/GoogleUtilities/Logger/Public -Xcc -I/Users/Veer/Library/Developer/Xcode/DerivedData/HearifyV1-ftljoypfezvlxcgouzbpmsmxzads/SourcePackages/checkouts/GoogleUtilities/GoogleUtilities/Environment/Public -Xcc -I/Users/Veer/Library/Developer/Xcode/DerivedData/HearifyV1-ftljoypfezvlxcgouzbpmsmxzads/SourcePackages/checkouts/GoogleUtilities/third_party/IsAppEncrypted/Public -Xcc -I/Users/Veer/Library/Developer/Xcode/DerivedData/HearifyV1-ftljoypfezvlxcgouzbpmsmxzads/SourcePackages/checkouts/GoogleUtilities/GoogleUtilities/AppDelegateSwizzler/Public -Xcc -I/Users/Veer/Library/Developer/Xcode/DerivedData/HearifyV1-ftljoypfezvlxcgouzbpmsmxzads/SourcePackages/checkouts/gtm-session-fetcher/Sources/Core/Public -Xcc -I/Users/Veer/Library/Developer/Xcode/DerivedData/HearifyV1-ftljoypfezvlxcgouzbpmsmxzads/SourcePackages/checkouts/firebase-ios-sdk/FirebaseCore/Extension -Xcc -I/Users/Veer/Library/Developer/Xcode/DerivedData/HearifyV1-ftljoypfezvlxcgouzbpmsmxzads/SourcePackages/checkouts/firebase-ios-sdk/FirebaseCore/Sources/Public -Xcc -I/Users/Veer/Library/Developer/Xcode/DerivedData/HearifyV1-ftljoypfezvlxcgouzbpmsmxzads/SourcePackages/checkouts/firebase-ios-sdk/CoreOnly/Sources -Xcc -I/Users/Veer/Library/Developer/Xcode/DerivedData/HearifyV1-ftljoypfezvlxcgouzbpmsmxzads/SourcePackages/checkouts/firebase-ios-sdk/FirebaseAuth/Sources/Public -Xcc -I/Users/Veer/Library/Developer/Xcode/DerivedData/HearifyV1-ftljoypfezvlxcgouzbpmsmxzads/SourcePackages/checkouts/firebase-ios-sdk/FirebaseAuth/Interop/Public -Xcc -I/Users/Veer/Library/Developer/Xcode/DerivedData/HearifyV1-ftljoypfezvlxcgouzbpmsmxzads/SourcePackages/checkouts/firebase-ios-sdk/FirebaseAppCheck/Interop/Public -Xcc -I/Users/Veer/Library/Developer/Xcode/DerivedData/HearifyV1-ftljoypfezvlxcgouzbpmsmxzads/Build/Products/Debug-iphoneos/include -Xcc -I/Users/Veer/Library/Developer/Xcode/DerivedData/HearifyV1-ftljoypfezvlxcgouzbpmsmxzads/Build/Intermediates.noindex/Firebase.build/Debug-iphoneos/FirebaseAuth.build/DerivedSources-normal/arm64 -Xcc -I/Users/Veer/Library/Developer/Xcode/DerivedData/HearifyV1-ftljoypfezvlxcgouzbpmsmxzads/Build/Intermediates.noindex/Firebase.build/Debug-iphoneos/FirebaseAuth.build/DerivedSources/arm64 -Xcc -I/Users/Veer/Library/Developer/Xcode/DerivedData/HearifyV1-ftljoypfezvlxcgouzbpmsmxzads/Build/Intermediates.noindex/Firebase.build/Debug-iphoneos/FirebaseAuth.build/DerivedSources -Xcc -DSWIFT_PACKAGE -Xcc -DDEBUG\=1 -emit-objc-header -emit-objc-header-path /Users/Veer/Library/Developer/Xcode/DerivedData/HearifyV1-ftljoypfezvlxcgouzbpmsmxzads/Build/Intermediates.noindex/Firebase.build/Debug-iphoneos/FirebaseAuth.build/Objects-normal/arm64/FirebaseAuth-Swift.h -working-directory /Users/Veer/Library/Mobile\ Documents/com\~apple\~CloudDocs/HearifyV1/HearifyV1.xcodeproj -experimental-emit-module-separately -disable-cmo

ProcessInfoPlistFile /Users/Veer/Library/Developer/Xcode/DerivedData/HearifyV1-ftljoypfezvlxcgouzbpmsmxzads/Build/Products/Debug-iphoneos/GoogleUtilities_GoogleUtilities-Reachability.bundle/Info.plist /Users/Veer/Library/Developer/Xcode/DerivedData/HearifyV1-ftljoypfezvlxcgouzbpmsmxzads/Build/Intermediates.noindex/GoogleUtilities.build/Debug-iphoneos/GoogleUtilities_GoogleUtilities-Reachability.build/empty-GoogleUtilities_GoogleUtilities-Reachability.plist (in target 'GoogleUtilities_GoogleUtilities-Reachability' from project 'GoogleUtilities')
    cd /Users/Veer/Library/Developer/Xcode/DerivedData/HearifyV1-ftljoypfezvlxcgouzbpmsmxzads/SourcePackages/checkouts/GoogleUtilities
    builtin-infoPlistUtility /Users/Veer/Library/Developer/Xcode/DerivedData/HearifyV1-ftljoypfezvlxcgouzbpmsmxzads/Build/Intermediates.noindex/GoogleUtilities.build/Debug-iphoneos/GoogleUtilities_GoogleUtilities-Reachability.build/empty-GoogleUtilities_GoogleUtilities-Reachability.plist -producttype com.apple.product-type.bundle -expandbuildsettings -format binary -platform iphoneos -requiredArchitecture arm64 -o /Users/Veer/Library/Developer/Xcode/DerivedData/HearifyV1-ftljoypfezvlxcgouzbpmsmxzads/Build/Products/Debug-iphoneos/GoogleUtilities_GoogleUtilities-Reachability.bundle/Info.plist

ProcessInfoPlistFile /Users/Veer/Library/Developer/Xcode/DerivedData/HearifyV1-ftljoypfezvlxcgouzbpmsmxzads/Build/Products/Debug-iphoneos/Firebase_FirebaseCoreInternal.bundle/Info.plist /Users/Veer/Library/Developer/Xcode/DerivedData/HearifyV1-ftljoypfezvlxcgouzbpmsmxzads/Build/Intermediates.noindex/Firebase.build/Debug-iphoneos/Firebase_FirebaseCoreInternal.build/empty-Firebase_FirebaseCoreInternal.plist (in target 'Firebase_FirebaseCoreInternal' from project 'Firebase')
    cd /Users/Veer/Library/Developer/Xcode/DerivedData/HearifyV1-ftljoypfezvlxcgouzbpmsmxzads/SourcePackages/checkouts/firebase-ios-sdk
    builtin-infoPlistUtility /Users/Veer/Library/Developer/Xcode/DerivedData/HearifyV1-ftljoypfezvlxcgouzbpmsmxzads/Build/Intermediates.noindex/Firebase.build/Debug-iphoneos/Firebase_FirebaseCoreInternal.build/empty-Firebase_FirebaseCoreInternal.plist -producttype com.apple.product-type.bundle -expandbuildsettings -format binary -platform iphoneos -requiredArchitecture arm64 -o /Users/Veer/Library/Developer/Xcode/DerivedData/HearifyV1-ftljoypfezvlxcgouzbpmsmxzads/Build/Products/Debug-iphoneos/Firebase_FirebaseCoreInternal.bundle/Info.plist

ProcessInfoPlistFile /Users/Veer/Library/Developer/Xcode/DerivedData/HearifyV1-ftljoypfezvlxcgouzbpmsmxzads/Build/Products/Debug-iphoneos/Firebase_FirebaseFirestore.bundle/Info.plist /Users/Veer/Library/Developer/Xcode/DerivedData/HearifyV1-ftljoypfezvlxcgouzbpmsmxzads/Build/Intermediates.noindex/Firebase.build/Debug-iphoneos/Firebase_FirebaseFirestore.build/empty-Firebase_FirebaseFirestore.plist (in target 'Firebase_FirebaseFirestore' from project 'Firebase')
    cd /Users/Veer/Library/Developer/Xcode/DerivedData/HearifyV1-ftljoypfezvlxcgouzbpmsmxzads/SourcePackages/checkouts/firebase-ios-sdk
    builtin-infoPlistUtility /Users/Veer/Library/Developer/Xcode/DerivedData/HearifyV1-ftljoypfezvlxcgouzbpmsmxzads/Build/Intermediates.noindex/Firebase.build/Debug-iphoneos/Firebase_FirebaseFirestore.build/empty-Firebase_FirebaseFirestore.plist -producttype com.apple.product-type.bundle -expandbuildsettings -format binary -platform iphoneos -requiredArchitecture arm64 -o /Users/Veer/Library/Developer/Xcode/DerivedData/HearifyV1-ftljoypfezvlxcgouzbpmsmxzads/Build/Products/Debug-iphoneos/Firebase_FirebaseFirestore.bundle/Info.plist

ProcessInfoPlistFile /Users/Veer/Library/Developer/Xcode/DerivedData/HearifyV1-ftljoypfezvlxcgouzbpmsmxzads/Build/Products/Debug-iphoneos/GoogleUtilities_GoogleUtilities-Network.bundle/Info.plist /Users/Veer/Library/Developer/Xcode/DerivedData/HearifyV1-ftljoypfezvlxcgouzbpmsmxzads/Build/Intermediates.noindex/GoogleUtilities.build/Debug-iphoneos/GoogleUtilities_GoogleUtilities-Network.build/empty-GoogleUtilities_GoogleUtilities-Network.plist (in target 'GoogleUtilities_GoogleUtilities-Network' from project 'GoogleUtilities')
    cd /Users/Veer/Library/Developer/Xcode/DerivedData/HearifyV1-ftljoypfezvlxcgouzbpmsmxzads/SourcePackages/checkouts/GoogleUtilities
    builtin-infoPlistUtility /Users/Veer/Library/Developer/Xcode/DerivedData/HearifyV1-ftljoypfezvlxcgouzbpmsmxzads/Build/Intermediates.noindex/GoogleUtilities.build/Debug-iphoneos/GoogleUtilities_GoogleUtilities-Network.build/empty-GoogleUtilities_GoogleUtilities-Network.plist -producttype com.apple.product-type.bundle -expandbuildsettings -format binary -platform iphoneos -requiredArchitecture arm64 -o /Users/Veer/Library/Developer/Xcode/DerivedData/HearifyV1-ftljoypfezvlxcgouzbpmsmxzads/Build/Products/Debug-iphoneos/GoogleUtilities_GoogleUtilities-Network.bundle/Info.plist

ProcessInfoPlistFile /Users/Veer/Library/Developer/Xcode/DerivedData/HearifyV1-ftljoypfezvlxcgouzbpmsmxzads/Build/Products/Debug-iphoneos/Firebase_FirebaseCoreExtension.bundle/Info.plist /Users/Veer/Library/Developer/Xcode/DerivedData/HearifyV1-ftljoypfezvlxcgouzbpmsmxzads/Build/Intermediates.noindex/Firebase.build/Debug-iphoneos/Firebase_FirebaseCoreExtension.build/empty-Firebase_FirebaseCoreExtension.plist (in target 'Firebase_FirebaseCoreExtension' from project 'Firebase')
    cd /Users/Veer/Library/Developer/Xcode/DerivedData/HearifyV1-ftljoypfezvlxcgouzbpmsmxzads/SourcePackages/checkouts/firebase-ios-sdk
    builtin-infoPlistUtility /Users/Veer/Library/Developer/Xcode/DerivedData/HearifyV1-ftljoypfezvlxcgouzbpmsmxzads/Build/Intermediates.noindex/Firebase.build/Debug-iphoneos/Firebase_FirebaseCoreExtension.build/empty-Firebase_FirebaseCoreExtension.plist -producttype com.apple.product-type.bundle -expandbuildsettings -format binary -platform iphoneos -requiredArchitecture arm64 -o /Users/Veer/Library/Developer/Xcode/DerivedData/HearifyV1-ftljoypfezvlxcgouzbpmsmxzads/Build/Products/Debug-iphoneos/Firebase_FirebaseCoreExtension.bundle/Info.plist

SwiftDriver\ Compilation\ Requirements FirebaseAuth normal arm64 com.apple.xcode.tools.swift.compiler (in target 'FirebaseAuth' from project 'Firebase')
    cd /Users/Veer/Library/Mobile\ Documents/com\~apple\~CloudDocs/HearifyV1/HearifyV1.xcodeproj
    builtin-Swift-Compilation-Requirements -- /Applications/Xcode.app/Contents/Developer/Toolchains/XcodeDefault.xctoolchain/usr/bin/swiftc -module-name FirebaseAuth -Onone -enforce-exclusivity\=checked @/Users/Veer/Library/Developer/Xcode/DerivedData/HearifyV1-ftljoypfezvlxcgouzbpmsmxzads/Build/Intermediates.noindex/Firebase.build/Debug-iphoneos/FirebaseAuth.build/Objects-normal/arm64/FirebaseAuth.SwiftFileList -DSWIFT_PACKAGE -DDEBUG -DSWIFT_MODULE_RESOURCE_BUNDLE_AVAILABLE -Xcc -fmodule-map-file\=/Users/Veer/Library/Developer/Xcode/DerivedData/HearifyV1-ftljoypfezvlxcgouzbpmsmxzads/Build/Intermediates.noindex/GeneratedModuleMaps-iphoneos/RecaptchaInterop.modulemap -Xcc -fmodule-map-file\=/Users/Veer/Library/Developer/Xcode/DerivedData/HearifyV1-ftljoypfezvlxcgouzbpmsmxzads/Build/Intermediates.noindex/GeneratedModuleMaps-iphoneos/GoogleUtilities-Network.modulemap -Xcc -fmodule-map-file\=/Users/Veer/Library/Developer/Xcode/DerivedData/HearifyV1-ftljoypfezvlxcgouzbpmsmxzads/Build/Intermediates.noindex/GeneratedModuleMaps-iphoneos/GoogleUtilities-Reachability.modulemap -Xcc -fmodule-map-file\=/Users/Veer/Library/Developer/Xcode/DerivedData/HearifyV1-ftljoypfezvlxcgouzbpmsmxzads/Build/Intermediates.noindex/GeneratedModuleMaps-iphoneos/GoogleUtilities-NSData.modulemap -Xcc -fmodule-map-file\=/Users/Veer/Library/Developer/Xcode/DerivedData/HearifyV1-ftljoypfezvlxcgouzbpmsmxzads/Build/Intermediates.noindex/GeneratedModuleMaps-iphoneos/GoogleUtilities-Logger.modulemap -Xcc -fmodule-map-file\=/Users/Veer/Library/Developer/Xcode/DerivedData/HearifyV1-ftljoypfezvlxcgouzbpmsmxzads/Build/Intermediates.noindex/GeneratedModuleMaps-iphoneos/GoogleUtilities-Environment.modulemap -Xcc -fmodule-map-file\=/Users/Veer/Library/Developer/Xcode/DerivedData/HearifyV1-ftljoypfezvlxcgouzbpmsmxzads/Build/Intermediates.noindex/GeneratedModuleMaps-iphoneos/third-party-IsAppEncrypted.modulemap -Xcc -fmodule-map-file\=/Users/Veer/Library/Developer/Xcode/DerivedData/HearifyV1-ftljoypfezvlxcgouzbpmsmxzads/Build/Intermediates.noindex/GeneratedModuleMaps-iphoneos/GoogleUtilities-AppDelegateSwizzler.modulemap -Xcc -fmodule-map-file\=/Users/Veer/Library/Developer/Xcode/DerivedData/HearifyV1-ftljoypfezvlxcgouzbpmsmxzads/Build/Intermediates.noindex/GeneratedModuleMaps-iphoneos/GTMSessionFetcherCore.modulemap -Xcc -fmodule-map-file\=/Users/Veer/Library/Developer/Xcode/DerivedData/HearifyV1-ftljoypfezvlxcgouzbpmsmxzads/Build/Intermediates.noindex/GeneratedModuleMaps-iphoneos/FirebaseCoreExtension.modulemap -Xcc -fmodule-map-file\=/Users/Veer/Library/Developer/Xcode/DerivedData/HearifyV1-ftljoypfezvlxcgouzbpmsmxzads/Build/Intermediates.noindex/GeneratedModuleMaps-iphoneos/FirebaseCore.modulemap -Xcc -fmodule-map-file\=/Users/Veer/Library/Developer/Xcode/DerivedData/HearifyV1-ftljoypfezvlxcgouzbpmsmxzads/Build/Intermediates.noindex/GeneratedModuleMaps-iphoneos/FirebaseAuthInternal.modulemap -Xcc -fmodule-map-file\=/Users/Veer/Library/Developer/Xcode/DerivedData/HearifyV1-ftljoypfezvlxcgouzbpmsmxzads/Build/Intermediates.noindex/GeneratedModuleMaps-iphoneos/FirebaseAuthInterop.modulemap -Xcc -fmodule-map-file\=/Users/Veer/Library/Developer/Xcode/DerivedData/HearifyV1-ftljoypfezvlxcgouzbpmsmxzads/Build/Intermediates.noindex/GeneratedModuleMaps-iphoneos/FirebaseAppCheckInterop.modulemap -DXcode -plugin-path /Applications/Xcode.app/Contents/Developer/Toolchains/XcodeDefault.xctoolchain/usr/lib/swift/host/plugins/testing -enable-experimental-feature DebugDescriptionMacro -sdk /Applications/Xcode.app/Contents/Developer/Platforms/iPhoneOS.platform/Developer/SDKs/iPhoneOS26.2.sdk -target arm64-apple-ios15.0 -g -module-cache-path /Users/Veer/Library/Developer/Xcode/DerivedData/ModuleCache.noindex -Xfrontend -serialize-debugging-options -profile-coverage-mapping -profile-generate -enable-testing -suppress-warnings -index-store-path /Users/Veer/Library/Developer/Xcode/DerivedData/HearifyV1-ftljoypfezvlxcgouzbpmsmxzads/Index.noindex/DataStore -Xcc -D_LIBCPP_HARDENING_MODE\=_LIBCPP_HARDENING_MODE_DEBUG -swift-version 5 -I /Users/Veer/Library/Developer/Xcode/DerivedData/HearifyV1-ftljoypfezvlxcgouzbpmsmxzads/Build/Products/Debug-iphoneos -Isystem /Applications/Xcode.app/Contents/Developer/Platforms/iPhoneOS.platform/Developer/usr/lib -F /Users/Veer/Library/Developer/Xcode/DerivedData/HearifyV1-ftljoypfezvlxcgouzbpmsmxzads/Build/Products/Debug-iphoneos/PackageFrameworks -F /Users/Veer/Library/Developer/Xcode/DerivedData/HearifyV1-ftljoypfezvlxcgouzbpmsmxzads/Build/Products/Debug-iphoneos/PackageFrameworks -F /Users/Veer/Library/Developer/Xcode/DerivedData/HearifyV1-ftljoypfezvlxcgouzbpmsmxzads/Build/Products/Debug-iphoneos/PackageFrameworks -F /Users/Veer/Library/Developer/Xcode/DerivedData/HearifyV1-ftljoypfezvlxcgouzbpmsmxzads/Build/Products/Debug-iphoneos/PackageFrameworks -F /Users/Veer/Library/Developer/Xcode/DerivedData/HearifyV1-ftljoypfezvlxcgouzbpmsmxzads/Build/Products/Debug-iphoneos/PackageFrameworks -F /Users/Veer/Library/Developer/Xcode/DerivedData/HearifyV1-ftljoypfezvlxcgouzbpmsmxzads/Build/Products/Debug-iphoneos/PackageFrameworks -F /Users/Veer/Library/Developer/Xcode/DerivedData/HearifyV1-ftljoypfezvlxcgouzbpmsmxzads/Build/Products/Debug-iphoneos/PackageFrameworks -F /Users/Veer/Library/Developer/Xcode/DerivedData/HearifyV1-ftljoypfezvlxcgouzbpmsmxzads/Build/Products/Debug-iphoneos/PackageFrameworks -F /Users/Veer/Library/Developer/Xcode/DerivedData/HearifyV1-ftljoypfezvlxcgouzbpmsmxzads/Build/Products/Debug-iphoneos/PackageFrameworks -F /Users/Veer/Library/Developer/Xcode/DerivedData/HearifyV1-ftljoypfezvlxcgouzbpmsmxzads/Build/Products/Debug-iphoneos/PackageFrameworks -F /Users/Veer/Library/Developer/Xcode/DerivedData/HearifyV1-ftljoypfezvlxcgouzbpmsmxzads/Build/Products/Debug-iphoneos/PackageFrameworks -F /Users/Veer/Library/Developer/Xcode/DerivedData/HearifyV1-ftljoypfezvlxcgouzbpmsmxzads/Build/Products/Debug-iphoneos/PackageFrameworks -F /Users/Veer/Library/Developer/Xcode/DerivedData/HearifyV1-ftljoypfezvlxcgouzbpmsmxzads/Build/Products/Debug-iphoneos/PackageFrameworks -F /Users/Veer/Library/Developer/Xcode/DerivedData/HearifyV1-ftljoypfezvlxcgouzbpmsmxzads/Build/Products/Debug-iphoneos/PackageFrameworks -F /Users/Veer/Library/Developer/Xcode/DerivedData/HearifyV1-ftljoypfezvlxcgouzbpmsmxzads/Build/Products/Debug-iphoneos/PackageFrameworks -F /Users/Veer/Library/Developer/Xcode/DerivedData/HearifyV1-ftljoypfezvlxcgouzbpmsmxzads/Build/Products/Debug-iphoneos/PackageFrameworks -F /Users/Veer/Library/Developer/Xcode/DerivedData/HearifyV1-ftljoypfezvlxcgouzbpmsmxzads/Build/Products/Debug-iphoneos -F /Applications/Xcode.app/Contents/Developer/Platforms/iPhoneOS.platform/Developer/Library/Frameworks -F /Applications/Xcode.app/Contents/Developer/Platforms/iPhoneOS.platform/Developer/SDKs/iPhoneOS26.2.sdk/Developer/Library/Frameworks -c -j10 -enable-batch-mode -incremental -Xcc -ivfsstatcache -Xcc /Users/Veer/Library/Developer/Xcode/DerivedData/SDKStatCaches.noindex/iphoneos26.2-23C53-3794476bd08197c3e2abd9bb477ef7f7.sdkstatcache -output-file-map /Users/Veer/Library/Developer/Xcode/DerivedData/HearifyV1-ftljoypfezvlxcgouzbpmsmxzads/Build/Intermediates.noindex/Firebase.build/Debug-iphoneos/FirebaseAuth.build/Objects-normal/arm64/FirebaseAuth-OutputFileMap.json -use-frontend-parseable-output -save-temps -no-color-diagnostics -explicit-module-build -module-cache-path /Users/Veer/Library/Developer/Xcode/DerivedData/HearifyV1-ftljoypfezvlxcgouzbpmsmxzads/Build/Intermediates.noindex/SwiftExplicitPrecompiledModules -clang-scanner-module-cache-path /Users/Veer/Library/Developer/Xcode/DerivedData/ModuleCache.noindex -sdk-module-cache-path /Users/Veer/Library/Developer/Xcode/DerivedData/ModuleCache.noindex -serialize-diagnostics -emit-dependencies -emit-module -emit-module-path /Users/Veer/Library/Developer/Xcode/DerivedData/HearifyV1-ftljoypfezvlxcgouzbpmsmxzads/Build/Intermediates.noindex/Firebase.build/Debug-iphoneos/FirebaseAuth.build/Objects-normal/arm64/FirebaseAuth.swiftmodule -user-module-version 12.8.0 -validate-clang-modules-once -clang-build-session-file /Users/Veer/Library/Developer/Xcode/DerivedData/ModuleCache.noindex/Session.modulevalidation -package-name firebase_ios_sdk -Xcc -I/Users/Veer/Library/Developer/Xcode/DerivedData/HearifyV1-ftljoypfezvlxcgouzbpmsmxzads/Build/Intermediates.noindex/Firebase.build/Debug-iphoneos/FirebaseAuth.build/swift-overrides.hmap -emit-const-values -Xfrontend -const-gather-protocols-file -Xfrontend /Users/Veer/Library/Developer/Xcode/DerivedData/HearifyV1-ftljoypfezvlxcgouzbpmsmxzads/Build/Intermediates.noindex/Firebase.build/Debug-iphoneos/FirebaseAuth.build/Objects-normal/arm64/FirebaseAuth_const_extract_protocols.json -Xcc -I/Users/Veer/Library/Developer/Xcode/DerivedData/HearifyV1-ftljoypfezvlxcgouzbpmsmxzads/SourcePackages/checkouts/interop-ios-for-google-sdks/RecaptchaEnterprise/RecaptchaInterop/Public -Xcc -I/Users/Veer/Library/Developer/Xcode/DerivedData/HearifyV1-ftljoypfezvlxcgouzbpmsmxzads/SourcePackages/checkouts/GoogleUtilities/GoogleUtilities/Network/Public -Xcc -I/Users/Veer/Library/Developer/Xcode/DerivedData/HearifyV1-ftljoypfezvlxcgouzbpmsmxzads/SourcePackages/checkouts/GoogleUtilities/GoogleUtilities/Reachability/Public -Xcc -I/Users/Veer/Library/Developer/Xcode/DerivedData/HearifyV1-ftljoypfezvlxcgouzbpmsmxzads/SourcePackages/checkouts/GoogleUtilities/GoogleUtilities/NSData+zlib/Public -Xcc -I/Users/Veer/Library/Developer/Xcode/DerivedData/HearifyV1-ftljoypfezvlxcgouzbpmsmxzads/SourcePackages/checkouts/GoogleUtilities/GoogleUtilities/Logger/Public -Xcc -I/Users/Veer/Library/Developer/Xcode/DerivedData/HearifyV1-ftljoypfezvlxcgouzbpmsmxzads/SourcePackages/checkouts/GoogleUtilities/GoogleUtilities/Environment/Public -Xcc -I/Users/Veer/Library/Developer/Xcode/DerivedData/HearifyV1-ftljoypfezvlxcgouzbpmsmxzads/SourcePackages/checkouts/GoogleUtilities/third_party/IsAppEncrypted/Public -Xcc -I/Users/Veer/Library/Developer/Xcode/DerivedData/HearifyV1-ftljoypfezvlxcgouzbpmsmxzads/SourcePackages/checkouts/GoogleUtilities/GoogleUtilities/AppDelegateSwizzler/Public -Xcc -I/Users/Veer/Library/Developer/Xcode/DerivedData/HearifyV1-ftljoypfezvlxcgouzbpmsmxzads/SourcePackages/checkouts/gtm-session-fetcher/Sources/Core/Public -Xcc -I/Users/Veer/Library/Developer/Xcode/DerivedData/HearifyV1-ftljoypfezvlxcgouzbpmsmxzads/SourcePackages/checkouts/firebase-ios-sdk/FirebaseCore/Extension -Xcc -I/Users/Veer/Library/Developer/Xcode/DerivedData/HearifyV1-ftljoypfezvlxcgouzbpmsmxzads/SourcePackages/checkouts/firebase-ios-sdk/FirebaseCore/Sources/Public -Xcc -I/Users/Veer/Library/Developer/Xcode/DerivedData/HearifyV1-ftljoypfezvlxcgouzbpmsmxzads/SourcePackages/checkouts/firebase-ios-sdk/CoreOnly/Sources -Xcc -I/Users/Veer/Library/Developer/Xcode/DerivedData/HearifyV1-ftljoypfezvlxcgouzbpmsmxzads/SourcePackages/checkouts/firebase-ios-sdk/FirebaseAuth/Sources/Public -Xcc -I/Users/Veer/Library/Developer/Xcode/DerivedData/HearifyV1-ftljoypfezvlxcgouzbpmsmxzads/SourcePackages/checkouts/firebase-ios-sdk/FirebaseAuth/Interop/Public -Xcc -I/Users/Veer/Library/Developer/Xcode/DerivedData/HearifyV1-ftljoypfezvlxcgouzbpmsmxzads/SourcePackages/checkouts/firebase-ios-sdk/FirebaseAppCheck/Interop/Public -Xcc -I/Users/Veer/Library/Developer/Xcode/DerivedData/HearifyV1-ftljoypfezvlxcgouzbpmsmxzads/Build/Products/Debug-iphoneos/include -Xcc -I/Users/Veer/Library/Developer/Xcode/DerivedData/HearifyV1-ftljoypfezvlxcgouzbpmsmxzads/Build/Intermediates.noindex/Firebase.build/Debug-iphoneos/FirebaseAuth.build/DerivedSources-normal/arm64 -Xcc -I/Users/Veer/Library/Developer/Xcode/DerivedData/HearifyV1-ftljoypfezvlxcgouzbpmsmxzads/Build/Intermediates.noindex/Firebase.build/Debug-iphoneos/FirebaseAuth.build/DerivedSources/arm64 -Xcc -I/Users/Veer/Library/Developer/Xcode/DerivedData/HearifyV1-ftljoypfezvlxcgouzbpmsmxzads/Build/Intermediates.noindex/Firebase.build/Debug-iphoneos/FirebaseAuth.build/DerivedSources -Xcc -DSWIFT_PACKAGE -Xcc -DDEBUG\=1 -emit-objc-header -emit-objc-header-path /Users/Veer/Library/Developer/Xcode/DerivedData/HearifyV1-ftljoypfezvlxcgouzbpmsmxzads/Build/Intermediates.noindex/Firebase.build/Debug-iphoneos/FirebaseAuth.build/Objects-normal/arm64/FirebaseAuth-Swift.h -working-directory /Users/Veer/Library/Mobile\ Documents/com\~apple\~CloudDocs/HearifyV1/HearifyV1.xcodeproj -experimental-emit-module-separately -disable-cmo

Copy /Users/Veer/Library/Developer/Xcode/DerivedData/HearifyV1-ftljoypfezvlxcgouzbpmsmxzads/Build/Products/Debug-iphoneos/FirebaseAuth.swiftmodule/arm64-apple-ios.abi.json /Users/Veer/Library/Developer/Xcode/DerivedData/HearifyV1-ftljoypfezvlxcgouzbpmsmxzads/Build/Intermediates.noindex/Firebase.build/Debug-iphoneos/FirebaseAuth.build/Objects-normal/arm64/FirebaseAuth.abi.json (in target 'FirebaseAuth' from project 'Firebase')
    cd /Users/Veer/Library/Developer/Xcode/DerivedData/HearifyV1-ftljoypfezvlxcgouzbpmsmxzads/SourcePackages/checkouts/firebase-ios-sdk
    builtin-copy -exclude .DS_Store -exclude CVS -exclude .svn -exclude .git -exclude .hg -resolve-src-symlinks -rename /Users/Veer/Library/Developer/Xcode/DerivedData/HearifyV1-ftljoypfezvlxcgouzbpmsmxzads/Build/Intermediates.noindex/Firebase.build/Debug-iphoneos/FirebaseAuth.build/Objects-normal/arm64/FirebaseAuth.abi.json /Users/Veer/Library/Developer/Xcode/DerivedData/HearifyV1-ftljoypfezvlxcgouzbpmsmxzads/Build/Products/Debug-iphoneos/FirebaseAuth.swiftmodule/arm64-apple-ios.abi.json

ProcessInfoPlistFile /Users/Veer/Library/Developer/Xcode/DerivedData/HearifyV1-ftljoypfezvlxcgouzbpmsmxzads/Build/Products/Debug-iphoneos/Firebase_FirebaseAuth.bundle/Info.plist /Users/Veer/Library/Developer/Xcode/DerivedData/HearifyV1-ftljoypfezvlxcgouzbpmsmxzads/Build/Intermediates.noindex/Firebase.build/Debug-iphoneos/Firebase_FirebaseAuth.build/empty-Firebase_FirebaseAuth.plist (in target 'Firebase_FirebaseAuth' from project 'Firebase')
    cd /Users/Veer/Library/Developer/Xcode/DerivedData/HearifyV1-ftljoypfezvlxcgouzbpmsmxzads/SourcePackages/checkouts/firebase-ios-sdk
    builtin-infoPlistUtility /Users/Veer/Library/Developer/Xcode/DerivedData/HearifyV1-ftljoypfezvlxcgouzbpmsmxzads/Build/Intermediates.noindex/Firebase.build/Debug-iphoneos/Firebase_FirebaseAuth.build/empty-Firebase_FirebaseAuth.plist -producttype com.apple.product-type.bundle -expandbuildsettings -format binary -platform iphoneos -requiredArchitecture arm64 -o /Users/Veer/Library/Developer/Xcode/DerivedData/HearifyV1-ftljoypfezvlxcgouzbpmsmxzads/Build/Products/Debug-iphoneos/Firebase_FirebaseAuth.bundle/Info.plist

ProcessProductPackaging /Users/Veer/Library/Mobile\ Documents/com~apple~CloudDocs/HearifyV1/HearifyV1/HearifyV1.entitlements /Users/Veer/Library/Developer/Xcode/DerivedData/HearifyV1-ftljoypfezvlxcgouzbpmsmxzads/Build/Intermediates.noindex/HearifyV1.build/Debug-iphoneos/HearifyV1.build/HearifyV1.app.xcent (in target 'HearifyV1' from project 'HearifyV1')
    cd /Users/Veer/Library/Mobile\ Documents/com\~apple\~CloudDocs/HearifyV1
    
    Entitlements:
    
    {
    "application-identifier" = "H79TUQ5672.VeerChopra.HearifyV1";
    "com.apple.developer.icloud-container-environment" = Production;
    "com.apple.developer.icloud-container-identifiers" =     (
        "iCloud.VeerChopra.HearifyV1"
    );
    "com.apple.developer.icloud-services" =     (
        CloudKit
    );
    "com.apple.developer.team-identifier" = H79TUQ5672;
    "com.apple.developer.ubiquity-container-identifiers" =     (
        "iCloud.VeerChopra.HearifyV1"
    );
    "get-task-allow" = 1;
}
    
    builtin-productPackagingUtility /Users/Veer/Library/Mobile\ Documents/com\~apple\~CloudDocs/HearifyV1/HearifyV1/HearifyV1.entitlements -entitlements -format xml -o /Users/Veer/Library/Developer/Xcode/DerivedData/HearifyV1-ftljoypfezvlxcgouzbpmsmxzads/Build/Intermediates.noindex/HearifyV1.build/Debug-iphoneos/HearifyV1.build/HearifyV1.app.xcent

ProcessProductPackagingDER /Users/Veer/Library/Developer/Xcode/DerivedData/HearifyV1-ftljoypfezvlxcgouzbpmsmxzads/Build/Intermediates.noindex/HearifyV1.build/Debug-iphoneos/HearifyV1.build/HearifyV1.app.xcent /Users/Veer/Library/Developer/Xcode/DerivedData/HearifyV1-ftljoypfezvlxcgouzbpmsmxzads/Build/Intermediates.noindex/HearifyV1.build/Debug-iphoneos/HearifyV1.build/HearifyV1.app.xcent.der (in target 'HearifyV1' from project 'HearifyV1')
    cd /Users/Veer/Library/Mobile\ Documents/com\~apple\~CloudDocs/HearifyV1
    /usr/bin/derq query -f xml -i /Users/Veer/Library/Developer/Xcode/DerivedData/HearifyV1-ftljoypfezvlxcgouzbpmsmxzads/Build/Intermediates.noindex/HearifyV1.build/Debug-iphoneos/HearifyV1.build/HearifyV1.app.xcent -o /Users/Veer/Library/Developer/Xcode/DerivedData/HearifyV1-ftljoypfezvlxcgouzbpmsmxzads/Build/Intermediates.noindex/HearifyV1.build/Debug-iphoneos/HearifyV1.build/HearifyV1.app.xcent.der --raw

SwiftDriver HearifyV1 normal arm64 com.apple.xcode.tools.swift.compiler (in target 'HearifyV1' from project 'HearifyV1')
    cd /Users/Veer/Library/Mobile\ Documents/com\~apple\~CloudDocs/HearifyV1
    builtin-SwiftDriver -- /Applications/Xcode.app/Contents/Developer/Toolchains/XcodeDefault.xctoolchain/usr/bin/swiftc -module-name HearifyV1 -Onone -enforce-exclusivity\=checked @/Users/Veer/Library/Developer/Xcode/DerivedData/HearifyV1-ftljoypfezvlxcgouzbpmsmxzads/Build/Intermediates.noindex/HearifyV1.build/Debug-iphoneos/HearifyV1.build/Objects-normal/arm64/HearifyV1.SwiftFileList -DDEBUG -Xcc -fmodule-map-file\=/Users/Veer/Library/Developer/Xcode/DerivedData/HearifyV1-ftljoypfezvlxcgouzbpmsmxzads/Build/Intermediates.noindex/GeneratedModuleMaps-iphoneos/RecaptchaInterop.modulemap -Xcc -fmodule-map-file\=/Users/Veer/Library/Developer/Xcode/DerivedData/HearifyV1-ftljoypfezvlxcgouzbpmsmxzads/Build/Intermediates.noindex/GeneratedModuleMaps-iphoneos/GoogleUtilities-Network.modulemap -Xcc -fmodule-map-file\=/Users/Veer/Library/Developer/Xcode/DerivedData/HearifyV1-ftljoypfezvlxcgouzbpmsmxzads/Build/Intermediates.noindex/GeneratedModuleMaps-iphoneos/GoogleUtilities-Reachability.modulemap -Xcc -fmodule-map-file\=/Users/Veer/Library/Developer/Xcode/DerivedData/HearifyV1-ftljoypfezvlxcgouzbpmsmxzads/Build/Intermediates.noindex/GeneratedModuleMaps-iphoneos/GoogleUtilities-AppDelegateSwizzler.modulemap -Xcc -fmodule-map-file\=/Users/Veer/Library/Developer/Xcode/DerivedData/HearifyV1-ftljoypfezvlxcgouzbpmsmxzads/Build/Intermediates.noindex/GeneratedModuleMaps-iphoneos/GTMSessionFetcherCore.modulemap -Xcc -fmodule-map-file\=/Users/Veer/Library/Developer/Xcode/DerivedData/HearifyV1-ftljoypfezvlxcgouzbpmsmxzads/Build/Intermediates.noindex/GeneratedModuleMaps-iphoneos/FirebaseAuthInternal.modulemap -Xcc -fmodule-map-file\=/Users/Veer/Library/Developer/Xcode/DerivedData/HearifyV1-ftljoypfezvlxcgouzbpmsmxzads/Build/Intermediates.noindex/GeneratedModuleMaps-iphoneos/FirebaseAuthInterop.modulemap -Xcc -fmodule-map-file\=/Users/Veer/Library/Developer/Xcode/DerivedData/HearifyV1-ftljoypfezvlxcgouzbpmsmxzads/Build/Intermediates.noindex/GeneratedModuleMaps-iphoneos/GoogleUtilities-NSData.modulemap -Xcc -fmodule-map-file\=/Users/Veer/Library/Developer/Xcode/DerivedData/HearifyV1-ftljoypfezvlxcgouzbpmsmxzads/Build/Intermediates.noindex/GeneratedModuleMaps-iphoneos/GoogleUtilities-Environment.modulemap -Xcc -fmodule-map-file\=/Users/Veer/Library/Developer/Xcode/DerivedData/HearifyV1-ftljoypfezvlxcgouzbpmsmxzads/Build/Intermediates.noindex/GeneratedModuleMaps-iphoneos/third-party-IsAppEncrypted.modulemap -Xcc -fmodule-map-file\=/Users/Veer/Library/Developer/Xcode/DerivedData/HearifyV1-ftljoypfezvlxcgouzbpmsmxzads/Build/Intermediates.noindex/GeneratedModuleMaps-iphoneos/GoogleUtilities-Logger.modulemap -Xcc -fmodule-map-file\=/Users/Veer/Library/Developer/Xcode/DerivedData/HearifyV1-ftljoypfezvlxcgouzbpmsmxzads/Build/Intermediates.noindex/GeneratedModuleMaps-iphoneos/abslWrapper.modulemap -Xcc -fmodule-map-file\=/Users/Veer/Library/Developer/Xcode/DerivedData/HearifyV1-ftljoypfezvlxcgouzbpmsmxzads/Build/Intermediates.noindex/GeneratedModuleMaps-iphoneos/opensslWrapper.modulemap -Xcc -fmodule-map-file\=/Users/Veer/Library/Developer/Xcode/DerivedData/HearifyV1-ftljoypfezvlxcgouzbpmsmxzads/Build/Intermediates.noindex/GeneratedModuleMaps-iphoneos/grpcWrapper.modulemap -Xcc -fmodule-map-file\=/Users/Veer/Library/Developer/Xcode/DerivedData/HearifyV1-ftljoypfezvlxcgouzbpmsmxzads/Build/Intermediates.noindex/GeneratedModuleMaps-iphoneos/grpcppWrapper.modulemap -Xcc -fmodule-map-file\=/Users/Veer/Library/Developer/Xcode/DerivedData/HearifyV1-ftljoypfezvlxcgouzbpmsmxzads/Build/Intermediates.noindex/GeneratedModuleMaps-iphoneos/nanopb.modulemap -Xcc -fmodule-map-file\=/Users/Veer/Library/Developer/Xcode/DerivedData/HearifyV1-ftljoypfezvlxcgouzbpmsmxzads/Build/Intermediates.noindex/GeneratedModuleMaps-iphoneos/leveldb.modulemap -Xcc -fmodule-map-file\=/Users/Veer/Library/Developer/Xcode/DerivedData/HearifyV1-ftljoypfezvlxcgouzbpmsmxzads/Build/Intermediates.noindex/GeneratedModuleMaps-iphoneos/FirebaseCoreExtension.modulemap -Xcc -fmodule-map-file\=/Users/Veer/Library/Developer/Xcode/DerivedData/HearifyV1-ftljoypfezvlxcgouzbpmsmxzads/Build/Intermediates.noindex/GeneratedModuleMaps-iphoneos/FirebaseCore.modulemap -Xcc -fmodule-map-file\=/Users/Veer/Library/Developer/Xcode/DerivedData/HearifyV1-ftljoypfezvlxcgouzbpmsmxzads/Build/Intermediates.noindex/GeneratedModuleMaps-iphoneos/FirebaseAppCheckInterop.modulemap -Xcc -fmodule-map-file\=/Users/Veer/Library/Developer/Xcode/DerivedData/HearifyV1-ftljoypfezvlxcgouzbpmsmxzads/Build/Intermediates.noindex/GeneratedModuleMaps-iphoneos/FirebaseFirestoreInternalWrapper.modulemap -Xcc -fmodule-map-file\=/Users/Veer/Library/Developer/Xcode/DerivedData/HearifyV1-ftljoypfezvlxcgouzbpmsmxzads/Build/Intermediates.noindex/GeneratedModuleMaps-iphoneos/FirebaseFirestoreTarget.modulemap -enable-bare-slash-regex -enable-experimental-feature DebugDescriptionMacro -sdk /Applications/Xcode.app/Contents/Developer/Platforms/iPhoneOS.platform/Developer/SDKs/iPhoneOS26.2.sdk -target arm64-apple-ios16.6 -g -module-cache-path /Users/Veer/Library/Developer/Xcode/DerivedData/ModuleCache.noindex -Xfrontend -serialize-debugging-options -profile-coverage-mapping -profile-generate -enable-testing -index-store-path /Users/Veer/Library/Developer/Xcode/DerivedData/HearifyV1-ftljoypfezvlxcgouzbpmsmxzads/Index.noindex/DataStore -Xcc -D_LIBCPP_HARDENING_MODE\=_LIBCPP_HARDENING_MODE_DEBUG -swift-version 5 -I /Users/Veer/Library/Developer/Xcode/DerivedData/HearifyV1-ftljoypfezvlxcgouzbpmsmxzads/Build/Products/Debug-iphoneos -F /Users/Veer/Library/Developer/Xcode/DerivedData/HearifyV1-ftljoypfezvlxcgouzbpmsmxzads/Build/Products/Debug-iphoneos/PackageFrameworks -F /Users/Veer/Library/Developer/Xcode/DerivedData/HearifyV1-ftljoypfezvlxcgouzbpmsmxzads/Build/Products/Debug-iphoneos/PackageFrameworks -F /Users/Veer/Library/Developer/Xcode/DerivedData/HearifyV1-ftljoypfezvlxcgouzbpmsmxzads/Build/Products/Debug-iphoneos/PackageFrameworks -F /Users/Veer/Library/Developer/Xcode/DerivedData/HearifyV1-ftljoypfezvlxcgouzbpmsmxzads/Build/Products/Debug-iphoneos/PackageFrameworks -F /Users/Veer/Library/Developer/Xcode/DerivedData/HearifyV1-ftljoypfezvlxcgouzbpmsmxzads/Build/Products/Debug-iphoneos/PackageFrameworks -F /Users/Veer/Library/Developer/Xcode/DerivedData/HearifyV1-ftljoypfezvlxcgouzbpmsmxzads/Build/Products/Debug-iphoneos/PackageFrameworks -F /Users/Veer/Library/Developer/Xcode/DerivedData/HearifyV1-ftljoypfezvlxcgouzbpmsmxzads/Build/Products/Debug-iphoneos/PackageFrameworks -F /Users/Veer/Library/Developer/Xcode/DerivedData/HearifyV1-ftljoypfezvlxcgouzbpmsmxzads/Build/Products/Debug-iphoneos/PackageFrameworks -F /Users/Veer/Library/Developer/Xcode/DerivedData/HearifyV1-ftljoypfezvlxcgouzbpmsmxzads/Build/Products/Debug-iphoneos/PackageFrameworks -F /Users/Veer/Library/Developer/Xcode/DerivedData/HearifyV1-ftljoypfezvlxcgouzbpmsmxzads/Build/Products/Debug-iphoneos/PackageFrameworks -F /Users/Veer/Library/Developer/Xcode/DerivedData/HearifyV1-ftljoypfezvlxcgouzbpmsmxzads/Build/Products/Debug-iphoneos/PackageFrameworks -F /Users/Veer/Library/Developer/Xcode/DerivedData/HearifyV1-ftljoypfezvlxcgouzbpmsmxzads/Build/Products/Debug-iphoneos/PackageFrameworks -F /Users/Veer/Library/Developer/Xcode/DerivedData/HearifyV1-ftljoypfezvlxcgouzbpmsmxzads/Build/Products/Debug-iphoneos/PackageFrameworks -F /Users/Veer/Library/Developer/Xcode/DerivedData/HearifyV1-ftljoypfezvlxcgouzbpmsmxzads/Build/Products/Debug-iphoneos/PackageFrameworks -F /Users/Veer/Library/Developer/Xcode/DerivedData/HearifyV1-ftljoypfezvlxcgouzbpmsmxzads/Build/Products/Debug-iphoneos/PackageFrameworks -F /Users/Veer/Library/Developer/Xcode/DerivedData/HearifyV1-ftljoypfezvlxcgouzbpmsmxzads/Build/Products/Debug-iphoneos/PackageFrameworks -F /Users/Veer/Library/Developer/Xcode/DerivedData/HearifyV1-ftljoypfezvlxcgouzbpmsmxzads/Build/Products/Debug-iphoneos/PackageFrameworks -F /Users/Veer/Library/Developer/Xcode/DerivedData/HearifyV1-ftljoypfezvlxcgouzbpmsmxzads/Build/Products/Debug-iphoneos/PackageFrameworks -F /Users/Veer/Library/Developer/Xcode/DerivedData/HearifyV1-ftljoypfezvlxcgouzbpmsmxzads/Build/Products/Debug-iphoneos/PackageFrameworks -F /Users/Veer/Library/Developer/Xcode/DerivedData/HearifyV1-ftljoypfezvlxcgouzbpmsmxzads/Build/Products/Debug-iphoneos/PackageFrameworks -F /Users/Veer/Library/Developer/Xcode/DerivedData/HearifyV1-ftljoypfezvlxcgouzbpmsmxzads/Build/Products/Debug-iphoneos/PackageFrameworks -F /Users/Veer/Library/Developer/Xcode/DerivedData/HearifyV1-ftljoypfezvlxcgouzbpmsmxzads/Build/Products/Debug-iphoneos/PackageFrameworks -F /Users/Veer/Library/Developer/Xcode/DerivedData/HearifyV1-ftljoypfezvlxcgouzbpmsmxzads/Build/Products/Debug-iphoneos/PackageFrameworks -F /Users/Veer/Library/Developer/Xcode/DerivedData/HearifyV1-ftljoypfezvlxcgouzbpmsmxzads/Build/Products/Debug-iphoneos/PackageFrameworks -F /Users/Veer/Library/Developer/Xcode/DerivedData/HearifyV1-ftljoypfezvlxcgouzbpmsmxzads/Build/Products/Debug-iphoneos/PackageFrameworks -F /Users/Veer/Library/Developer/Xcode/DerivedData/HearifyV1-ftljoypfezvlxcgouzbpmsmxzads/Build/Products/Debug-iphoneos/PackageFrameworks -F /Users/Veer/Library/Developer/Xcode/DerivedData/HearifyV1-ftljoypfezvlxcgouzbpmsmxzads/Build/Products/Debug-iphoneos/PackageFrameworks -F /Users/Veer/Library/Developer/Xcode/DerivedData/HearifyV1-ftljoypfezvlxcgouzbpmsmxzads/Build/Products/Debug-iphoneos/PackageFrameworks -F /Users/Veer/Library/Developer/Xcode/DerivedData/HearifyV1-ftljoypfezvlxcgouzbpmsmxzads/Build/Products/Debug-iphoneos -emit-localized-strings -emit-localized-strings-path /Users/Veer/Library/Developer/Xcode/DerivedData/HearifyV1-ftljoypfezvlxcgouzbpmsmxzads/Build/Intermediates.noindex/HearifyV1.build/Debug-iphoneos/HearifyV1.build/Objects-normal/arm64 -c -j10 -enable-batch-mode -incremental -Xcc -ivfsstatcache -Xcc /Users/Veer/Library/Developer/Xcode/DerivedData/SDKStatCaches.noindex/iphoneos26.2-23C53-3794476bd08197c3e2abd9bb477ef7f7.sdkstatcache -output-file-map /Users/Veer/Library/Developer/Xcode/DerivedData/HearifyV1-ftljoypfezvlxcgouzbpmsmxzads/Build/Intermediates.noindex/HearifyV1.build/Debug-iphoneos/HearifyV1.build/Objects-normal/arm64/HearifyV1-OutputFileMap.json -use-frontend-parseable-output -save-temps -no-color-diagnostics -explicit-module-build -module-cache-path /Users/Veer/Library/Developer/Xcode/DerivedData/HearifyV1-ftljoypfezvlxcgouzbpmsmxzads/Build/Intermediates.noindex/SwiftExplicitPrecompiledModules -clang-scanner-module-cache-path /Users/Veer/Library/Developer/Xcode/DerivedData/ModuleCache.noindex -sdk-module-cache-path /Users/Veer/Library/Developer/Xcode/DerivedData/ModuleCache.noindex -serialize-diagnostics -emit-dependencies -emit-module -emit-module-path /Users/Veer/Library/Developer/Xcode/DerivedData/HearifyV1-ftljoypfezvlxcgouzbpmsmxzads/Build/Intermediates.noindex/HearifyV1.build/Debug-iphoneos/HearifyV1.build/Objects-normal/arm64/HearifyV1.swiftmodule -validate-clang-modules-once -clang-build-session-file /Users/Veer/Library/Developer/Xcode/DerivedData/ModuleCache.noindex/Session.modulevalidation -Xcc -I/Users/Veer/Library/Developer/Xcode/DerivedData/HearifyV1-ftljoypfezvlxcgouzbpmsmxzads/Build/Intermediates.noindex/HearifyV1.build/Debug-iphoneos/HearifyV1.build/swift-overrides.hmap -emit-const-values -Xfrontend -const-gather-protocols-file -Xfrontend /Users/Veer/Library/Developer/Xcode/DerivedData/HearifyV1-ftljoypfezvlxcgouzbpmsmxzads/Build/Intermediates.noindex/HearifyV1.build/Debug-iphoneos/HearifyV1.build/Objects-normal/arm64/HearifyV1_const_extract_protocols.json -Xcc -iquote -Xcc /Users/Veer/Library/Developer/Xcode/DerivedData/HearifyV1-ftljoypfezvlxcgouzbpmsmxzads/Build/Intermediates.noindex/HearifyV1.build/Debug-iphoneos/HearifyV1.build/HearifyV1-generated-files.hmap -Xcc -I/Users/Veer/Library/Developer/Xcode/DerivedData/HearifyV1-ftljoypfezvlxcgouzbpmsmxzads/Build/Intermediates.noindex/HearifyV1.build/Debug-iphoneos/HearifyV1.build/HearifyV1-own-target-headers.hmap -Xcc -I/Users/Veer/Library/Developer/Xcode/DerivedData/HearifyV1-ftljoypfezvlxcgouzbpmsmxzads/Build/Intermediates.noindex/HearifyV1.build/Debug-iphoneos/HearifyV1.build/HearifyV1-all-non-framework-target-headers.hmap -Xcc -ivfsoverlay -Xcc /Users/Veer/Library/Developer/Xcode/DerivedData/HearifyV1-ftljoypfezvlxcgouzbpmsmxzads/Build/Intermediates.noindex/HearifyV1.build/Debug-iphoneos/HearifyV1-521b383a001212c1ccf60a43897f0080-VFS-iphoneos/all-product-headers.yaml -Xcc -iquote -Xcc /Users/Veer/Library/Developer/Xcode/DerivedData/HearifyV1-ftljoypfezvlxcgouzbpmsmxzads/Build/Intermediates.noindex/HearifyV1.build/Debug-iphoneos/HearifyV1.build/HearifyV1-project-headers.hmap -Xcc -I/Users/Veer/Library/Developer/Xcode/DerivedData/HearifyV1-ftljoypfezvlxcgouzbpmsmxzads/SourcePackages/checkouts/interop-ios-for-google-sdks/RecaptchaEnterprise/RecaptchaInterop/Public -Xcc -I/Users/Veer/Library/Developer/Xcode/DerivedData/HearifyV1-ftljoypfezvlxcgouzbpmsmxzads/SourcePackages/checkouts/GoogleUtilities/GoogleUtilities/Network/Public -Xcc -I/Users/Veer/Library/Developer/Xcode/DerivedData/HearifyV1-ftljoypfezvlxcgouzbpmsmxzads/SourcePackages/checkouts/GoogleUtilities/GoogleUtilities/Reachability/Public -Xcc -I/Users/Veer/Library/Developer/Xcode/DerivedData/HearifyV1-ftljoypfezvlxcgouzbpmsmxzads/SourcePackages/checkouts/GoogleUtilities/GoogleUtilities/AppDelegateSwizzler/Public -Xcc -I/Users/Veer/Library/Developer/Xcode/DerivedData/HearifyV1-ftljoypfezvlxcgouzbpmsmxzads/SourcePackages/checkouts/gtm-session-fetcher/Sources/Core/Public -Xcc -I/Users/Veer/Library/Developer/Xcode/DerivedData/HearifyV1-ftljoypfezvlxcgouzbpmsmxzads/SourcePackages/checkouts/firebase-ios-sdk/FirebaseAuth/Sources/Public -Xcc -I/Users/Veer/Library/Developer/Xcode/DerivedData/HearifyV1-ftljoypfezvlxcgouzbpmsmxzads/SourcePackages/checkouts/firebase-ios-sdk/FirebaseAuth/Interop/Public -Xcc -I/Users/Veer/Library/Developer/Xcode/DerivedData/HearifyV1-ftljoypfezvlxcgouzbpmsmxzads/SourcePackages/checkouts/GoogleUtilities/GoogleUtilities/NSData+zlib/Public -Xcc -I/Users/Veer/Library/Developer/Xcode/DerivedData/HearifyV1-ftljoypfezvlxcgouzbpmsmxzads/SourcePackages/checkouts/GoogleUtilities/GoogleUtilities/Environment/Public -Xcc -I/Users/Veer/Library/Developer/Xcode/DerivedData/HearifyV1-ftljoypfezvlxcgouzbpmsmxzads/SourcePackages/checkouts/GoogleUtilities/third_party/IsAppEncrypted/Public -Xcc -I/Users/Veer/Library/Developer/Xcode/DerivedData/HearifyV1-ftljoypfezvlxcgouzbpmsmxzads/SourcePackages/checkouts/GoogleUtilities/GoogleUtilities/Logger/Public -Xcc -I/Users/Veer/Library/Developer/Xcode/DerivedData/HearifyV1-ftljoypfezvlxcgouzbpmsmxzads/SourcePackages/checkouts/abseil-cpp-binary/absl-Wrapper/include -Xcc -I/Users/Veer/Library/Developer/Xcode/DerivedData/HearifyV1-ftljoypfezvlxcgouzbpmsmxzads/SourcePackages/checkouts/grpc-binary/openssl-grpc-Wrapper/include -Xcc -I/Users/Veer/Library/Developer/Xcode/DerivedData/HearifyV1-ftljoypfezvlxcgouzbpmsmxzads/SourcePackages/checkouts/grpc-binary/grpc-Wrapper/include -Xcc -I/Users/Veer/Library/Developer/Xcode/DerivedData/HearifyV1-ftljoypfezvlxcgouzbpmsmxzads/SourcePackages/checkouts/grpc-binary/grpcpp-Wrapper/include -Xcc -I/Users/Veer/Library/Developer/Xcode/DerivedData/HearifyV1-ftljoypfezvlxcgouzbpmsmxzads/SourcePackages/checkouts/nanopb/spm_headers -Xcc -I/Users/Veer/Library/Developer/Xcode/DerivedData/HearifyV1-ftljoypfezvlxcgouzbpmsmxzads/SourcePackages/checkouts/leveldb/include -Xcc -I/Users/Veer/Library/Developer/Xcode/DerivedData/HearifyV1-ftljoypfezvlxcgouzbpmsmxzads/SourcePackages/checkouts/firebase-ios-sdk/FirebaseCore/Extension -Xcc -I/Users/Veer/Library/Developer/Xcode/DerivedData/HearifyV1-ftljoypfezvlxcgouzbpmsmxzads/SourcePackages/checkouts/firebase-ios-sdk/FirebaseCore/Sources/Public -Xcc -I/Users/Veer/Library/Developer/Xcode/DerivedData/HearifyV1-ftljoypfezvlxcgouzbpmsmxzads/SourcePackages/checkouts/firebase-ios-sdk/CoreOnly/Sources -Xcc -I/Users/Veer/Library/Developer/Xcode/DerivedData/HearifyV1-ftljoypfezvlxcgouzbpmsmxzads/SourcePackages/checkouts/firebase-ios-sdk/FirebaseAppCheck/Interop/Public -Xcc -I/Users/Veer/Library/Developer/Xcode/DerivedData/HearifyV1-ftljoypfezvlxcgouzbpmsmxzads/SourcePackages/checkouts/firebase-ios-sdk/FirebaseFirestoreInternal -Xcc -I/Users/Veer/Library/Developer/Xcode/DerivedData/HearifyV1-ftljoypfezvlxcgouzbpmsmxzads/SourcePackages/checkouts/firebase-ios-sdk/SwiftPM-PlatformExclude/FirebaseFirestoreWrap/include -Xcc -I/Users/Veer/Library/Developer/Xcode/DerivedData/HearifyV1-ftljoypfezvlxcgouzbpmsmxzads/Build/Products/Debug-iphoneos/include -Xcc -I/Users/Veer/Library/Developer/Xcode/DerivedData/HearifyV1-ftljoypfezvlxcgouzbpmsmxzads/Build/Intermediates.noindex/HearifyV1.build/Debug-iphoneos/HearifyV1.build/DerivedSources-normal/arm64 -Xcc -I/Users/Veer/Library/Developer/Xcode/DerivedData/HearifyV1-ftljoypfezvlxcgouzbpmsmxzads/Build/Intermediates.noindex/HearifyV1.build/Debug-iphoneos/HearifyV1.build/DerivedSources/arm64 -Xcc -I/Users/Veer/Library/Developer/Xcode/DerivedData/HearifyV1-ftljoypfezvlxcgouzbpmsmxzads/Build/Intermediates.noindex/HearifyV1.build/Debug-iphoneos/HearifyV1.build/DerivedSources -Xcc -DDEBUG\=1 -emit-objc-header -emit-objc-header-path /Users/Veer/Library/Developer/Xcode/DerivedData/HearifyV1-ftljoypfezvlxcgouzbpmsmxzads/Build/Intermediates.noindex/HearifyV1.build/Debug-iphoneos/HearifyV1.build/Objects-normal/arm64/HearifyV1-Swift.h -working-directory /Users/Veer/Library/Mobile\ Documents/com\~apple\~CloudDocs/HearifyV1 -experimental-emit-module-separately -disable-cmo

ProcessInfoPlistFile /Users/Veer/Library/Developer/Xcode/DerivedData/HearifyV1-ftljoypfezvlxcgouzbpmsmxzads/Build/Products/Debug-iphoneos/HearifyV1.app/Info.plist /Users/Veer/Library/Mobile\ Documents/com~apple~CloudDocs/HearifyV1/HearifyV1/Info.plist (in target 'HearifyV1' from project 'HearifyV1')
    cd /Users/Veer/Library/Mobile\ Documents/com\~apple\~CloudDocs/HearifyV1
    builtin-infoPlistUtility /Users/Veer/Library/Mobile\ Documents/com\~apple\~CloudDocs/HearifyV1/HearifyV1/Info.plist -producttype com.apple.product-type.application -genpkginfo /Users/Veer/Library/Developer/Xcode/DerivedData/HearifyV1-ftljoypfezvlxcgouzbpmsmxzads/Build/Products/Debug-iphoneos/HearifyV1.app/PkgInfo -expandbuildsettings -format binary -platform iphoneos -additionalcontentfile /Users/Veer/Library/Developer/Xcode/DerivedData/HearifyV1-ftljoypfezvlxcgouzbpmsmxzads/Build/Intermediates.noindex/HearifyV1.build/Debug-iphoneos/HearifyV1.build/assetcatalog_generated_info.plist -additionalcontentfile /Users/Veer/Library/Developer/Xcode/DerivedData/HearifyV1-ftljoypfezvlxcgouzbpmsmxzads/Build/Intermediates.noindex/HearifyV1.build/Debug-iphoneos/HearifyV1.build/Launch\ Screen-SBPartialInfo.plist -scanforprivacyfile /Users/Veer/Library/Developer/Xcode/DerivedData/HearifyV1-ftljoypfezvlxcgouzbpmsmxzads/Build/Products/Debug-iphoneos/HearifyV1.app/Firebase_FirebaseAuth.bundle -scanforprivacyfile /Users/Veer/Library/Developer/Xcode/DerivedData/HearifyV1-ftljoypfezvlxcgouzbpmsmxzads/Build/Products/Debug-iphoneos/HearifyV1.app/Firebase_FirebaseCore.bundle -scanforprivacyfile /Users/Veer/Library/Developer/Xcode/DerivedData/HearifyV1-ftljoypfezvlxcgouzbpmsmxzads/Build/Products/Debug-iphoneos/HearifyV1.app/Firebase_FirebaseCoreExtension.bundle -scanforprivacyfile /Users/Veer/Library/Developer/Xcode/DerivedData/HearifyV1-ftljoypfezvlxcgouzbpmsmxzads/Build/Products/Debug-iphoneos/HearifyV1.app/Firebase_FirebaseCoreInternal.bundle -scanforprivacyfile /Users/Veer/Library/Developer/Xcode/DerivedData/HearifyV1-ftljoypfezvlxcgouzbpmsmxzads/Build/Products/Debug-iphoneos/HearifyV1.app/Firebase_FirebaseFirestore.bundle -scanforprivacyfile /Users/Veer/Library/Developer/Xcode/DerivedData/HearifyV1-ftljoypfezvlxcgouzbpmsmxzads/Build/Products/Debug-iphoneos/HearifyV1.app/Frameworks/FirebaseFirestoreInternal.framework -scanforprivacyfile /Users/Veer/Library/Developer/Xcode/DerivedData/HearifyV1-ftljoypfezvlxcgouzbpmsmxzads/Build/Products/Debug-iphoneos/HearifyV1.app/Frameworks/absl.framework -scanforprivacyfile /Users/Veer/Library/Developer/Xcode/DerivedData/HearifyV1-ftljoypfezvlxcgouzbpmsmxzads/Build/Products/Debug-iphoneos/HearifyV1.app/Frameworks/grpc.framework -scanforprivacyfile /Users/Veer/Library/Developer/Xcode/DerivedData/HearifyV1-ftljoypfezvlxcgouzbpmsmxzads/Build/Products/Debug-iphoneos/HearifyV1.app/Frameworks/grpcpp.framework -scanforprivacyfile /Users/Veer/Library/Developer/Xcode/DerivedData/HearifyV1-ftljoypfezvlxcgouzbpmsmxzads/Build/Products/Debug-iphoneos/HearifyV1.app/Frameworks/openssl_grpc.framework -scanforprivacyfile /Users/Veer/Library/Developer/Xcode/DerivedData/HearifyV1-ftljoypfezvlxcgouzbpmsmxzads/Build/Products/Debug-iphoneos/HearifyV1.app/GTMSessionFetcher_GTMSessionFetcherCore.bundle -scanforprivacyfile /Users/Veer/Library/Developer/Xcode/DerivedData/HearifyV1-ftljoypfezvlxcgouzbpmsmxzads/Build/Products/Debug-iphoneos/HearifyV1.app/GoogleUtilities_GoogleUtilities-AppDelegateSwizzler.bundle -scanforprivacyfile /Users/Veer/Library/Developer/Xcode/DerivedData/HearifyV1-ftljoypfezvlxcgouzbpmsmxzads/Build/Products/Debug-iphoneos/HearifyV1.app/GoogleUtilities_GoogleUtilities-Environment.bundle -scanforprivacyfile /Users/Veer/Library/Developer/Xcode/DerivedData/HearifyV1-ftljoypfezvlxcgouzbpmsmxzads/Build/Products/Debug-iphoneos/HearifyV1.app/GoogleUtilities_GoogleUtilities-Logger.bundle -scanforprivacyfile /Users/Veer/Library/Developer/Xcode/DerivedData/HearifyV1-ftljoypfezvlxcgouzbpmsmxzads/Build/Products/Debug-iphoneos/HearifyV1.app/GoogleUtilities_GoogleUtilities-NSData.bundle -scanforprivacyfile /Users/Veer/Library/Developer/Xcode/DerivedData/HearifyV1-ftljoypfezvlxcgouzbpmsmxzads/Build/Products/Debug-iphoneos/HearifyV1.app/GoogleUtilities_GoogleUtilities-Network.bundle -scanforprivacyfile /Users/Veer/Library/Developer/Xcode/DerivedData/HearifyV1-ftljoypfezvlxcgouzbpmsmxzads/Build/Products/Debug-iphoneos/HearifyV1.app/GoogleUtilities_GoogleUtilities-Reachability.bundle -scanforprivacyfile /Users/Veer/Library/Developer/Xcode/DerivedData/HearifyV1-ftljoypfezvlxcgouzbpmsmxzads/Build/Products/Debug-iphoneos/HearifyV1.app/abseil_abslWrapper.bundle -scanforprivacyfile /Users/Veer/Library/Developer/Xcode/DerivedData/HearifyV1-ftljoypfezvlxcgouzbpmsmxzads/Build/Products/Debug-iphoneos/HearifyV1.app/gRPC_grpcWrapper.bundle -scanforprivacyfile /Users/Veer/Library/Developer/Xcode/DerivedData/HearifyV1-ftljoypfezvlxcgouzbpmsmxzads/Build/Products/Debug-iphoneos/HearifyV1.app/gRPC_grpcppWrapper.bundle -scanforprivacyfile /Users/Veer/Library/Developer/Xcode/DerivedData/HearifyV1-ftljoypfezvlxcgouzbpmsmxzads/Build/Products/Debug-iphoneos/HearifyV1.app/gRPC_opensslWrapper.bundle -scanforprivacyfile /Users/Veer/Library/Developer/Xcode/DerivedData/HearifyV1-ftljoypfezvlxcgouzbpmsmxzads/Build/Products/Debug-iphoneos/HearifyV1.app/leveldb_leveldb.bundle -scanforprivacyfile /Users/Veer/Library/Developer/Xcode/DerivedData/HearifyV1-ftljoypfezvlxcgouzbpmsmxzads/Build/Products/Debug-iphoneos/HearifyV1.app/nanopb_nanopb.bundle -requiredArchitecture arm64 -o /Users/Veer/Library/Developer/Xcode/DerivedData/HearifyV1-ftljoypfezvlxcgouzbpmsmxzads/Build/Products/Debug-iphoneos/HearifyV1.app/Info.plist

SwiftCompile normal arm64 Compiling\ FirebaseManager.swift,\ GamificationManager.swift,\ MouthComparisonEngine.swift,\ ProgressManager.swift,\ ProgressTrackingManager.swift,\ SpeechRecognitionManager.swift /Users/Veer/Library/Mobile\ Documents/com~apple~CloudDocs/HearifyV1/HearifyV1/Managers/FirebaseManager.swift /Users/Veer/Library/Mobile\ Documents/com~apple~CloudDocs/HearifyV1/HearifyV1/Managers/GamificationManager.swift /Users/Veer/Library/Mobile\ Documents/com~apple~CloudDocs/HearifyV1/HearifyV1/Managers/MouthComparisonEngine.swift /Users/Veer/Library/Mobile\ Documents/com~apple~CloudDocs/HearifyV1/HearifyV1/Managers/ProgressManager.swift /Users/Veer/Library/Mobile\ Documents/com~apple~CloudDocs/HearifyV1/HearifyV1/Managers/ProgressTrackingManager.swift /Users/Veer/Library/Mobile\ Documents/com~apple~CloudDocs/HearifyV1/HearifyV1/Managers/SpeechRecognitionManager.swift (in target 'HearifyV1' from project 'HearifyV1')

SwiftCompile normal arm64 /Users/Veer/Library/Mobile\ Documents/com~apple~CloudDocs/HearifyV1/HearifyV1/Managers/FirebaseManager.swift (in target 'HearifyV1' from project 'HearifyV1')
    cd /Users/Veer/Library/Mobile\ Documents/com\~apple\~CloudDocs/HearifyV1
    
/Users/Veer/Library/Mobile Documents/com~apple~CloudDocs/HearifyV1/HearifyV1/Managers/FirebaseManager.swift:391:21: warning: no 'async' operations occur within 'await' expression
            _ = try await storageRef.putData(pdfData, metadata: metadata)
                    ^
/Users/Veer/Library/Mobile Documents/com~apple~CloudDocs/HearifyV1/HearifyV1/Managers/FirebaseManager.swift:391:17: warning: no calls to throwing functions occur within 'try' expression
            _ = try await storageRef.putData(pdfData, metadata: metadata)
                ^
/Users/Veer/Library/Mobile Documents/com~apple~CloudDocs/HearifyV1/HearifyV1/Managers/FirebaseManager.swift:503:48: warning: reference to captured var 'loadedSessions' in concurrently-executing code; this is an error in the Swift 6 language mode
            AnalyticsManager.shared.sessions = loadedSessions
                                               ^
/Users/Veer/Library/Mobile Documents/com~apple~CloudDocs/HearifyV1/HearifyV1/Managers/FirebaseManager.swift:504:33: warning: reference to captured var 'loadedSessions' in concurrently-executing code; this is an error in the Swift 6 language mode
            print("✅ Loaded \(loadedSessions.count) sessions from Firebase")

SwiftCompile normal arm64 /Users/Veer/Library/Mobile\ Documents/com~apple~CloudDocs/HearifyV1/HearifyV1/Managers/GamificationManager.swift (in target 'HearifyV1' from project 'HearifyV1')
    cd /Users/Veer/Library/Mobile\ Documents/com\~apple\~CloudDocs/HearifyV1
    

SwiftCompile normal arm64 /Users/Veer/Library/Mobile\ Documents/com~apple~CloudDocs/HearifyV1/HearifyV1/Managers/MouthComparisonEngine.swift (in target 'HearifyV1' from project 'HearifyV1')
    cd /Users/Veer/Library/Mobile\ Documents/com\~apple\~CloudDocs/HearifyV1
    

SwiftCompile normal arm64 /Users/Veer/Library/Mobile\ Documents/com~apple~CloudDocs/HearifyV1/HearifyV1/Managers/ProgressManager.swift (in target 'HearifyV1' from project 'HearifyV1')
    cd /Users/Veer/Library/Mobile\ Documents/com\~apple\~CloudDocs/HearifyV1
    

SwiftCompile normal arm64 /Users/Veer/Library/Mobile\ Documents/com~apple~CloudDocs/HearifyV1/HearifyV1/Managers/ProgressTrackingManager.swift (in target 'HearifyV1' from project 'HearifyV1')
    cd /Users/Veer/Library/Mobile\ Documents/com\~apple\~CloudDocs/HearifyV1
    

SwiftCompile normal arm64 /Users/Veer/Library/Mobile\ Documents/com~apple~CloudDocs/HearifyV1/HearifyV1/Managers/SpeechRecognitionManager.swift (in target 'HearifyV1' from project 'HearifyV1')
    cd /Users/Veer/Library/Mobile\ Documents/com\~apple\~CloudDocs/HearifyV1
    

SwiftCompile normal arm64 Compiling\ TestModels.swift,\ VoiceSettings.swift,\ VoiceSettings_BACKUP.swift,\ ResponsiveButton.swift,\ ResponsiveHeadings.swift,\ AboutScreenView.swift /Users/Veer/Library/Mobile\ Documents/com~apple~CloudDocs/HearifyV1/HearifyV1/Models/TestModels.swift /Users/Veer/Library/Mobile\ Documents/com~apple~CloudDocs/HearifyV1/HearifyV1/Models/VoiceSettings.swift /Users/Veer/Library/Mobile\ Documents/com~apple~CloudDocs/HearifyV1/HearifyV1/Models/VoiceSettings_BACKUP.swift /Users/Veer/Library/Mobile\ Documents/com~apple~CloudDocs/HearifyV1/HearifyV1/Views/Components/ResponsiveButton.swift /Users/Veer/Library/Mobile\ Documents/com~apple~CloudDocs/HearifyV1/HearifyV1/Views/Components/ResponsiveHeadings.swift /Users/Veer/Library/Mobile\ Documents/com~apple~CloudDocs/HearifyV1/HearifyV1/Views/AboutScreenView.swift (in target 'HearifyV1' from project 'HearifyV1')

SwiftCompile normal arm64 /Users/Veer/Library/Mobile\ Documents/com~apple~CloudDocs/HearifyV1/HearifyV1/Models/TestModels.swift (in target 'HearifyV1' from project 'HearifyV1')
    cd /Users/Veer/Library/Mobile\ Documents/com\~apple\~CloudDocs/HearifyV1
    

SwiftCompile normal arm64 /Users/Veer/Library/Mobile\ Documents/com~apple~CloudDocs/HearifyV1/HearifyV1/Models/VoiceSettings.swift (in target 'HearifyV1' from project 'HearifyV1')
    cd /Users/Veer/Library/Mobile\ Documents/com\~apple\~CloudDocs/HearifyV1
    

SwiftCompile normal arm64 /Users/Veer/Library/Mobile\ Documents/com~apple~CloudDocs/HearifyV1/HearifyV1/Models/VoiceSettings_BACKUP.swift (in target 'HearifyV1' from project 'HearifyV1')
    cd /Users/Veer/Library/Mobile\ Documents/com\~apple\~CloudDocs/HearifyV1
    

SwiftCompile normal arm64 /Users/Veer/Library/Mobile\ Documents/com~apple~CloudDocs/HearifyV1/HearifyV1/Views/Components/ResponsiveButton.swift (in target 'HearifyV1' from project 'HearifyV1')
    cd /Users/Veer/Library/Mobile\ Documents/com\~apple\~CloudDocs/HearifyV1
    

SwiftCompile normal arm64 /Users/Veer/Library/Mobile\ Documents/com~apple~CloudDocs/HearifyV1/HearifyV1/Views/Components/ResponsiveHeadings.swift (in target 'HearifyV1' from project 'HearifyV1')
    cd /Users/Veer/Library/Mobile\ Documents/com\~apple\~CloudDocs/HearifyV1
    

SwiftCompile normal arm64 /Users/Veer/Library/Mobile\ Documents/com~apple~CloudDocs/HearifyV1/HearifyV1/Views/AboutScreenView.swift (in target 'HearifyV1' from project 'HearifyV1')
    cd /Users/Veer/Library/Mobile\ Documents/com\~apple\~CloudDocs/HearifyV1
    

SwiftCompile normal arm64 Compiling\ AdvancedListeningView.swift,\ AVSpeechTestView.swift,\ CameraPracticeView.swift,\ CameraPreviewView.swift,\ CameraVisionHubView.swift,\ ClinicianDashboardView.swift /Users/Veer/Library/Mobile\ Documents/com~apple~CloudDocs/HearifyV1/HearifyV1/Views/AdvancedListeningView.swift /Users/Veer/Library/Mobile\ Documents/com~apple~CloudDocs/HearifyV1/HearifyV1/Views/AVSpeechTestView.swift /Users/Veer/Library/Mobile\ Documents/com~apple~CloudDocs/HearifyV1/HearifyV1/Views/CameraPracticeView.swift /Users/Veer/Library/Mobile\ Documents/com~apple~CloudDocs/HearifyV1/HearifyV1/Views/CameraPreviewView.swift /Users/Veer/Library/Mobile\ Documents/com~apple~CloudDocs/HearifyV1/HearifyV1/Views/CameraVisionHubView.swift /Users/Veer/Library/Mobile\ Documents/com~apple~CloudDocs/HearifyV1/HearifyV1/Views/ClinicianDashboardView.swift (in target 'HearifyV1' from project 'HearifyV1')
SwiftCompile normal arm64 /Users/Veer/Library/Mobile\ Documents/com~apple~CloudDocs/HearifyV1/HearifyV1/Views/AdvancedListeningView.swift (in target 'HearifyV1' from project 'HearifyV1')
    cd /Users/Veer/Library/Mobile\ Documents/com\~apple\~CloudDocs/HearifyV1
    
/Users/Veer/Library/Mobile Documents/com~apple~CloudDocs/HearifyV1/HearifyV1/Views/AdvancedListeningView.swift:385:21: warning: case is already handled by previous patterns; consider removing it
        case .easy, .easy: return AppTheme.success
                    ^~~~~
/Users/Veer/Library/Mobile Documents/com~apple~CloudDocs/HearifyV1/HearifyV1/Views/AdvancedListeningView.swift:386:23: warning: case is already handled by previous patterns; consider removing it
        case .medium, .medium: return AppTheme.warning
                      ^~~~~~~
/Users/Veer/Library/Mobile Documents/com~apple~CloudDocs/HearifyV1/HearifyV1/Views/AdvancedListeningView.swift:387:21: warning: case is already handled by previous patterns; consider removing it
        case .hard, .hard, .hard: return AppTheme.error
                    ^~~~~
/Users/Veer/Library/Mobile Documents/com~apple~CloudDocs/HearifyV1/HearifyV1/Views/AdvancedListeningView.swift:387:28: warning: case is already handled by previous patterns; consider removing it
        case .hard, .hard, .hard: return AppTheme.error
                           ^~~~~

SwiftCompile normal arm64 /Users/Veer/Library/Mobile\ Documents/com~apple~CloudDocs/HearifyV1/HearifyV1/Views/AVSpeechTestView.swift (in target 'HearifyV1' from project 'HearifyV1')
    cd /Users/Veer/Library/Mobile\ Documents/com\~apple\~CloudDocs/HearifyV1
    

SwiftCompile normal arm64 /Users/Veer/Library/Mobile\ Documents/com~apple~CloudDocs/HearifyV1/HearifyV1/Views/CameraPracticeView.swift (in target 'HearifyV1' from project 'HearifyV1')
    cd /Users/Veer/Library/Mobile\ Documents/com\~apple\~CloudDocs/HearifyV1
    

SwiftCompile normal arm64 /Users/Veer/Library/Mobile\ Documents/com~apple~CloudDocs/HearifyV1/HearifyV1/Views/CameraPreviewView.swift (in target 'HearifyV1' from project 'HearifyV1')
    cd /Users/Veer/Library/Mobile\ Documents/com\~apple\~CloudDocs/HearifyV1
    

SwiftCompile normal arm64 /Users/Veer/Library/Mobile\ Documents/com~apple~CloudDocs/HearifyV1/HearifyV1/Views/CameraVisionHubView.swift (in target 'HearifyV1' from project 'HearifyV1')
    cd /Users/Veer/Library/Mobile\ Documents/com\~apple\~CloudDocs/HearifyV1
    

SwiftCompile normal arm64 /Users/Veer/Library/Mobile\ Documents/com~apple~CloudDocs/HearifyV1/HearifyV1/Views/ClinicianDashboardView.swift (in target 'HearifyV1' from project 'HearifyV1')
    cd /Users/Veer/Library/Mobile\ Documents/com\~apple\~CloudDocs/HearifyV1
    
/Users/Veer/Library/Mobile Documents/com~apple~CloudDocs/HearifyV1/HearifyV1/Views/ClinicianDashboardView.swift:1019:17: warning: initialization of immutable value 'contentWidth' was never used; consider replacing with assignment to '_' or removing it
            let contentWidth = rightMargin - leftMargin
            ~~~~^~~~~~~~~~~~
            _

SwiftCompile normal arm64 Compiling\ SpeechRecognitionManagerAdvanced.swift,\ AdvancedListeningExercise.swift,\ Analytics.swift,\ ArticulationModels.swift,\ ChallengeModels.swift,\ CommonModels.swift /Users/Veer/Library/Mobile\ Documents/com~apple~CloudDocs/HearifyV1/HearifyV1/Managers/SpeechRecognitionManagerAdvanced.swift /Users/Veer/Library/Mobile\ Documents/com~apple~CloudDocs/HearifyV1/HearifyV1/Models/AdvancedListeningExercise.swift /Users/Veer/Library/Mobile\ Documents/com~apple~CloudDocs/HearifyV1/HearifyV1/Models/Analytics.swift /Users/Veer/Library/Mobile\ Documents/com~apple~CloudDocs/HearifyV1/HearifyV1/Models/ArticulationModels.swift /Users/Veer/Library/Mobile\ Documents/com~apple~CloudDocs/HearifyV1/HearifyV1/Models/ChallengeModels.swift /Users/Veer/Library/Mobile\ Documents/com~apple~CloudDocs/HearifyV1/HearifyV1/Models/CommonModels.swift (in target 'HearifyV1' from project 'HearifyV1')

SwiftCompile normal arm64 /Users/Veer/Library/Mobile\ Documents/com~apple~CloudDocs/HearifyV1/HearifyV1/Managers/SpeechRecognitionManagerAdvanced.swift (in target 'HearifyV1' from project 'HearifyV1')
    cd /Users/Veer/Library/Mobile\ Documents/com\~apple\~CloudDocs/HearifyV1
    

SwiftCompile normal arm64 /Users/Veer/Library/Mobile\ Documents/com~apple~CloudDocs/HearifyV1/HearifyV1/Models/AdvancedListeningExercise.swift (in target 'HearifyV1' from project 'HearifyV1')
    cd /Users/Veer/Library/Mobile\ Documents/com\~apple\~CloudDocs/HearifyV1
    

SwiftCompile normal arm64 /Users/Veer/Library/Mobile\ Documents/com~apple~CloudDocs/HearifyV1/HearifyV1/Models/Analytics.swift (in target 'HearifyV1' from project 'HearifyV1')
    cd /Users/Veer/Library/Mobile\ Documents/com\~apple\~CloudDocs/HearifyV1
    
/Users/Veer/Library/Mobile Documents/com~apple~CloudDocs/HearifyV1/HearifyV1/Models/Analytics.swift:264:19: warning: variable 'metrics' was never mutated; consider changing to 'let' constant
        guard var metrics = patientMetrics else { return }
              ~~~ ^
              let
/Users/Veer/Library/Mobile Documents/com~apple~CloudDocs/HearifyV1/HearifyV1/Models/Analytics.swift:266:13: warning: variable 'updatedMetrics' was never mutated; consider changing to 'let' constant
        var updatedMetrics = PatientMetrics(
        ~~~ ^
        let

SwiftCompile normal arm64 /Users/Veer/Library/Mobile\ Documents/com~apple~CloudDocs/HearifyV1/HearifyV1/Models/ArticulationModels.swift (in target 'HearifyV1' from project 'HearifyV1')
    cd /Users/Veer/Library/Mobile\ Documents/com\~apple\~CloudDocs/HearifyV1
    

SwiftCompile normal arm64 /Users/Veer/Library/Mobile\ Documents/com~apple~CloudDocs/HearifyV1/HearifyV1/Models/ChallengeModels.swift (in target 'HearifyV1' from project 'HearifyV1')
    cd /Users/Veer/Library/Mobile\ Documents/com\~apple\~CloudDocs/HearifyV1
    

SwiftCompile normal arm64 /Users/Veer/Library/Mobile\ Documents/com~apple~CloudDocs/HearifyV1/HearifyV1/Models/CommonModels.swift (in target 'HearifyV1' from project 'HearifyV1')
    cd /Users/Veer/Library/Mobile\ Documents/com\~apple\~CloudDocs/HearifyV1
    

SwiftCompile normal arm64 Compiling\ ConversationScenario.swift,\ ModuleProgram.swift,\ PhonemeDatabase.swift,\ PhonemeVisual.swift,\ ProgressModels.swift,\ Screen.swift /Users/Veer/Library/Mobile\ Documents/com~apple~CloudDocs/HearifyV1/HearifyV1/Models/ConversationScenario.swift /Users/Veer/Library/Mobile\ Documents/com~apple~CloudDocs/HearifyV1/HearifyV1/Models/ModuleProgram.swift /Users/Veer/Library/Mobile\ Documents/com~apple~CloudDocs/HearifyV1/HearifyV1/Models/PhonemeDatabase.swift /Users/Veer/Library/Mobile\ Documents/com~apple~CloudDocs/HearifyV1/HearifyV1/Models/PhonemeVisual.swift /Users/Veer/Library/Mobile\ Documents/com~apple~CloudDocs/HearifyV1/HearifyV1/Models/ProgressModels.swift /Users/Veer/Library/Mobile\ Documents/com~apple~CloudDocs/HearifyV1/HearifyV1/Models/Screen.swift (in target 'HearifyV1' from project 'HearifyV1')

SwiftCompile normal arm64 /Users/Veer/Library/Mobile\ Documents/com~apple~CloudDocs/HearifyV1/HearifyV1/Models/ConversationScenario.swift (in target 'HearifyV1' from project 'HearifyV1')
    cd /Users/Veer/Library/Mobile\ Documents/com\~apple\~CloudDocs/HearifyV1
    

SwiftCompile normal arm64 /Users/Veer/Library/Mobile\ Documents/com~apple~CloudDocs/HearifyV1/HearifyV1/Models/ModuleProgram.swift (in target 'HearifyV1' from project 'HearifyV1')
    cd /Users/Veer/Library/Mobile\ Documents/com\~apple\~CloudDocs/HearifyV1
    

SwiftCompile normal arm64 /Users/Veer/Library/Mobile\ Documents/com~apple~CloudDocs/HearifyV1/HearifyV1/Models/PhonemeDatabase.swift (in target 'HearifyV1' from project 'HearifyV1')
    cd /Users/Veer/Library/Mobile\ Documents/com\~apple\~CloudDocs/HearifyV1
    

SwiftCompile normal arm64 /Users/Veer/Library/Mobile\ Documents/com~apple~CloudDocs/HearifyV1/HearifyV1/Models/PhonemeVisual.swift (in target 'HearifyV1' from project 'HearifyV1')
    cd /Users/Veer/Library/Mobile\ Documents/com\~apple\~CloudDocs/HearifyV1
    

SwiftCompile normal arm64 /Users/Veer/Library/Mobile\ Documents/com~apple~CloudDocs/HearifyV1/HearifyV1/Models/ProgressModels.swift (in target 'HearifyV1' from project 'HearifyV1')
    cd /Users/Veer/Library/Mobile\ Documents/com\~apple\~CloudDocs/HearifyV1
    

SwiftCompile normal arm64 /Users/Veer/Library/Mobile\ Documents/com~apple~CloudDocs/HearifyV1/HearifyV1/Models/Screen.swift (in target 'HearifyV1' from project 'HearifyV1')
    cd /Users/Veer/Library/Mobile\ Documents/com\~apple\~CloudDocs/HearifyV1
    

SwiftCompile normal arm64 Compiling\ AIAnalysisService.swift,\ AppTutorialView.swift,\ AudioManager.swift,\ AudioManager_BACKUP_PreRecorded.swift,\ CameraManager.swift,\ CloudKitManager.swift,\ FaceDetectionManager.swift /Users/Veer/Library/Mobile\ Documents/com~apple~CloudDocs/HearifyV1/HearifyV1/Managers/AIAnalysisService.swift /Users/Veer/Library/Mobile\ Documents/com~apple~CloudDocs/HearifyV1/HearifyV1/Managers/AppTutorialView.swift /Users/Veer/Library/Mobile\ Documents/com~apple~CloudDocs/HearifyV1/HearifyV1/Managers/AudioManager.swift /Users/Veer/Library/Mobile\ Documents/com~apple~CloudDocs/HearifyV1/HearifyV1/Managers/AudioManager_BACKUP_PreRecorded.swift /Users/Veer/Library/Mobile\ Documents/com~apple~CloudDocs/HearifyV1/HearifyV1/Managers/CameraManager.swift /Users/Veer/Library/Mobile\ Documents/com~apple~CloudDocs/HearifyV1/HearifyV1/Managers/CloudKitManager.swift /Users/Veer/Library/Mobile\ Documents/com~apple~CloudDocs/HearifyV1/HearifyV1/Managers/FaceDetectionManager.swift (in target 'HearifyV1' from project 'HearifyV1')

SwiftCompile normal arm64 /Users/Veer/Library/Mobile\ Documents/com~apple~CloudDocs/HearifyV1/HearifyV1/Managers/AIAnalysisService.swift (in target 'HearifyV1' from project 'HearifyV1')
    cd /Users/Veer/Library/Mobile\ Documents/com\~apple\~CloudDocs/HearifyV1
    

SwiftCompile normal arm64 /Users/Veer/Library/Mobile\ Documents/com~apple~CloudDocs/HearifyV1/HearifyV1/Managers/AppTutorialView.swift (in target 'HearifyV1' from project 'HearifyV1')
    cd /Users/Veer/Library/Mobile\ Documents/com\~apple\~CloudDocs/HearifyV1
    

SwiftCompile normal arm64 /Users/Veer/Library/Mobile\ Documents/com~apple~CloudDocs/HearifyV1/HearifyV1/Managers/AudioManager.swift (in target 'HearifyV1' from project 'HearifyV1')
    cd /Users/Veer/Library/Mobile\ Documents/com\~apple\~CloudDocs/HearifyV1
    
/Users/Veer/Library/Mobile Documents/com~apple~CloudDocs/HearifyV1/HearifyV1/Managers/AudioManager.swift:62:18: warning: call to main actor-isolated instance method 'ensureAudioSessionActive()' in a synchronous nonisolated context
            self.ensureAudioSessionActive()
                 ^
/Users/Veer/Library/Mobile Documents/com~apple~CloudDocs/HearifyV1/HearifyV1/Managers/AudioManager.swift:103:18: note: calls to instance method 'ensureAudioSessionActive()' from outside of its actor context are implicitly asynchronous
    private func ensureAudioSessionActive() {
                 ^
/Users/Veer/Library/Mobile Documents/com~apple~CloudDocs/HearifyV1/HearifyV1/Managers/AudioManager.swift:73:18: warning: call to main actor-isolated instance method 'ensureAudioSessionActive()' in a synchronous nonisolated context
            self.ensureAudioSessionActive()
                 ^
/Users/Veer/Library/Mobile Documents/com~apple~CloudDocs/HearifyV1/HearifyV1/Managers/AudioManager.swift:103:18: note: calls to instance method 'ensureAudioSessionActive()' from outside of its actor context are implicitly asynchronous
    private func ensureAudioSessionActive() {
                 ^
/Users/Veer/Library/Mobile Documents/com~apple~CloudDocs/HearifyV1/HearifyV1/Managers/AudioManager.swift:92:47: warning: 'allowBluetooth' was deprecated in iOS 8.0: renamed to 'AVAudioSession.CategoryOptions.allowBluetoothHFP'
                options: [.defaultToSpeaker, .allowBluetooth, .allowBluetoothA2DP, .mixWithOthers]
                                              ^
/Users/Veer/Library/Mobile Documents/com~apple~CloudDocs/HearifyV1/HearifyV1/Managers/AudioManager.swift:92:47: note: use 'AVAudioSession.CategoryOptions.allowBluetoothHFP' instead
                options: [.defaultToSpeaker, .allowBluetooth, .allowBluetoothA2DP, .mixWithOthers]
                                              ^~~~~~~~~~~~~~
                                              AVAudioSession.CategoryOptions.allowBluetoothHFP
/Users/Veer/Library/Mobile Documents/com~apple~CloudDocs/HearifyV1/HearifyV1/Managers/AudioManager.swift:128:22: warning: call to main actor-isolated instance method 'stopAudio()' in a synchronous nonisolated context
                self.stopAudio()
                     ^
/Users/Veer/Library/Mobile Documents/com~apple~CloudDocs/HearifyV1/HearifyV1/Managers/AudioManager.swift:336:10: note: calls to instance method 'stopAudio()' from outside of its actor context are implicitly asynchronous
    func stopAudio() {
         ^
/Users/Veer/Library/Mobile Documents/com~apple~CloudDocs/HearifyV1/HearifyV1/Managers/AudioManager.swift:135:30: warning: call to main actor-isolated instance method 'ensureAudioSessionActive()' in a synchronous nonisolated context
                        self.ensureAudioSessionActive()
                             ^
/Users/Veer/Library/Mobile Documents/com~apple~CloudDocs/HearifyV1/HearifyV1/Managers/AudioManager.swift:103:18: note: calls to instance method 'ensureAudioSessionActive()' from outside of its actor context are implicitly asynchronous
    private func ensureAudioSessionActive() {
                 ^
/Users/Veer/Library/Mobile Documents/com~apple~CloudDocs/HearifyV1/HearifyV1/Managers/AudioManager.swift:158:13: warning: switch must be exhaustive
            switch reason {
            ^
/Users/Veer/Library/Mobile Documents/com~apple~CloudDocs/HearifyV1/HearifyV1/Managers/AudioManager.swift:158:13: note: add missing case: '.unknown'
            switch reason {
            ^
/Users/Veer/Library/Mobile Documents/com~apple~CloudDocs/HearifyV1/HearifyV1/Managers/AudioManager.swift:158:13: note: add missing case: '.noSuitableRouteForCategory'
            switch reason {
            ^
/Users/Veer/Library/Mobile Documents/com~apple~CloudDocs/HearifyV1/HearifyV1/Managers/AudioManager.swift:158:13: note: add missing cases
            switch reason {
            ^
/Users/Veer/Library/Mobile Documents/com~apple~CloudDocs/HearifyV1/HearifyV1/Managers/AudioManager.swift:174:22: warning: call to main actor-isolated instance method 'ensureAudioSessionActive()' in a synchronous nonisolated context
                self.ensureAudioSessionActive()
                     ^
/Users/Veer/Library/Mobile Documents/com~apple~CloudDocs/HearifyV1/HearifyV1/Managers/AudioManager.swift:103:18: note: calls to instance method 'ensureAudioSessionActive()' from outside of its actor context are implicitly asynchronous
    private func ensureAudioSessionActive() {
                 ^

SwiftCompile normal arm64 /Users/Veer/Library/Mobile\ Documents/com~apple~CloudDocs/HearifyV1/HearifyV1/Managers/AudioManager_BACKUP_PreRecorded.swift (in target 'HearifyV1' from project 'HearifyV1')
    cd /Users/Veer/Library/Mobile\ Documents/com\~apple\~CloudDocs/HearifyV1
    

SwiftCompile normal arm64 /Users/Veer/Library/Mobile\ Documents/com~apple~CloudDocs/HearifyV1/HearifyV1/Managers/CameraManager.swift (in target 'HearifyV1' from project 'HearifyV1')
    cd /Users/Veer/Library/Mobile\ Documents/com\~apple\~CloudDocs/HearifyV1
    

SwiftCompile normal arm64 /Users/Veer/Library/Mobile\ Documents/com~apple~CloudDocs/HearifyV1/HearifyV1/Managers/CloudKitManager.swift (in target 'HearifyV1' from project 'HearifyV1')
    cd /Users/Veer/Library/Mobile\ Documents/com\~apple\~CloudDocs/HearifyV1
    
/Users/Veer/Library/Mobile Documents/com~apple~CloudDocs/HearifyV1/HearifyV1/Managers/CloudKitManager.swift:94:13: warning: initialization of immutable value 'savedRecord' was never used; consider replacing with assignment to '_' or removing it
        let savedRecord = try await publicDatabase.save(record)
        ~~~~^~~~~~~~~~~
        _
/Users/Veer/Library/Mobile Documents/com~apple~CloudDocs/HearifyV1/HearifyV1/Managers/CloudKitManager.swift:108:20: warning: immutable value 'recordID' was never used; consider replacing with '_' or removing it
        guard let (recordID, result) = results.matchResults.first,
                   ^~~~~~~~
                   _
/Users/Veer/Library/Mobile Documents/com~apple~CloudDocs/HearifyV1/HearifyV1/Managers/CloudKitManager.swift:202:9: warning: result of 'try?' is unused
        try? await privateDatabase.save(record)
        ^~~~~~~~~~~~~~~~~~~~~~~~~~~~~~~~~~~~~~~
/Users/Veer/Library/Mobile Documents/com~apple~CloudDocs/HearifyV1/HearifyV1/Managers/CloudKitManager.swift:199:13: warning: initialization of immutable value 'savedRecord' was never used; consider replacing with assignment to '_' or removing it
        let savedRecord = try await publicDatabase.save(record)
        ~~~~^~~~~~~~~~~
        _
/Users/Veer/Library/Mobile Documents/com~apple~CloudDocs/HearifyV1/HearifyV1/Managers/CloudKitManager.swift:395:28: warning: 'init(recordType:predicate:options:)' was deprecated in iOS 10.0: Provide an explicit CKSubscription.ID at CKSubscription-init time
        let subscription = CKQuerySubscription(
                           ^

SwiftCompile normal arm64 /Users/Veer/Library/Mobile\ Documents/com~apple~CloudDocs/HearifyV1/HearifyV1/Managers/FaceDetectionManager.swift (in target 'HearifyV1' from project 'HearifyV1')
    cd /Users/Veer/Library/Mobile\ Documents/com\~apple\~CloudDocs/HearifyV1
    

SwiftCompile normal arm64 Compiling\ ClinicianLinkingView.swift,\ CloudKitDebugView.swift,\ CloudKitTestView.swift,\ ConversationPracticeView.swift,\ ConversationScenarioView.swift,\ EnhancedProgressDashboardView.swift /Users/Veer/Library/Mobile\ Documents/com~apple~CloudDocs/HearifyV1/HearifyV1/Views/ClinicianLinkingView.swift /Users/Veer/Library/Mobile\ Documents/com~apple~CloudDocs/HearifyV1/HearifyV1/Views/CloudKitDebugView.swift /Users/Veer/Library/Mobile\ Documents/com~apple~CloudDocs/HearifyV1/HearifyV1/Views/CloudKitTestView.swift /Users/Veer/Library/Mobile\ Documents/com~apple~CloudDocs/HearifyV1/HearifyV1/Views/ConversationPracticeView.swift /Users/Veer/Library/Mobile\ Documents/com~apple~CloudDocs/HearifyV1/HearifyV1/Views/ConversationScenarioView.swift /Users/Veer/Library/Mobile\ Documents/com~apple~CloudDocs/HearifyV1/HearifyV1/Views/EnhancedProgressDashboardView.swift (in target 'HearifyV1' from project 'HearifyV1')

SwiftCompile normal arm64 /Users/Veer/Library/Mobile\ Documents/com~apple~CloudDocs/HearifyV1/HearifyV1/Views/ClinicianLinkingView.swift (in target 'HearifyV1' from project 'HearifyV1')
    cd /Users/Veer/Library/Mobile\ Documents/com\~apple\~CloudDocs/HearifyV1
    

SwiftCompile normal arm64 /Users/Veer/Library/Mobile\ Documents/com~apple~CloudDocs/HearifyV1/HearifyV1/Views/CloudKitDebugView.swift (in target 'HearifyV1' from project 'HearifyV1')
    cd /Users/Veer/Library/Mobile\ Documents/com\~apple\~CloudDocs/HearifyV1
    

SwiftCompile normal arm64 /Users/Veer/Library/Mobile\ Documents/com~apple~CloudDocs/HearifyV1/HearifyV1/Views/CloudKitTestView.swift (in target 'HearifyV1' from project 'HearifyV1')
    cd /Users/Veer/Library/Mobile\ Documents/com\~apple\~CloudDocs/HearifyV1
    

SwiftCompile normal arm64 /Users/Veer/Library/Mobile\ Documents/com~apple~CloudDocs/HearifyV1/HearifyV1/Views/ConversationPracticeView.swift (in target 'HearifyV1' from project 'HearifyV1')
    cd /Users/Veer/Library/Mobile\ Documents/com\~apple\~CloudDocs/HearifyV1
    
/Users/Veer/Library/Mobile Documents/com~apple~CloudDocs/HearifyV1/HearifyV1/Views/ConversationPracticeView.swift:318:21: warning: case is already handled by previous patterns; consider removing it
        case .easy, .easy: return AppTheme.success
                    ^~~~~
/Users/Veer/Library/Mobile Documents/com~apple~CloudDocs/HearifyV1/HearifyV1/Views/ConversationPracticeView.swift:319:23: warning: case is already handled by previous patterns; consider removing it
        case .medium, .medium: return AppTheme.warning
                      ^~~~~~~
/Users/Veer/Library/Mobile Documents/com~apple~CloudDocs/HearifyV1/HearifyV1/Views/ConversationPracticeView.swift:320:21: warning: case is already handled by previous patterns; consider removing it
        case .hard, .hard, .hard: return AppTheme.error
                    ^~~~~
/Users/Veer/Library/Mobile Documents/com~apple~CloudDocs/HearifyV1/HearifyV1/Views/ConversationPracticeView.swift:320:28: warning: case is already handled by previous patterns; consider removing it
        case .hard, .hard, .hard: return AppTheme.error
                           ^~~~~

SwiftCompile normal arm64 /Users/Veer/Library/Mobile\ Documents/com~apple~CloudDocs/HearifyV1/HearifyV1/Views/ConversationScenarioView.swift (in target 'HearifyV1' from project 'HearifyV1')
    cd /Users/Veer/Library/Mobile\ Documents/com\~apple\~CloudDocs/HearifyV1
    

SwiftCompile normal arm64 /Users/Veer/Library/Mobile\ Documents/com~apple~CloudDocs/HearifyV1/HearifyV1/Views/EnhancedProgressDashboardView.swift (in target 'HearifyV1' from project 'HearifyV1')
    cd /Users/Veer/Library/Mobile\ Documents/com\~apple\~CloudDocs/HearifyV1
    

SwiftCompile normal arm64 Compiling\ ProgressDashboardView.swift,\ RecordingHistoryView.swift,\ SpeakingPracticeHubView.swift,\ SpeakingPracticeView.swift,\ SuccessAnimationView.swift,\ TargetedPracticeView.swift /Users/Veer/Library/Mobile\ Documents/com~apple~CloudDocs/HearifyV1/HearifyV1/Views/ProgressDashboardView.swift /Users/Veer/Library/Mobile\ Documents/com~apple~CloudDocs/HearifyV1/HearifyV1/Views/RecordingHistoryView.swift /Users/Veer/Library/Mobile\ Documents/com~apple~CloudDocs/HearifyV1/HearifyV1/Views/SpeakingPracticeHubView.swift /Users/Veer/Library/Mobile\ Documents/com~apple~CloudDocs/HearifyV1/HearifyV1/Views/SpeakingPracticeView.swift /Users/Veer/Library/Mobile\ Documents/com~apple~CloudDocs/HearifyV1/HearifyV1/Views/SuccessAnimationView.swift /Users/Veer/Library/Mobile\ Documents/com~apple~CloudDocs/HearifyV1/HearifyV1/Views/TargetedPracticeView.swift (in target 'HearifyV1' from project 'HearifyV1')
SwiftCompile normal arm64 /Users/Veer/Library/Mobile\ Documents/com~apple~CloudDocs/HearifyV1/HearifyV1/Views/ProgressDashboardView.swift (in target 'HearifyV1' from project 'HearifyV1')
    cd /Users/Veer/Library/Mobile\ Documents/com\~apple\~CloudDocs/HearifyV1
    

SwiftCompile normal arm64 /Users/Veer/Library/Mobile\ Documents/com~apple~CloudDocs/HearifyV1/HearifyV1/Views/RecordingHistoryView.swift (in target 'HearifyV1' from project 'HearifyV1')
    cd /Users/Veer/Library/Mobile\ Documents/com\~apple\~CloudDocs/HearifyV1
    

SwiftCompile normal arm64 /Users/Veer/Library/Mobile\ Documents/com~apple~CloudDocs/HearifyV1/HearifyV1/Views/SpeakingPracticeHubView.swift (in target 'HearifyV1' from project 'HearifyV1')
    cd /Users/Veer/Library/Mobile\ Documents/com\~apple\~CloudDocs/HearifyV1
    

SwiftCompile normal arm64 /Users/Veer/Library/Mobile\ Documents/com~apple~CloudDocs/HearifyV1/HearifyV1/Views/SpeakingPracticeView.swift (in target 'HearifyV1' from project 'HearifyV1')
    cd /Users/Veer/Library/Mobile\ Documents/com\~apple\~CloudDocs/HearifyV1
    

SwiftCompile normal arm64 /Users/Veer/Library/Mobile\ Documents/com~apple~CloudDocs/HearifyV1/HearifyV1/Views/SuccessAnimationView.swift (in target 'HearifyV1' from project 'HearifyV1')
    cd /Users/Veer/Library/Mobile\ Documents/com\~apple\~CloudDocs/HearifyV1
    

SwiftCompile normal arm64 /Users/Veer/Library/Mobile\ Documents/com~apple~CloudDocs/HearifyV1/HearifyV1/Views/TargetedPracticeView.swift (in target 'HearifyV1' from project 'HearifyV1')
    cd /Users/Veer/Library/Mobile\ Documents/com\~apple\~CloudDocs/HearifyV1
    

SwiftEmitModule normal arm64 Emitting\ module\ for\ HearifyV1 (in target 'HearifyV1' from project 'HearifyV1')

EmitSwiftModule normal arm64 (in target 'HearifyV1' from project 'HearifyV1')
    cd /Users/Veer/Library/Mobile\ Documents/com\~apple\~CloudDocs/HearifyV1
    

SwiftCompile normal arm64 Compiling\ LegalAgreementView.swift,\ ModuleProgramView.swift,\ MouthDiagramView.swift,\ MouthLandmarksOverlay.swift,\ PatientLoginView.swift,\ PhonemeVisualizationView.swift /Users/Veer/Library/Mobile\ Documents/com~apple~CloudDocs/HearifyV1/HearifyV1/Views/LegalAgreementView.swift /Users/Veer/Library/Mobile\ Documents/com~apple~CloudDocs/HearifyV1/HearifyV1/Views/ModuleProgramView.swift /Users/Veer/Library/Mobile\ Documents/com~apple~CloudDocs/HearifyV1/HearifyV1/Views/MouthDiagramView.swift /Users/Veer/Library/Mobile\ Documents/com~apple~CloudDocs/HearifyV1/HearifyV1/Views/MouthLandmarksOverlay.swift /Users/Veer/Library/Mobile\ Documents/com~apple~CloudDocs/HearifyV1/HearifyV1/Views/PatientLoginView.swift /Users/Veer/Library/Mobile\ Documents/com~apple~CloudDocs/HearifyV1/HearifyV1/Views/PhonemeVisualizationView.swift (in target 'HearifyV1' from project 'HearifyV1')

SwiftCompile normal arm64 /Users/Veer/Library/Mobile\ Documents/com~apple~CloudDocs/HearifyV1/HearifyV1/Views/LegalAgreementView.swift (in target 'HearifyV1' from project 'HearifyV1')
    cd /Users/Veer/Library/Mobile\ Documents/com\~apple\~CloudDocs/HearifyV1
    

SwiftCompile normal arm64 /Users/Veer/Library/Mobile\ Documents/com~apple~CloudDocs/HearifyV1/HearifyV1/Views/ModuleProgramView.swift (in target 'HearifyV1' from project 'HearifyV1')
    cd /Users/Veer/Library/Mobile\ Documents/com\~apple\~CloudDocs/HearifyV1
    

SwiftCompile normal arm64 /Users/Veer/Library/Mobile\ Documents/com~apple~CloudDocs/HearifyV1/HearifyV1/Views/MouthDiagramView.swift (in target 'HearifyV1' from project 'HearifyV1')
    cd /Users/Veer/Library/Mobile\ Documents/com\~apple\~CloudDocs/HearifyV1
    

SwiftCompile normal arm64 /Users/Veer/Library/Mobile\ Documents/com~apple~CloudDocs/HearifyV1/HearifyV1/Views/MouthLandmarksOverlay.swift (in target 'HearifyV1' from project 'HearifyV1')
    cd /Users/Veer/Library/Mobile\ Documents/com\~apple\~CloudDocs/HearifyV1
    

SwiftCompile normal arm64 /Users/Veer/Library/Mobile\ Documents/com~apple~CloudDocs/HearifyV1/HearifyV1/Views/PatientLoginView.swift (in target 'HearifyV1' from project 'HearifyV1')
    cd /Users/Veer/Library/Mobile\ Documents/com\~apple\~CloudDocs/HearifyV1
    

SwiftCompile normal arm64 /Users/Veer/Library/Mobile\ Documents/com~apple~CloudDocs/HearifyV1/HearifyV1/Views/PhonemeVisualizationView.swift (in target 'HearifyV1' from project 'HearifyV1')
    cd /Users/Veer/Library/Mobile\ Documents/com\~apple\~CloudDocs/HearifyV1
    

SwiftCompile normal arm64 Compiling\ TargetMouthShape.swift,\ VisualPronunciationHubView.swift,\ WaveformView.swift,\ ContentView.swift,\ HearifyV1App.swift,\ GeneratedAssetSymbols.swift /Users/Veer/Library/Mobile\ Documents/com~apple~CloudDocs/HearifyV1/HearifyV1/Views/TargetMouthShape.swift /Users/Veer/Library/Mobile\ Documents/com~apple~CloudDocs/HearifyV1/HearifyV1/Views/VisualPronunciationHubView.swift /Users/Veer/Library/Mobile\ Documents/com~apple~CloudDocs/HearifyV1/HearifyV1/Views/WaveformView.swift /Users/Veer/Library/Mobile\ Documents/com~apple~CloudDocs/HearifyV1/HearifyV1/ContentView.swift /Users/Veer/Library/Mobile\ Documents/com~apple~CloudDocs/HearifyV1/HearifyV1/HearifyV1App.swift /Users/Veer/Library/Developer/Xcode/DerivedData/HearifyV1-ftljoypfezvlxcgouzbpmsmxzads/Build/Intermediates.noindex/HearifyV1.build/Debug-iphoneos/HearifyV1.build/DerivedSources/GeneratedAssetSymbols.swift (in target 'HearifyV1' from project 'HearifyV1')
SwiftCompile normal arm64 /Users/Veer/Library/Mobile\ Documents/com~apple~CloudDocs/HearifyV1/HearifyV1/Views/TargetMouthShape.swift (in target 'HearifyV1' from project 'HearifyV1')
    cd /Users/Veer/Library/Mobile\ Documents/com\~apple\~CloudDocs/HearifyV1
    

SwiftCompile normal arm64 /Users/Veer/Library/Mobile\ Documents/com~apple~CloudDocs/HearifyV1/HearifyV1/Views/VisualPronunciationHubView.swift (in target 'HearifyV1' from project 'HearifyV1')
    cd /Users/Veer/Library/Mobile\ Documents/com\~apple\~CloudDocs/HearifyV1
    

SwiftCompile normal arm64 /Users/Veer/Library/Mobile\ Documents/com~apple~CloudDocs/HearifyV1/HearifyV1/Views/WaveformView.swift (in target 'HearifyV1' from project 'HearifyV1')
    cd /Users/Veer/Library/Mobile\ Documents/com\~apple\~CloudDocs/HearifyV1
    

SwiftCompile normal arm64 /Users/Veer/Library/Mobile\ Documents/com~apple~CloudDocs/HearifyV1/HearifyV1/ContentView.swift (in target 'HearifyV1' from project 'HearifyV1')
    cd /Users/Veer/Library/Mobile\ Documents/com\~apple\~CloudDocs/HearifyV1
    
/Users/Veer/Library/Mobile Documents/com~apple~CloudDocs/HearifyV1/HearifyV1/ContentView.swift:1718:15: warning: 'catch' block is unreachable because no errors are thrown in 'do' block
            } catch let playError as NSError {
              ^
/Users/Veer/Library/Mobile Documents/com~apple~CloudDocs/HearifyV1/HearifyV1/ContentView.swift:2704:13: error: cannot find 'settingsScreenContent' in scope
            settingsScreenContent(layout: layout)
            ^~~~~~~~~~~~~~~~~~~~~
/Users/Veer/Library/Mobile Documents/com~apple~CloudDocs/HearifyV1/HearifyV1/ContentView.swift:2706:13: error: cannot find 'onboardingScreenContent' in scope
            onboardingScreenContent(layout: layout)
            ^~~~~~~~~~~~~~~~~~~~~~~
/Users/Veer/Library/Mobile Documents/com~apple~CloudDocs/HearifyV1/HearifyV1/ContentView.swift:2708:13: error: cannot find 'statsScreenContent' in scope
            statsScreenContent(layout: layout)
            ^~~~~~~~~~~~~~~~~~
/Users/Veer/Library/Mobile Documents/com~apple~CloudDocs/HearifyV1/HearifyV1/ContentView.swift:2798:13: error: cannot find 'practiceListSessionScreenContent' in scope
            practiceListSessionScreenContent(layout: layout)
            ^~~~~~~~~~~~~~~~~~~~~~~~~~~~~~~~
/Users/Veer/Library/Mobile Documents/com~apple~CloudDocs/HearifyV1/HearifyV1/ContentView.swift:4028:21: error: cannot find 'addCurrentMatchedPairToPracticeList' in scope
                    addCurrentMatchedPairToPracticeList()
                    ^~~~~~~~~~~~~~~~~~~~~~~~~~~~~~~~~~~
/Users/Veer/Library/Mobile Documents/com~apple~CloudDocs/HearifyV1/HearifyV1/ContentView.swift:4126:21: error: cannot find 'progressDisplayView' in scope
                    progressDisplayView(layout: layout)
                    ^~~~~~~~~~~~~~~~~~~
/Users/Veer/Library/Mobile Documents/com~apple~CloudDocs/HearifyV1/HearifyV1/ContentView.swift:4153:21: error: cannot find 'addCurrentMatchedPairToPracticeList' in scope
                    addCurrentMatchedPairToPracticeList()
                    ^~~~~~~~~~~~~~~~~~~~~~~~~~~~~~~~~~~
/Users/Veer/Library/Mobile Documents/com~apple~CloudDocs/HearifyV1/HearifyV1/ContentView.swift:4250:21: error: cannot find 'addCurrentMatchedPairToPracticeList' in scope
                    addCurrentMatchedPairToPracticeList()
                    ^~~~~~~~~~~~~~~~~~~~~~~~~~~~~~~~~~~
/Users/Veer/Library/Mobile Documents/com~apple~CloudDocs/HearifyV1/HearifyV1/ContentView.swift:5100:13: warning: application of result builder 'ViewBuilder' disabled by explicit 'return' statement
            return !newItemWord.trimmingCharacters(in: .whitespaces).isEmpty &&
            ^
/Users/Veer/Library/Mobile Documents/com~apple~CloudDocs/HearifyV1/HearifyV1/ContentView.swift:4547:5: note: remove the attribute to explicitly disable the result builder
    @ViewBuilder
    ^~~~~~~~~~~~
    
/Users/Veer/Library/Mobile Documents/com~apple~CloudDocs/HearifyV1/HearifyV1/ContentView.swift:5100:13: note: remove 'return' statements to apply the result builder
            return !newItemWord.trimmingCharacters(in: .whitespaces).isEmpty &&
            ^~~~~~~
            
/Users/Veer/Library/Mobile Documents/com~apple~CloudDocs/HearifyV1/HearifyV1/ContentView.swift:4549:9: warning: result of 'ZStack<Content>' initializer is unused
        ZStack {
        ^      ~
/Users/Veer/Library/Mobile Documents/com~apple~CloudDocs/HearifyV1/HearifyV1/ContentView.swift:5533:17: error: cannot find 'progressView' in scope
                progressView(current: currentQuestionIndex + 1, total: currentPracticeItems.count, layout: layout)
                ^~~~~~~~~~~~
/Users/Veer/Library/Mobile Documents/com~apple~CloudDocs/HearifyV1/HearifyV1/ContentView.swift:5745:25: error: cannot find 'progressView' in scope
                        progressView(current: currentQuestionIndex + 1, total: currentPracticeItems.count, layout: layout)
                        ^~~~~~~~~~~~
/Users/Veer/Library/Mobile Documents/com~apple~CloudDocs/HearifyV1/HearifyV1/ContentView.swift:5915:25: error: cannot find 'progressView' in scope
                        progressView(current: currentQuestionIndex + 1, total: currentPracticeItems.count, layout: layout)
                        ^~~~~~~~~~~~
/Users/Veer/Library/Mobile Documents/com~apple~CloudDocs/HearifyV1/HearifyV1/ContentView.swift:8105:10: error: cannot infer contextual base in reference to member 'sheet'
        .sheet(isPresented: Binding<Bool>(
        ~^~~~~
/Users/Veer/Library/Mobile Documents/com~apple~CloudDocs/HearifyV1/HearifyV1/ContentView.swift:8109:23: error: incorrect argument label in call (have 'activityItems:', expected 'items:')
            ShareSheet(activityItems: statsShareItems)
                      ^~~~~~~~~~~~~~
                       items
/Users/Veer/Library/Mobile Documents/com~apple~CloudDocs/HearifyV1/HearifyV1/ContentView.swift:9709:33: error: cannot find 'analyzePhoneticDifference' in scope
            if let difference = analyzePhoneticDifference(word1: word1, word2: word2) {
                                ^~~~~~~~~~~~~~~~~~~~~~~~~
/Users/Veer/Library/Mobile Documents/com~apple~CloudDocs/HearifyV1/HearifyV1/ContentView.swift:10440:9: warning: result of call to 'randomize()' is unused
        randomize()
        ^        ~~
/Users/Veer/Library/Mobile Documents/com~apple~CloudDocs/HearifyV1/HearifyV1/ContentView.swift:10456:21: warning: case is already handled by previous patterns; consider removing it
        case .easy, .easy:
                    ^~~~~
/Users/Veer/Library/Mobile Documents/com~apple~CloudDocs/HearifyV1/HearifyV1/ContentView.swift:10458:23: warning: case is already handled by previous patterns; consider removing it
        case .medium, .medium:
                      ^~~~~~~
/Users/Veer/Library/Mobile Documents/com~apple~CloudDocs/HearifyV1/HearifyV1/ContentView.swift:10460:21: warning: case is already handled by previous patterns; consider removing it
        case .hard, .hard:
                    ^~~~~
/Users/Veer/Library/Mobile Documents/com~apple~CloudDocs/HearifyV1/HearifyV1/ContentView.swift:10462:14: warning: case is already handled by previous patterns; consider removing it
        case .hard:
             ^~~~~
/Users/Veer/Library/Mobile Documents/com~apple~CloudDocs/HearifyV1/HearifyV1/ContentView.swift:10586:66: warning: main actor-isolated property 'volumeLevel' can not be referenced from a Sendable closure
                print("Audio test successful with volume: \(self.volumeLevel), speed: \(self.playbackSpeed)")
                                                                 ^
/Users/Veer/Library/Mobile Documents/com~apple~CloudDocs/HearifyV1/HearifyV1/ContentView.swift:2210:24: note: property declared here
    @State private var volumeLevel: Float = 1.0
                       ^
/Users/Veer/Library/Mobile Documents/com~apple~CloudDocs/HearifyV1/HearifyV1/ContentView.swift:10586:94: warning: main actor-isolated property 'playbackSpeed' can not be referenced from a Sendable closure
                print("Audio test successful with volume: \(self.volumeLevel), speed: \(self.playbackSpeed)")
                                                                                             ^
/Users/Veer/Library/Mobile Documents/com~apple~CloudDocs/HearifyV1/HearifyV1/ContentView.swift:2209:24: note: property declared here
    @State private var playbackSpeed: Double = 1.0
                       ^
/Users/Veer/Library/Mobile Documents/com~apple~CloudDocs/HearifyV1/HearifyV1/ContentView.swift:11007:61: warning: main actor-isolated property 'volumeLevel' can not be referenced from a Sendable closure
                print("Audio test successful with volume: \(volumeLevel), speed: \(playbackSpeed)")
                                                            ^
/Users/Veer/Library/Mobile Documents/com~apple~CloudDocs/HearifyV1/HearifyV1/ContentView.swift:2210:24: note: property declared here
    @State private var volumeLevel: Float = 1.0
                       ^
/Users/Veer/Library/Mobile Documents/com~apple~CloudDocs/HearifyV1/HearifyV1/ContentView.swift:11007:84: warning: main actor-isolated property 'playbackSpeed' can not be referenced from a Sendable closure
                print("Audio test successful with volume: \(volumeLevel), speed: \(playbackSpeed)")
                                                                                   ^
/Users/Veer/Library/Mobile Documents/com~apple~CloudDocs/HearifyV1/HearifyV1/ContentView.swift:2209:24: note: property declared here
    @State private var playbackSpeed: Double = 1.0
                       ^
/Users/Veer/Library/Mobile Documents/com~apple~CloudDocs/HearifyV1/HearifyV1/ContentView.swift:11356:9: error: cannot find 'loadPracticeList' in scope
        loadPracticeList()
        ^~~~~~~~~~~~~~~~
/Users/Veer/Library/Mobile Documents/com~apple~CloudDocs/HearifyV1/HearifyV1/ContentView.swift:11502:37: error: cannot find 'startUnlimitedPractice' in scope
                                    startUnlimitedPractice(type: .wordRecognition)
                                    ^~~~~~~~~~~~~~~~~~~~~~
/Users/Veer/Library/Mobile Documents/com~apple~CloudDocs/HearifyV1/HearifyV1/ContentView.swift:11541:37: error: cannot find 'stopUnlimitedPractice' in scope
                                    stopUnlimitedPractice()
                                    ^~~~~~~~~~~~~~~~~~~~~
/Users/Veer/Library/Mobile Documents/com~apple~CloudDocs/HearifyV1/HearifyV1/ContentView.swift:11698:49: error: cannot find 'processWordSpeechAnswer' in scope
                                                processWordSpeechAnswer()
                                                ^~~~~~~~~~~~~~~~~~~~~~~
/Users/Veer/Library/Mobile Documents/com~apple~CloudDocs/HearifyV1/HearifyV1/ContentView.swift:11735:53: error: cannot find 'processWordSpeechAnswer' in scope
                                                    processWordSpeechAnswer()
                                                    ^~~~~~~~~~~~~~~~~~~~~~~
/Users/Veer/Library/Mobile Documents/com~apple~CloudDocs/HearifyV1/HearifyV1/ContentView.swift:11853:49: error: cannot find 'processWordSpeechAnswer' in scope
                                                processWordSpeechAnswer()
                                                ^~~~~~~~~~~~~~~~~~~~~~~
/Users/Veer/Library/Mobile Documents/com~apple~CloudDocs/HearifyV1/HearifyV1/ContentView.swift:11939:53: error: cannot find 'addCurrentWordToPracticeList' in scope
                                                    addCurrentWordToPracticeList()
                                                    ^~~~~~~~~~~~~~~~~~~~~~~~~~~~
/Users/Veer/Library/Mobile Documents/com~apple~CloudDocs/HearifyV1/HearifyV1/ContentView.swift:11954:53: error: cannot find 'loadNextUnlimitedWord' in scope
                                                    loadNextUnlimitedWord()
                                                    ^~~~~~~~~~~~~~~~~~~~~
/Users/Veer/Library/Mobile Documents/com~apple~CloudDocs/HearifyV1/HearifyV1/ContentView.swift:11966:33: error: cannot find 'progressView' in scope
                                progressView(current: currentQuestionIndex + 1, total: currentDemoWords.count, layout: layout)
                                ^~~~~~~~~~~~
/Users/Veer/Library/Mobile Documents/com~apple~CloudDocs/HearifyV1/HearifyV1/ContentView.swift:12053:17: error: cannot find 'stopUnlimitedPractice' in scope
                stopUnlimitedPractice()
                ^~~~~~~~~~~~~~~~~~~~~
/Users/Veer/Library/Mobile Documents/com~apple~CloudDocs/HearifyV1/HearifyV1/ContentView.swift:11502:67: error: cannot infer contextual base in reference to member 'wordRecognition'
                                    startUnlimitedPractice(type: .wordRecognition)
                                                                 ~^~~~~~~~~~~~~~~
/Users/Veer/Library/Mobile Documents/com~apple~CloudDocs/HearifyV1/HearifyV1/ContentView.swift:12154:37: error: cannot find 'startUnlimitedPractice' in scope
                                    startUnlimitedPractice(type: .sentenceComprehension)
                                    ^~~~~~~~~~~~~~~~~~~~~~
/Users/Veer/Library/Mobile Documents/com~apple~CloudDocs/HearifyV1/HearifyV1/ContentView.swift:12249:49: error: cannot find 'processSpeechAnswer' in scope
                                                processSpeechAnswer()
                                                ^~~~~~~~~~~~~~~~~~~
/Users/Veer/Library/Mobile Documents/com~apple~CloudDocs/HearifyV1/HearifyV1/ContentView.swift:12286:53: error: cannot find 'processSpeechAnswer' in scope
                                                    processSpeechAnswer()
                                                    ^~~~~~~~~~~~~~~~~~~
/Users/Veer/Library/Mobile Documents/com~apple~CloudDocs/HearifyV1/HearifyV1/ContentView.swift:12404:49: error: cannot find 'processSpeechAnswer' in scope
                                                processSpeechAnswer()
                                                ^~~~~~~~~~~~~~~~~~~
/Users/Veer/Library/Mobile Documents/com~apple~CloudDocs/HearifyV1/HearifyV1/ContentView.swift:12501:53: error: cannot find 'addCurrentSentenceToPracticeList' in scope
                                                    addCurrentSentenceToPracticeList()
                                                    ^~~~~~~~~~~~~~~~~~~~~~~~~~~~~~~~
/Users/Veer/Library/Mobile Documents/com~apple~CloudDocs/HearifyV1/HearifyV1/ContentView.swift:12523:33: error: cannot find 'progressView' in scope
                                progressView(current: currentQuestionIndex + 1, total: currentDemoSentences.count, layout: layout)
                                ^~~~~~~~~~~~
/Users/Veer/Library/Mobile Documents/com~apple~CloudDocs/HearifyV1/HearifyV1/ContentView.swift:12154:67: error: cannot infer contextual base in reference to member 'sentenceComprehension'
                                    startUnlimitedPractice(type: .sentenceComprehension)
                                                                 ~^~~~~~~~~~~~~~~~~~~~~
/Users/Veer/Library/Mobile Documents/com~apple~CloudDocs/HearifyV1/HearifyV1/ContentView.swift:12906:49: error: cannot find 'processSpeechAnswer' in scope
                                                processSpeechAnswer()
                                                ^~~~~~~~~~~~~~~~~~~
/Users/Veer/Library/Mobile Documents/com~apple~CloudDocs/HearifyV1/HearifyV1/ContentView.swift:13003:53: error: cannot find 'addCurrentSentenceToPracticeList' in scope
                                                    addCurrentSentenceToPracticeList()
                                                    ^~~~~~~~~~~~~~~~~~~~~~~~~~~~~~~~
/Users/Veer/Library/Mobile Documents/com~apple~CloudDocs/HearifyV1/HearifyV1/ContentView.swift:13025:33: error: cannot find 'progressView' in scope
                                progressView(current: currentQuestionIndex + 1, total: currentDemoSentences.count, layout: layout)
                                ^~~~~~~~~~~~
/Users/Veer/Library/Mobile Documents/com~apple~CloudDocs/HearifyV1/HearifyV1/ContentView.swift:13549:37: error: cannot find 'progressView' in scope
                                    progressView(current: currentQuestionIndex + 1, total: currentDiagnosticItems.count, layout: layout)
                                    ^~~~~~~~~~~~
/Users/Veer/Library/Mobile Documents/com~apple~CloudDocs/HearifyV1/HearifyV1/ContentView.swift:13116:10: error: the compiler is unable to type-check this expression in reasonable time; try breaking up the expression into distinct sub-expressions
    func diagnosticTestScreenContent(layout: ResponsiveLayoutHelper) -> some View {
         ^                                                                        ~
/Users/Veer/Library/Mobile Documents/com~apple~CloudDocs/HearifyV1/HearifyV1/ContentView.swift:14219:58: warning: application of result builder 'ViewBuilder' disabled by explicit 'return' statement
        guard var customWords = loadCustomWords() else { return }
                                                         ^
/Users/Veer/Library/Mobile Documents/com~apple~CloudDocs/HearifyV1/HearifyV1/ContentView.swift:13581:5: note: remove the attribute to explicitly disable the result builder
    @ViewBuilder
    ^~~~~~~~~~~~
    
/Users/Veer/Library/Mobile Documents/com~apple~CloudDocs/HearifyV1/HearifyV1/ContentView.swift:14219:58: note: remove 'return' statements to apply the result builder
        guard var customWords = loadCustomWords() else { return }
                                                         ^~~~~~~
                                                         
/Users/Veer/Library/Mobile Documents/com~apple~CloudDocs/HearifyV1/HearifyV1/ContentView.swift:13583:9: warning: result of 'VStack<Content>' initializer is unused
        VStack(spacing: 0) {
        ^     ~~~~~~~~~~~~~~
/Users/Veer/Library/Mobile Documents/com~apple~CloudDocs/HearifyV1/HearifyV1/ContentView.swift:13582:10: error: function declares an opaque return type, but has no return statements in its body from which to infer an underlying type
    func customPracticeScreenContent(layout: ResponsiveLayoutHelper) -> some View {
         ^
/Users/Veer/Library/Mobile Documents/com~apple~CloudDocs/HearifyV1/HearifyV1/ContentView.swift:14699:9: error: cannot find 'currentQuestionIndex' in scope
        currentQuestionIndex = 0
        ^~~~~~~~~~~~~~~~~~~~
/Users/Veer/Library/Mobile Documents/com~apple~CloudDocs/HearifyV1/HearifyV1/ContentView.swift:14700:9: error: cannot find 'userAnswer' in scope
        userAnswer = ""
        ^~~~~~~~~~
/Users/Veer/Library/Mobile Documents/com~apple~CloudDocs/HearifyV1/HearifyV1/ContentView.swift:14701:9: error: cannot find 'testResults' in scope
        testResults = []
        ^~~~~~~~~~~
/Users/Veer/Library/Mobile Documents/com~apple~CloudDocs/HearifyV1/HearifyV1/ContentView.swift:14702:9: error: cannot find 'currentScore' in scope
        currentScore = 0
        ^~~~~~~~~~~~
/Users/Veer/Library/Mobile Documents/com~apple~CloudDocs/HearifyV1/HearifyV1/ContentView.swift:14703:9: error: cannot find 'currentTestSummary' in scope
        currentTestSummary = nil
        ^~~~~~~~~~~~~~~~~~
/Users/Veer/Library/Mobile Documents/com~apple~CloudDocs/HearifyV1/HearifyV1/ContentView.swift:14704:9: error: cannot find 'questionStartTime' in scope
        questionStartTime = Date()
        ^~~~~~~~~~~~~~~~~
/Users/Veer/Library/Mobile Documents/com~apple~CloudDocs/HearifyV1/HearifyV1/ContentView.swift:14705:9: error: cannot find 'testStartTime' in scope
        testStartTime = Date()
        ^~~~~~~~~~~~~
/Users/Veer/Library/Mobile Documents/com~apple~CloudDocs/HearifyV1/HearifyV1/ContentView.swift:14710:30: error: cannot find 'currentDiagnosticItems' in scope
        let totalQuestions = currentDiagnosticItems.count
                             ^~~~~~~~~~~~~~~~~~~~~~
/Users/Veer/Library/Mobile Documents/com~apple~CloudDocs/HearifyV1/HearifyV1/ContentView.swift:14711:30: error: cannot find 'testResults' in scope
        let correctAnswers = testResults.filter { $0.isCorrect }.count
                             ^~~~~~~~~~~
/Users/Veer/Library/Mobile Documents/com~apple~CloudDocs/HearifyV1/HearifyV1/ContentView.swift:14742:39: error: cannot find 'testResults' in scope
                    let wordResults = testResults.filter { result in
                                      ^~~~~~~~~~~
/Users/Veer/Library/Mobile Documents/com~apple~CloudDocs/HearifyV1/HearifyV1/ContentView.swift:14743:25: error: cannot find 'currentDiagnosticItems' in scope
                        currentDiagnosticItems.first(where: { $0.content == result.question })?.type == .word
                        ^~~~~~~~~~~~~~~~~~~~~~
/Users/Veer/Library/Mobile Documents/com~apple~CloudDocs/HearifyV1/HearifyV1/ContentView.swift:14757:43: error: cannot find 'testResults' in scope
                    let sentenceResults = testResults.filter { result in
                                          ^~~~~~~~~~~
/Users/Veer/Library/Mobile Documents/com~apple~CloudDocs/HearifyV1/HearifyV1/ContentView.swift:14758:25: error: cannot find 'currentDiagnosticItems' in scope
                        currentDiagnosticItems.first(where: { $0.content == result.question })?.type == .sentence
                        ^~~~~~~~~~~~~~~~~~~~~~
/Users/Veer/Library/Mobile Documents/com~apple~CloudDocs/HearifyV1/HearifyV1/ContentView.swift:14772:40: error: cannot find 'testResults' in scope
                    let noiseResults = testResults.filter { result in
                                       ^~~~~~~~~~~
/Users/Veer/Library/Mobile Documents/com~apple~CloudDocs/HearifyV1/HearifyV1/ContentView.swift:14773:25: error: cannot find 'currentDiagnosticItems' in scope
                        currentDiagnosticItems.first(where: { $0.content == result.question })?.type == .sentenceInNoise
                        ^~~~~~~~~~~~~~~~~~~~~~
/Users/Veer/Library/Mobile Documents/com~apple~CloudDocs/HearifyV1/HearifyV1/ContentView.swift:14789:21: error: cannot find 'screen' in scope
                    screen = .statsscreen
                    ^~~~~~
/Users/Veer/Library/Mobile Documents/com~apple~CloudDocs/HearifyV1/HearifyV1/ContentView.swift:14806:21: error: cannot find 'screen' in scope
                    screen = .homescreen
                    ^~~~~~
/Users/Veer/Library/Mobile Documents/com~apple~CloudDocs/HearifyV1/HearifyV1/ContentView.swift:14807:24: error: cannot find 'buttonconfirm' in scope
                    if buttonconfirm {
                       ^~~~~~~~~~~~~
/Users/Veer/Library/Mobile Documents/com~apple~CloudDocs/HearifyV1/HearifyV1/ContentView.swift:14808:25: error: cannot find 'audioManager' in scope
                        audioManager.playAudio("buttonpress")
                        ^~~~~~~~~~~~
/Users/Veer/Library/Mobile Documents/com~apple~CloudDocs/HearifyV1/HearifyV1/ContentView.swift:14834:24: error: cannot find 'isGeneratingAnalysis' in scope
                    if isGeneratingAnalysis {
                       ^~~~~~~~~~~~~~~~~~~~
/Users/Veer/Library/Mobile Documents/com~apple~CloudDocs/HearifyV1/HearifyV1/ContentView.swift:14853:40: error: cannot find 'currentAIReport' in scope
                } else if let report = currentAIReport {
                                       ^~~~~~~~~~~~~~~
/Users/Veer/Library/Mobile Documents/com~apple~CloudDocs/HearifyV1/HearifyV1/ContentView.swift:14867:55: error: cannot find 'formatDate' in scope
                                    Text("Generated \(formatDate(report.generatedDate))")
                                                      ^~~~~~~~~~
/Users/Veer/Library/Mobile Documents/com~apple~CloudDocs/HearifyV1/HearifyV1/ContentView.swift:15319:41: error: cannot find 'generateAIAnalysis' in scope
                                        generateAIAnalysis()
                                        ^~~~~~~~~~~~~~~~~~
/Users/Veer/Library/Mobile Documents/com~apple~CloudDocs/HearifyV1/HearifyV1/ContentView.swift:15333:20: error: cannot find 'currentAIReport' in scope
                if currentAIReport != nil {
                   ^~~~~~~~~~~~~~~
/Users/Veer/Library/Mobile Documents/com~apple~CloudDocs/HearifyV1/HearifyV1/ContentView.swift:15359:29: error: cannot find 'generateAIAnalysis' in scope
                            generateAIAnalysis()
                            ^~~~~~~~~~~~~~~~~~
/Users/Veer/Library/Mobile Documents/com~apple~CloudDocs/HearifyV1/HearifyV1/ContentView.swift:15372:25: error: cannot find 'screen' in scope
                        screen = .homescreen
                        ^~~~~~
/Users/Veer/Library/Mobile Documents/com~apple~CloudDocs/HearifyV1/HearifyV1/ContentView.swift:15457:16: error: cannot find 'currentTrainingCategory' in scope
            if currentTrainingCategory != .sentenceComprehension &&
               ^~~~~~~~~~~~~~~~~~~~~~~
/Users/Veer/Library/Mobile Documents/com~apple~CloudDocs/HearifyV1/HearifyV1/ContentView.swift:15458:17: error: cannot find 'currentTrainingCategory' in scope
                currentTrainingCategory != .sentencesInNoise &&
                ^~~~~~~~~~~~~~~~~~~~~~~
/Users/Veer/Library/Mobile Documents/com~apple~CloudDocs/HearifyV1/HearifyV1/ContentView.swift:15459:17: error: cannot find 'currentTrainingCategory' in scope
                currentTrainingCategory != .diagnosticTest {
                ^~~~~~~~~~~~~~~~~~~~~~~
/Users/Veer/Library/Mobile Documents/com~apple~CloudDocs/HearifyV1/HearifyV1/ContentView.swift:15460:20: error: cannot find 'currentQuestionIndex' in scope
                if currentQuestionIndex < getCurrentQuestionTotal() - 1 && !userAnswer.isEmpty {
                   ^~~~~~~~~~~~~~~~~~~~
/Users/Veer/Library/Mobile Documents/com~apple~CloudDocs/HearifyV1/HearifyV1/ContentView.swift:15460:77: error: cannot find 'userAnswer' in scope
                if currentQuestionIndex < getCurrentQuestionTotal() - 1 && !userAnswer.isEmpty {
                                                                            ^~~~~~~~~~
/Users/Veer/Library/Mobile Documents/com~apple~CloudDocs/HearifyV1/HearifyV1/ContentView.swift:15470:27: error: cannot find 'currentQuestionIndex' in scope
                } else if currentQuestionIndex == getCurrentQuestionTotal() - 1 && !userAnswer.isEmpty {
                          ^~~~~~~~~~~~~~~~~~~~
/Users/Veer/Library/Mobile Documents/com~apple~CloudDocs/HearifyV1/HearifyV1/ContentView.swift:15470:85: error: cannot find 'userAnswer' in scope
                } else if currentQuestionIndex == getCurrentQuestionTotal() - 1 && !userAnswer.isEmpty {
                                                                                    ^~~~~~~~~~
/Users/Veer/Library/Mobile Documents/com~apple~CloudDocs/HearifyV1/HearifyV1/ContentView.swift:15488:21: error: cannot find 'resetSpeechState' in scope
                    resetSpeechState()
                    ^~~~~~~~~~~~~~~~
/Users/Veer/Library/Mobile Documents/com~apple~CloudDocs/HearifyV1/HearifyV1/ContentView.swift:15491:21: error: cannot find 'showWordCountPicker' in scope
                    showWordCountPicker = true
                    ^~~~~~~~~~~~~~~~~~~
/Users/Veer/Library/Mobile Documents/com~apple~CloudDocs/HearifyV1/HearifyV1/ContentView.swift:15492:21: error: cannot find 'showSentenceCountPicker' in scope
                    showSentenceCountPicker = true
                    ^~~~~~~~~~~~~~~~~~~~~~~
/Users/Veer/Library/Mobile Documents/com~apple~CloudDocs/HearifyV1/HearifyV1/ContentView.swift:15493:21: error: cannot find 'showDiagnosticSelection' in scope
                    showDiagnosticSelection = true
                    ^~~~~~~~~~~~~~~~~~~~~~~
/Users/Veer/Library/Mobile Documents/com~apple~CloudDocs/HearifyV1/HearifyV1/ContentView.swift:15494:21: error: cannot find 'diagnosticWordCount' in scope
                    diagnosticWordCount = 0
                    ^~~~~~~~~~~~~~~~~~~
/Users/Veer/Library/Mobile Documents/com~apple~CloudDocs/HearifyV1/HearifyV1/ContentView.swift:15495:21: error: cannot find 'diagnosticSentenceCount' in scope
                    diagnosticSentenceCount = 0
                    ^~~~~~~~~~~~~~~~~~~~~~~
/Users/Veer/Library/Mobile Documents/com~apple~CloudDocs/HearifyV1/HearifyV1/ContentView.swift:15496:21: error: cannot find 'diagnosticNoiseSentenceCount' in scope
                    diagnosticNoiseSentenceCount = 0
                    ^~~~~~~~~~~~~~~~~~~~~~~~~~~~
/Users/Veer/Library/Mobile Documents/com~apple~CloudDocs/HearifyV1/HearifyV1/ContentView.swift:15497:21: error: cannot find 'currentDemoWords' in scope
                    currentDemoWords = []
                    ^~~~~~~~~~~~~~~~
/Users/Veer/Library/Mobile Documents/com~apple~CloudDocs/HearifyV1/HearifyV1/ContentView.swift:15498:21: error: cannot find 'currentDemoSentences' in scope
                    currentDemoSentences = []
                    ^~~~~~~~~~~~~~~~~~~~
/Users/Veer/Library/Mobile Documents/com~apple~CloudDocs/HearifyV1/HearifyV1/ContentView.swift:15499:21: error: cannot find 'currentDiagnosticItems' in scope
                    currentDiagnosticItems = []
                    ^~~~~~~~~~~~~~~~~~~~~~
/Users/Veer/Library/Mobile Documents/com~apple~CloudDocs/HearifyV1/HearifyV1/ContentView.swift:15500:21: error: cannot find 'selectedChoices' in scope
                    selectedChoices = []
                    ^~~~~~~~~~~~~~~
/Users/Veer/Library/Mobile Documents/com~apple~CloudDocs/HearifyV1/HearifyV1/ContentView.swift:15501:21: error: cannot find 'currentQuestionIndex' in scope
                    currentQuestionIndex = 0
                    ^~~~~~~~~~~~~~~~~~~~
/Users/Veer/Library/Mobile Documents/com~apple~CloudDocs/HearifyV1/HearifyV1/ContentView.swift:15503:21: error: cannot find 'showingFeedback' in scope
                    showingFeedback = false
                    ^~~~~~~~~~~~~~~
/Users/Veer/Library/Mobile Documents/com~apple~CloudDocs/HearifyV1/HearifyV1/ContentView.swift:15504:21: error: cannot find 'userAnswer' in scope
                    userAnswer = ""
                    ^~~~~~~~~~
/Users/Veer/Library/Mobile Documents/com~apple~CloudDocs/HearifyV1/HearifyV1/ContentView.swift:15505:21: error: cannot find 'isAnswerCorrect' in scope
                    isAnswerCorrect = false
                    ^~~~~~~~~~~~~~~
/Users/Veer/Library/Mobile Documents/com~apple~CloudDocs/HearifyV1/HearifyV1/ContentView.swift:15507:21: error: cannot find 'isCustomPracticeMode' in scope
                    isCustomPracticeMode = false
                    ^~~~~~~~~~~~~~~~~~~~
/Users/Veer/Library/Mobile Documents/com~apple~CloudDocs/HearifyV1/HearifyV1/ContentView.swift:15508:21: error: cannot find 'screen' in scope
                    screen = .homescreen
                    ^~~~~~
/Users/Veer/Library/Mobile Documents/com~apple~CloudDocs/HearifyV1/HearifyV1/ContentView.swift:15457:44: error: cannot infer contextual base in reference to member 'sentenceComprehension'
            if currentTrainingCategory != .sentenceComprehension &&
                                          ~^~~~~~~~~~~~~~~~~~~~~
/Users/Veer/Library/Mobile Documents/com~apple~CloudDocs/HearifyV1/HearifyV1/ContentView.swift:15458:45: error: cannot infer contextual base in reference to member 'sentencesInNoise'
                currentTrainingCategory != .sentencesInNoise &&
                                           ~^~~~~~~~~~~~~~~~
/Users/Veer/Library/Mobile Documents/com~apple~CloudDocs/HearifyV1/HearifyV1/ContentView.swift:15459:45: error: cannot infer contextual base in reference to member 'diagnosticTest'
                currentTrainingCategory != .diagnosticTest {
                                           ~^~~~~~~~~~~~~~
/Users/Veer/Library/Mobile Documents/com~apple~CloudDocs/HearifyV1/HearifyV1/ContentView.swift:15523:16: error: cannot find 'showingFeedback' in scope
        guard !showingFeedback else { return }
               ^~~~~~~~~~~~~~~
/Users/Veer/Library/Mobile Documents/com~apple~CloudDocs/HearifyV1/HearifyV1/ContentView.swift:15525:9: error: cannot find 'userAnswer' in scope
        userAnswer = choice
        ^~~~~~~~~~
/Users/Veer/Library/Mobile Documents/com~apple~CloudDocs/HearifyV1/HearifyV1/ContentView.swift:15529:9: error: cannot find 'isAnswerCorrect' in scope
        isAnswerCorrect = (choice == correctAnswer)
        ^~~~~~~~~~~~~~~
/Users/Veer/Library/Mobile Documents/com~apple~CloudDocs/HearifyV1/HearifyV1/ContentView.swift:15530:9: error: cannot find 'showingFeedback' in scope
        showingFeedback = true
        ^~~~~~~~~~~~~~~
/Users/Veer/Library/Mobile Documents/com~apple~CloudDocs/HearifyV1/HearifyV1/ContentView.swift:15532:12: error: cannot find 'buttonconfirm' in scope
        if buttonconfirm {
           ^~~~~~~~~~~~~
/Users/Veer/Library/Mobile Documents/com~apple~CloudDocs/HearifyV1/HearifyV1/ContentView.swift:15533:13: error: cannot find 'audioManager' in scope
            audioManager.playAudio("buttonpress")
            ^~~~~~~~~~~~
/Users/Veer/Library/Mobile Documents/com~apple~CloudDocs/HearifyV1/HearifyV1/ContentView.swift:15536:63: error: cannot find 'isAnswerCorrect' in scope
        let impactFeedback = UIImpactFeedbackGenerator(style: isAnswerCorrect ? .medium : .light)
                                                              ^~~~~~~~~~~~~~~
/Users/Veer/Library/Mobile Documents/com~apple~CloudDocs/HearifyV1/HearifyV1/ContentView.swift:15547:9: error: cannot find 'showingFeedback' in scope
        showingFeedback = false
        ^~~~~~~~~~~~~~~
/Users/Veer/Library/Mobile Documents/com~apple~CloudDocs/HearifyV1/HearifyV1/ContentView.swift:15548:9: error: cannot find 'userAnswer' in scope
        userAnswer = ""
        ^~~~~~~~~~
/Users/Veer/Library/Mobile Documents/com~apple~CloudDocs/HearifyV1/HearifyV1/ContentView.swift:15549:9: error: cannot find 'isAnswerCorrect' in scope
        isAnswerCorrect = false
        ^~~~~~~~~~~~~~~
/Users/Veer/Library/Mobile Documents/com~apple~CloudDocs/HearifyV1/HearifyV1/ContentView.swift:15552:9: error: cannot find 'spokenText' in scope
        spokenText = ""
        ^~~~~~~~~~
/Users/Veer/Library/Mobile Documents/com~apple~CloudDocs/HearifyV1/HearifyV1/ContentView.swift:15553:9: error: cannot find 'wordMatchScore' in scope
        wordMatchScore = 0.0
        ^~~~~~~~~~~~~~
/Users/Veer/Library/Mobile Documents/com~apple~CloudDocs/HearifyV1/HearifyV1/ContentView.swift:15554:9: error: cannot find 'matchedWords' in scope
        matchedWords = 0
        ^~~~~~~~~~~~
/Users/Veer/Library/Mobile Documents/com~apple~CloudDocs/HearifyV1/HearifyV1/ContentView.swift:15555:9: error: cannot find 'totalWords' in scope
        totalWords = 0
        ^~~~~~~~~~
/Users/Veer/Library/Mobile Documents/com~apple~CloudDocs/HearifyV1/HearifyV1/ContentView.swift:15556:9: error: cannot find 'speechManager' in scope
        speechManager.recognizedText = ""
        ^~~~~~~~~~~~~
/Users/Veer/Library/Mobile Documents/com~apple~CloudDocs/HearifyV1/HearifyV1/ContentView.swift:15558:9: error: cannot find 'questionStartTime' in scope
        questionStartTime = Date()
        ^~~~~~~~~~~~~~~~~
/Users/Veer/Library/Mobile Documents/com~apple~CloudDocs/HearifyV1/HearifyV1/ContentView.swift:15562:12: error: cannot find 'currentTrainingCategory' in scope
        if currentTrainingCategory == .wordRecognition {
           ^~~~~~~~~~~~~~~~~~~~~~~
/Users/Veer/Library/Mobile Documents/com~apple~CloudDocs/HearifyV1/HearifyV1/ContentView.swift:15563:25: error: cannot find 'currentQuestionIndex' in scope
            needsLoop = currentQuestionIndex >= currentDemoWords.count - 1
                        ^~~~~~~~~~~~~~~~~~~~
/Users/Veer/Library/Mobile Documents/com~apple~CloudDocs/HearifyV1/HearifyV1/ContentView.swift:15563:49: error: cannot find 'currentDemoWords' in scope
            needsLoop = currentQuestionIndex >= currentDemoWords.count - 1
                                                ^~~~~~~~~~~~~~~~
/Users/Veer/Library/Mobile Documents/com~apple~CloudDocs/HearifyV1/HearifyV1/ContentView.swift:15564:19: error: cannot find 'currentTrainingCategory' in scope
        } else if currentTrainingCategory == .sentenceComprehension || currentTrainingCategory == .sentencesInNoise {
                  ^~~~~~~~~~~~~~~~~~~~~~~
/Users/Veer/Library/Mobile Documents/com~apple~CloudDocs/HearifyV1/HearifyV1/ContentView.swift:15564:72: error: cannot find 'currentTrainingCategory' in scope
        } else if currentTrainingCategory == .sentenceComprehension || currentTrainingCategory == .sentencesInNoise {
                                                                       ^~~~~~~~~~~~~~~~~~~~~~~
/Users/Veer/Library/Mobile Documents/com~apple~CloudDocs/HearifyV1/HearifyV1/ContentView.swift:15565:25: error: cannot find 'currentQuestionIndex' in scope
            needsLoop = currentQuestionIndex >= currentDemoSentences.count - 1
                        ^~~~~~~~~~~~~~~~~~~~
/Users/Veer/Library/Mobile Documents/com~apple~CloudDocs/HearifyV1/HearifyV1/ContentView.swift:15565:49: error: cannot find 'currentDemoSentences' in scope
            needsLoop = currentQuestionIndex >= currentDemoSentences.count - 1
                                                ^~~~~~~~~~~~~~~~~~~~
/Users/Veer/Library/Mobile Documents/com~apple~CloudDocs/HearifyV1/HearifyV1/ContentView.swift:15572:16: error: cannot find 'currentTrainingCategory' in scope
            if currentTrainingCategory == .wordRecognition {
               ^~~~~~~~~~~~~~~~~~~~~~~
/Users/Veer/Library/Mobile Documents/com~apple~CloudDocs/HearifyV1/HearifyV1/ContentView.swift:15573:17: error: cannot find 'currentDemoWords' in scope
                currentDemoWords.shuffle()
                ^~~~~~~~~~~~~~~~
/Users/Veer/Library/Mobile Documents/com~apple~CloudDocs/HearifyV1/HearifyV1/ContentView.swift:15574:17: error: cannot find 'selectedChoices' in scope
                selectedChoices = currentDemoWords.map { $0.randomizedChoices() }
                ^~~~~~~~~~~~~~~
/Users/Veer/Library/Mobile Documents/com~apple~CloudDocs/HearifyV1/HearifyV1/ContentView.swift:15574:35: error: cannot find 'currentDemoWords' in scope
                selectedChoices = currentDemoWords.map { $0.randomizedChoices() }
                                  ^~~~~~~~~~~~~~~~
/Users/Veer/Library/Mobile Documents/com~apple~CloudDocs/HearifyV1/HearifyV1/ContentView.swift:15575:17: error: cannot find 'currentQuestionIndex' in scope
                currentQuestionIndex = 0
                ^~~~~~~~~~~~~~~~~~~~
/Users/Veer/Library/Mobile Documents/com~apple~CloudDocs/HearifyV1/HearifyV1/ContentView.swift:15577:21: error: cannot find 'currentDemoWords' in scope
                if !currentDemoWords.isEmpty {
                    ^~~~~~~~~~~~~~~~
/Users/Veer/Library/Mobile Documents/com~apple~CloudDocs/HearifyV1/HearifyV1/ContentView.swift:15578:21: error: cannot find 'audioManager' in scope
                    audioManager.playAudio(currentDemoWords[0].word)
                    ^~~~~~~~~~~~
/Users/Veer/Library/Mobile Documents/com~apple~CloudDocs/HearifyV1/HearifyV1/ContentView.swift:15578:44: error: cannot find 'currentDemoWords' in scope
                    audioManager.playAudio(currentDemoWords[0].word)
                                           ^~~~~~~~~~~~~~~~
/Users/Veer/Library/Mobile Documents/com~apple~CloudDocs/HearifyV1/HearifyV1/ContentView.swift:15580:23: error: cannot find 'currentTrainingCategory' in scope
            } else if currentTrainingCategory == .sentenceComprehension || currentTrainingCategory == .sentencesInNoise {
                      ^~~~~~~~~~~~~~~~~~~~~~~
/Users/Veer/Library/Mobile Documents/com~apple~CloudDocs/HearifyV1/HearifyV1/ContentView.swift:15580:76: error: cannot find 'currentTrainingCategory' in scope
            } else if currentTrainingCategory == .sentenceComprehension || currentTrainingCategory == .sentencesInNoise {
                                                                           ^~~~~~~~~~~~~~~~~~~~~~~
/Users/Veer/Library/Mobile Documents/com~apple~CloudDocs/HearifyV1/HearifyV1/ContentView.swift:15581:17: error: cannot find 'currentDemoSentences' in scope
                currentDemoSentences.shuffle()
                ^~~~~~~~~~~~~~~~~~~~
/Users/Veer/Library/Mobile Documents/com~apple~CloudDocs/HearifyV1/HearifyV1/ContentView.swift:15582:17: error: cannot find 'currentQuestionIndex' in scope
                currentQuestionIndex = 0
                ^~~~~~~~~~~~~~~~~~~~
/Users/Veer/Library/Mobile Documents/com~apple~CloudDocs/HearifyV1/HearifyV1/ContentView.swift:15584:21: error: cannot find 'currentDemoSentences' in scope
                if !currentDemoSentences.isEmpty {
                    ^~~~~~~~~~~~~~~~~~~~
/Users/Veer/Library/Mobile Documents/com~apple~CloudDocs/HearifyV1/HearifyV1/ContentView.swift:15585:21: error: cannot find 'audioManager' in scope
                    audioManager.playAudio(currentDemoSentences[0].sentence)
                    ^~~~~~~~~~~~
/Users/Veer/Library/Mobile Documents/com~apple~CloudDocs/HearifyV1/HearifyV1/ContentView.swift:15585:44: error: cannot find 'currentDemoSentences' in scope
                    audioManager.playAudio(currentDemoSentences[0].sentence)
                                           ^~~~~~~~~~~~~~~~~~~~
/Users/Veer/Library/Mobile Documents/com~apple~CloudDocs/HearifyV1/HearifyV1/ContentView.swift:15590:13: error: cannot find 'currentQuestionIndex' in scope
            currentQuestionIndex += 1
            ^~~~~~~~~~~~~~~~~~~~
/Users/Veer/Library/Mobile Documents/com~apple~CloudDocs/HearifyV1/HearifyV1/ContentView.swift:15597:53: error: cannot find 'questionStartTime' in scope
        let responseTime = Date().timeIntervalSince(questionStartTime)
                                                    ^~~~~~~~~~~~~~~~~
/Users/Veer/Library/Mobile Documents/com~apple~CloudDocs/HearifyV1/HearifyV1/ContentView.swift:15600:28: error: cannot find 'currentTrainingCategory' in scope
        let categoryName = currentTrainingCategory.rawValue
                           ^~~~~~~~~~~~~~~~~~~~~~~
/Users/Veer/Library/Mobile Documents/com~apple~CloudDocs/HearifyV1/HearifyV1/ContentView.swift:15603:13: error: cannot find 'currentScore' in scope
            currentScore += 1
            ^~~~~~~~~~~~
/Users/Veer/Library/Mobile Documents/com~apple~CloudDocs/HearifyV1/HearifyV1/ContentView.swift:15616:9: error: cannot find 'testResults' in scope
        testResults.append(result)
        ^~~~~~~~~~~
/Users/Veer/Library/Mobile Documents/com~apple~CloudDocs/HearifyV1/HearifyV1/ContentView.swift:15625:9: error: cannot find 'userResponses' in scope
        userResponses.append(response)
        ^~~~~~~~~~~~~
/Users/Veer/Library/Mobile Documents/com~apple~CloudDocs/HearifyV1/HearifyV1/ContentView.swift:15628:9: error: cannot find 'trackTrainingCategoryHistory' in scope
        trackTrainingCategoryHistory(question: getCurrentQuestionText(), correctAnswer: correctAnswer, wasCorrect: isCorrect, category: categoryName, userSaid: userAnswer)
        ^~~~~~~~~~~~~~~~~~~~~~~~~~~~
/Users/Veer/Library/Mobile Documents/com~apple~CloudDocs/HearifyV1/HearifyV1/ContentView.swift:15631:12: error: cannot find 'currentQuestionIndex' in scope
        if currentQuestionIndex >= getCurrentQuestionTotal() - 1 {
           ^~~~~~~~~~~~~~~~~~~~
/Users/Veer/Library/Mobile Documents/com~apple~CloudDocs/HearifyV1/HearifyV1/ContentView.swift:15637:16: error: cannot find 'currentTrainingCategory' in scope
        switch currentTrainingCategory {
               ^~~~~~~~~~~~~~~~~~~~~~~
/Users/Veer/Library/Mobile Documents/com~apple~CloudDocs/HearifyV1/HearifyV1/ContentView.swift:15639:16: error: cannot find 'currentQuestionIndex' in scope
            if currentQuestionIndex < currentDemoWords.count {
               ^~~~~~~~~~~~~~~~~~~~
/Users/Veer/Library/Mobile Documents/com~apple~CloudDocs/HearifyV1/HearifyV1/ContentView.swift:15639:39: error: cannot find 'currentDemoWords' in scope
            if currentQuestionIndex < currentDemoWords.count {
                                      ^~~~~~~~~~~~~~~~
/Users/Veer/Library/Mobile Documents/com~apple~CloudDocs/HearifyV1/HearifyV1/ContentView.swift:15640:24: error: cannot find 'currentDemoWords' in scope
                return currentDemoWords[currentQuestionIndex].word
                       ^~~~~~~~~~~~~~~~
/Users/Veer/Library/Mobile Documents/com~apple~CloudDocs/HearifyV1/HearifyV1/ContentView.swift:15640:41: error: cannot find 'currentQuestionIndex' in scope
                return currentDemoWords[currentQuestionIndex].word
                                        ^~~~~~~~~~~~~~~~~~~~
/Users/Veer/Library/Mobile Documents/com~apple~CloudDocs/HearifyV1/HearifyV1/ContentView.swift:15643:16: error: cannot find 'currentQuestionIndex' in scope
            if currentQuestionIndex < currentDemoSentences.count {
               ^~~~~~~~~~~~~~~~~~~~
/Users/Veer/Library/Mobile Documents/com~apple~CloudDocs/HearifyV1/HearifyV1/ContentView.swift:15643:39: error: cannot find 'currentDemoSentences' in scope
            if currentQuestionIndex < currentDemoSentences.count {
                                      ^~~~~~~~~~~~~~~~~~~~
/Users/Veer/Library/Mobile Documents/com~apple~CloudDocs/HearifyV1/HearifyV1/ContentView.swift:15644:24: error: cannot find 'currentDemoSentences' in scope
                return currentDemoSentences[currentQuestionIndex].sentence
                       ^~~~~~~~~~~~~~~~~~~~
/Users/Veer/Library/Mobile Documents/com~apple~CloudDocs/HearifyV1/HearifyV1/ContentView.swift:15644:45: error: cannot find 'currentQuestionIndex' in scope
                return currentDemoSentences[currentQuestionIndex].sentence
                                            ^~~~~~~~~~~~~~~~~~~~
/Users/Veer/Library/Mobile Documents/com~apple~CloudDocs/HearifyV1/HearifyV1/ContentView.swift:15647:16: error: cannot find 'currentQuestionIndex' in scope
            if currentQuestionIndex < currentDiagnosticItems.count {
               ^~~~~~~~~~~~~~~~~~~~
/Users/Veer/Library/Mobile Documents/com~apple~CloudDocs/HearifyV1/HearifyV1/ContentView.swift:15647:39: error: cannot find 'currentDiagnosticItems' in scope
            if currentQuestionIndex < currentDiagnosticItems.count {
                                      ^~~~~~~~~~~~~~~~~~~~~~
/Users/Veer/Library/Mobile Documents/com~apple~CloudDocs/HearifyV1/HearifyV1/ContentView.swift:15648:24: error: cannot find 'currentDiagnosticItems' in scope
                return currentDiagnosticItems[currentQuestionIndex].content
                       ^~~~~~~~~~~~~~~~~~~~~~
/Users/Veer/Library/Mobile Documents/com~apple~CloudDocs/HearifyV1/HearifyV1/ContentView.swift:15648:47: error: cannot find 'currentQuestionIndex' in scope
                return currentDiagnosticItems[currentQuestionIndex].content
                                              ^~~~~~~~~~~~~~~~~~~~
/Users/Veer/Library/Mobile Documents/com~apple~CloudDocs/HearifyV1/HearifyV1/ContentView.swift:15657:16: error: cannot find 'currentTrainingCategory' in scope
        switch currentTrainingCategory {
               ^~~~~~~~~~~~~~~~~~~~~~~
/Users/Veer/Library/Mobile Documents/com~apple~CloudDocs/HearifyV1/HearifyV1/ContentView.swift:15659:16: error: cannot find 'currentQuestionIndex' in scope
            if currentQuestionIndex < currentDemoWords.count {
               ^~~~~~~~~~~~~~~~~~~~
/Users/Veer/Library/Mobile Documents/com~apple~CloudDocs/HearifyV1/HearifyV1/ContentView.swift:15659:39: error: cannot find 'currentDemoWords' in scope
            if currentQuestionIndex < currentDemoWords.count {
                                      ^~~~~~~~~~~~~~~~
/Users/Veer/Library/Mobile Documents/com~apple~CloudDocs/HearifyV1/HearifyV1/ContentView.swift:15660:24: error: cannot find 'currentDemoWords' in scope
                return currentDemoWords[currentQuestionIndex].correctAnswer
                       ^~~~~~~~~~~~~~~~
/Users/Veer/Library/Mobile Documents/com~apple~CloudDocs/HearifyV1/HearifyV1/ContentView.swift:15660:41: error: cannot find 'currentQuestionIndex' in scope
                return currentDemoWords[currentQuestionIndex].correctAnswer
                                        ^~~~~~~~~~~~~~~~~~~~
/Users/Veer/Library/Mobile Documents/com~apple~CloudDocs/HearifyV1/HearifyV1/ContentView.swift:15663:16: error: cannot find 'currentQuestionIndex' in scope
            if currentQuestionIndex < currentDemoSentences.count {
               ^~~~~~~~~~~~~~~~~~~~
/Users/Veer/Library/Mobile Documents/com~apple~CloudDocs/HearifyV1/HearifyV1/ContentView.swift:15663:39: error: cannot find 'currentDemoSentences' in scope
            if currentQuestionIndex < currentDemoSentences.count {
                                      ^~~~~~~~~~~~~~~~~~~~
/Users/Veer/Library/Mobile Documents/com~apple~CloudDocs/HearifyV1/HearifyV1/ContentView.swift:15664:24: error: cannot find 'currentDemoSentences' in scope
                return currentDemoSentences[currentQuestionIndex].sentence
                       ^~~~~~~~~~~~~~~~~~~~
/Users/Veer/Library/Mobile Documents/com~apple~CloudDocs/HearifyV1/HearifyV1/ContentView.swift:15664:45: error: cannot find 'currentQuestionIndex' in scope
                return currentDemoSentences[currentQuestionIndex].sentence
                                            ^~~~~~~~~~~~~~~~~~~~
/Users/Veer/Library/Mobile Documents/com~apple~CloudDocs/HearifyV1/HearifyV1/ContentView.swift:15667:16: error: cannot find 'currentQuestionIndex' in scope
            if currentQuestionIndex < currentDiagnosticItems.count {
               ^~~~~~~~~~~~~~~~~~~~
/Users/Veer/Library/Mobile Documents/com~apple~CloudDocs/HearifyV1/HearifyV1/ContentView.swift:15667:39: error: cannot find 'currentDiagnosticItems' in scope
            if currentQuestionIndex < currentDiagnosticItems.count {
                                      ^~~~~~~~~~~~~~~~~~~~~~
/Users/Veer/Library/Mobile Documents/com~apple~CloudDocs/HearifyV1/HearifyV1/ContentView.swift:15668:24: error: cannot find 'currentDiagnosticItems' in scope
                return currentDiagnosticItems[currentQuestionIndex].content
                       ^~~~~~~~~~~~~~~~~~~~~~
/Users/Veer/Library/Mobile Documents/com~apple~CloudDocs/HearifyV1/HearifyV1/ContentView.swift:15668:47: error: cannot find 'currentQuestionIndex' in scope
                return currentDiagnosticItems[currentQuestionIndex].content
                                              ^~~~~~~~~~~~~~~~~~~~
/Users/Veer/Library/Mobile Documents/com~apple~CloudDocs/HearifyV1/HearifyV1/ContentView.swift:15677:9: error: cannot find 'testCompletionTime' in scope
        testCompletionTime = Date()
        ^~~~~~~~~~~~~~~~~~
/Users/Veer/Library/Mobile Documents/com~apple~CloudDocs/HearifyV1/HearifyV1/ContentView.swift:15678:28: error: cannot find 'testCompletionTime' in scope
        let testDuration = testCompletionTime!.timeIntervalSince(testStartTime)
                           ^~~~~~~~~~~~~~~~~~
/Users/Veer/Library/Mobile Documents/com~apple~CloudDocs/HearifyV1/HearifyV1/ContentView.swift:15678:66: error: cannot find 'testStartTime' in scope
        let testDuration = testCompletionTime!.timeIntervalSince(testStartTime)
                                                                 ^~~~~~~~~~~~~
/Users/Veer/Library/Mobile Documents/com~apple~CloudDocs/HearifyV1/HearifyV1/ContentView.swift:15679:31: error: cannot find 'currentScore' in scope
        let accuracy = Double(currentScore) / Double(totalQuestions)
                              ^~~~~~~~~~~~
/Users/Veer/Library/Mobile Documents/com~apple~CloudDocs/HearifyV1/HearifyV1/ContentView.swift:15679:54: error: cannot find 'totalQuestions' in scope
        let accuracy = Double(currentScore) / Double(totalQuestions)
                                                     ^~~~~~~~~~~~~~
/Users/Veer/Library/Mobile Documents/com~apple~CloudDocs/HearifyV1/HearifyV1/ContentView.swift:15681:9: error: cannot find 'currentTestSummary' in scope
        currentTestSummary = TestSummary(
        ^~~~~~~~~~~~~~~~~~
/Users/Veer/Library/Mobile Documents/com~apple~CloudDocs/HearifyV1/HearifyV1/ContentView.swift:15682:23: error: cannot find 'currentTrainingCategory' in scope
            category: currentTrainingCategory,
                      ^~~~~~~~~~~~~~~~~~~~~~~
/Users/Veer/Library/Mobile Documents/com~apple~CloudDocs/HearifyV1/HearifyV1/ContentView.swift:15683:20: error: cannot find 'currentScore' in scope
            score: currentScore,
                   ^~~~~~~~~~~~
/Users/Veer/Library/Mobile Documents/com~apple~CloudDocs/HearifyV1/HearifyV1/ContentView.swift:15684:29: error: cannot find 'totalQuestions' in scope
            totalQuestions: totalQuestions,
                            ^~~~~~~~~~~~~~
/Users/Veer/Library/Mobile Documents/com~apple~CloudDocs/HearifyV1/HearifyV1/ContentView.swift:15687:24: error: cannot find 'voiceSettings' in scope
            voiceUsed: voiceSettings.selectedVoice,
                       ^~~~~~~~~~~~~
/Users/Veer/Library/Mobile Documents/com~apple~CloudDocs/HearifyV1/HearifyV1/ContentView.swift:15688:22: error: cannot find 'testResults' in scope
            results: testResults,
                     ^~~~~~~~~~~
/Users/Veer/Library/Mobile Documents/com~apple~CloudDocs/HearifyV1/HearifyV1/ContentView.swift:15689:24: error: cannot find 'testCompletionTime' in scope
            timestamp: testCompletionTime!
                       ^~~~~~~~~~~~~~~~~~
/Users/Veer/Library/Mobile Documents/com~apple~CloudDocs/HearifyV1/HearifyV1/ContentView.swift:15694:27: error: cannot find 'currentTrainingCategory' in scope
            exerciseType: currentTrainingCategory.rawValue,
                          ^~~~~~~~~~~~~~~~~~~~~~~
/Users/Veer/Library/Mobile Documents/com~apple~CloudDocs/HearifyV1/HearifyV1/ContentView.swift:15696:29: error: cannot find 'totalQuestions' in scope
            itemsAttempted: totalQuestions,
                            ^~~~~~~~~~~~~~
/Users/Veer/Library/Mobile Documents/com~apple~CloudDocs/HearifyV1/HearifyV1/ContentView.swift:15697:27: error: cannot find 'currentScore' in scope
            itemsCorrect: currentScore
                          ^~~~~~~~~~~~
/Users/Veer/Library/Mobile Documents/com~apple~CloudDocs/HearifyV1/HearifyV1/ContentView.swift:15706:12: error: cannot find 'currentTrainingCategory' in scope
        if currentTrainingCategory == .wordRecognition {
           ^~~~~~~~~~~~~~~~~~~~~~~
/Users/Veer/Library/Mobile Documents/com~apple~CloudDocs/HearifyV1/HearifyV1/ContentView.swift:15707:27: error: cannot find 'testResults' in scope
            for result in testResults {
                          ^~~~~~~~~~~
/Users/Veer/Library/Mobile Documents/com~apple~CloudDocs/HearifyV1/HearifyV1/ContentView.swift:15717:12: error: cannot find 'currentTrainingCategory' in scope
        if currentTrainingCategory == .sentencesInNoise || backgroundNoiseEnabled {
           ^~~~~~~~~~~~~~~~~~~~~~~
/Users/Veer/Library/Mobile Documents/com~apple~CloudDocs/HearifyV1/HearifyV1/ContentView.swift:15717:60: error: cannot find 'backgroundNoiseEnabled' in scope
        if currentTrainingCategory == .sentencesInNoise || backgroundNoiseEnabled {
                                                           ^~~~~~~~~~~~~~~~~~~~~~
/Users/Veer/Library/Mobile Documents/com~apple~CloudDocs/HearifyV1/HearifyV1/ContentView.swift:15719:37: error: cannot find 'backgroundNoiseVolume' in scope
            let volumePercent = Int(backgroundNoiseVolume * 100)
                                    ^~~~~~~~~~~~~~~~~~~~~
/Users/Veer/Library/Mobile Documents/com~apple~CloudDocs/HearifyV1/HearifyV1/ContentView.swift:15720:29: error: cannot find 'backgroundNoiseType' in scope
            noiseLevel = "\(backgroundNoiseType.rawValue) noise at \(volumePercent)%"
                            ^~~~~~~~~~~~~~~~~~~
/Users/Veer/Library/Mobile Documents/com~apple~CloudDocs/HearifyV1/HearifyV1/ContentView.swift:15737:9: error: cannot find 'userAnswer' in scope
        userAnswer = ""
        ^~~~~~~~~~
/Users/Veer/Library/Mobile Documents/com~apple~CloudDocs/HearifyV1/HearifyV1/ContentView.swift:15738:9: error: cannot find 'showingAnswer' in scope
        showingAnswer = false
        ^~~~~~~~~~~~~
/Users/Veer/Library/Mobile Documents/com~apple~CloudDocs/HearifyV1/HearifyV1/ContentView.swift:15739:9: error: cannot find 'showingFeedback' in scope
        showingFeedback = false
        ^~~~~~~~~~~~~~~
/Users/Veer/Library/Mobile Documents/com~apple~CloudDocs/HearifyV1/HearifyV1/ContentView.swift:15740:9: error: cannot find 'isAnswerCorrect' in scope
        isAnswerCorrect = false
        ^~~~~~~~~~~~~~~
/Users/Veer/Library/Mobile Documents/com~apple~CloudDocs/HearifyV1/HearifyV1/ContentView.swift:15743:9: error: cannot find 'currentQuestionIndex' in scope
        currentQuestionIndex += 1
        ^~~~~~~~~~~~~~~~~~~~
/Users/Veer/Library/Mobile Documents/com~apple~CloudDocs/HearifyV1/HearifyV1/ContentView.swift:15744:9: error: cannot find 'questionStartTime' in scope
        questionStartTime = Date()
        ^~~~~~~~~~~~~~~~~
/Users/Veer/Library/Mobile Documents/com~apple~CloudDocs/HearifyV1/HearifyV1/ContentView.swift:15748:16: error: cannot find 'currentTrainingCategory' in scope
        switch currentTrainingCategory {
               ^~~~~~~~~~~~~~~~~~~~~~~
/Users/Veer/Library/Mobile Documents/com~apple~CloudDocs/HearifyV1/HearifyV1/ContentView.swift:15750:20: error: cannot find 'currentDemoWords' in scope
            return currentDemoWords.count
                   ^~~~~~~~~~~~~~~~
/Users/Veer/Library/Mobile Documents/com~apple~CloudDocs/HearifyV1/HearifyV1/ContentView.swift:15752:20: error: cannot find 'currentDemoSentences' in scope
            return currentDemoSentences.count
                   ^~~~~~~~~~~~~~~~~~~~
/Users/Veer/Library/Mobile Documents/com~apple~CloudDocs/HearifyV1/HearifyV1/ContentView.swift:15754:20: error: cannot find 'currentDiagnosticItems' in scope
            return currentDiagnosticItems.count
                   ^~~~~~~~~~~~~~~~~~~~~~
/Users/Veer/Library/Mobile Documents/com~apple~CloudDocs/HearifyV1/HearifyV1/ContentView.swift:15772:15: error: cannot find 'currentQuestionIndex' in scope
        guard currentQuestionIndex < currentDiagnosticItems.count else { return }
              ^~~~~~~~~~~~~~~~~~~~
/Users/Veer/Library/Mobile Documents/com~apple~CloudDocs/HearifyV1/HearifyV1/ContentView.swift:15772:38: error: cannot find 'currentDiagnosticItems' in scope
        guard currentQuestionIndex < currentDiagnosticItems.count else { return }
                                     ^~~~~~~~~~~~~~~~~~~~~~
/Users/Veer/Library/Mobile Documents/com~apple~CloudDocs/HearifyV1/HearifyV1/ContentView.swift:15774:27: error: cannot find 'currentDiagnosticItems' in scope
        let currentItem = currentDiagnosticItems[currentQuestionIndex]
                          ^~~~~~~~~~~~~~~~~~~~~~
/Users/Veer/Library/Mobile Documents/com~apple~CloudDocs/HearifyV1/HearifyV1/ContentView.swift:15774:50: error: cannot find 'currentQuestionIndex' in scope
        let currentItem = currentDiagnosticItems[currentQuestionIndex]
                                                 ^~~~~~~~~~~~~~~~~~~~
/Users/Veer/Library/Mobile Documents/com~apple~CloudDocs/HearifyV1/HearifyV1/ContentView.swift:15775:26: error: cannot find 'speechManager' in scope
        let spokenText = speechManager.recognizedText
                         ^~~~~~~~~~~~~
/Users/Veer/Library/Mobile Documents/com~apple~CloudDocs/HearifyV1/HearifyV1/ContentView.swift:15782:9: error: cannot find 'userAnswer' in scope
        userAnswer = spokenText
        ^~~~~~~~~~
/Users/Veer/Library/Mobile Documents/com~apple~CloudDocs/HearifyV1/HearifyV1/ContentView.swift:15785:9: error: cannot find 'isAnswerCorrect' in scope
        isAnswerCorrect = similarity >= 0.8
        ^~~~~~~~~~~~~~~
/Users/Veer/Library/Mobile Documents/com~apple~CloudDocs/HearifyV1/HearifyV1/ContentView.swift:15792:13: error: cannot find 'self' in scope; did you mean to use it in a type or extension context?
            self.showingFeedback = true
            ^~~~
/Users/Veer/Library/Mobile Documents/com~apple~CloudDocs/HearifyV1/HearifyV1/ContentView.swift:15799:52: error: cannot infer contextual base in reference to member 'word'
                exerciseType: currentItem.type == .word ? .word : .sentence,
                                                  ~^~~~
/Users/Veer/Library/Mobile Documents/com~apple~CloudDocs/HearifyV1/HearifyV1/ContentView.swift:15834:30: error: cannot find 'userAnswer' in scope
                        Text(userAnswer.isEmpty ? "Nothing detected" : userAnswer.lowercased())
                             ^~~~~~~~~~
/Users/Veer/Library/Mobile Documents/com~apple~CloudDocs/HearifyV1/HearifyV1/ContentView.swift:15834:72: error: cannot find 'userAnswer' in scope
                        Text(userAnswer.isEmpty ? "Nothing detected" : userAnswer.lowercased())
                                                                       ^~~~~~~~~~
/Users/Veer/Library/Mobile Documents/com~apple~CloudDocs/HearifyV1/HearifyV1/ContentView.swift:15844:77: error: cannot find 'isAnswerCorrect' in scope
                    ModernCard(padding: AppTheme.spacingM, backgroundColor: isAnswerCorrect ? AppTheme.success.opacity(0.1) : AppTheme.error.opacity(0.1)) {
                                                                            ^~~~~~~~~~~~~~~
/Users/Veer/Library/Mobile Documents/com~apple~CloudDocs/HearifyV1/HearifyV1/ContentView.swift:15846:47: error: cannot find 'isAnswerCorrect' in scope
                            Image(systemName: isAnswerCorrect ? "checkmark.circle.fill" : "xmark.circle.fill")
                                              ^~~~~~~~~~~~~~~
/Users/Veer/Library/Mobile Documents/com~apple~CloudDocs/HearifyV1/HearifyV1/ContentView.swift:15848:50: error: cannot find 'isAnswerCorrect' in scope
                                .foregroundColor(isAnswerCorrect ? AppTheme.success : AppTheme.error)
                                                 ^~~~~~~~~~~~~~~
/Users/Veer/Library/Mobile Documents/com~apple~CloudDocs/HearifyV1/HearifyV1/ContentView.swift:15851:38: error: cannot find 'isAnswerCorrect' in scope
                                Text(isAnswerCorrect ? "Correct!" : "Keep Trying")
                                     ^~~~~~~~~~~~~~~
/Users/Veer/Library/Mobile Documents/com~apple~CloudDocs/HearifyV1/HearifyV1/ContentView.swift:15853:54: error: cannot find 'isAnswerCorrect' in scope
                                    .foregroundColor(isAnswerCorrect ? AppTheme.success : AppTheme.error)
                                                     ^~~~~~~~~~~~~~~
/Users/Veer/Library/Mobile Documents/com~apple~CloudDocs/HearifyV1/HearifyV1/ContentView.swift:15855:38: error: cannot find 'isAnswerCorrect' in scope
                                Text(isAnswerCorrect ? "Perfect match!" : "The words don't match")
                                     ^~~~~~~~~~~~~~~
/Users/Veer/Library/Mobile Documents/com~apple~CloudDocs/HearifyV1/HearifyV1/ContentView.swift:15866:31: error: cannot find 'currentQuestionIndex' in scope
                        text: currentQuestionIndex < currentDiagnosticItems.count - 1 ? "Next Question" : "Finish Test",
                              ^~~~~~~~~~~~~~~~~~~~
/Users/Veer/Library/Mobile Documents/com~apple~CloudDocs/HearifyV1/HearifyV1/ContentView.swift:15866:54: error: cannot find 'currentDiagnosticItems' in scope
                        text: currentQuestionIndex < currentDiagnosticItems.count - 1 ? "Next Question" : "Finish Test",
                                                     ^~~~~~~~~~~~~~~~~~~~~~
/Users/Veer/Library/Mobile Documents/com~apple~CloudDocs/HearifyV1/HearifyV1/ContentView.swift:15868:29: error: cannot find 'showingFeedback' in scope
                            showingFeedback = false
                            ^~~~~~~~~~~~~~~
/Users/Veer/Library/Mobile Documents/com~apple~CloudDocs/HearifyV1/HearifyV1/ContentView.swift:15869:29: error: cannot find 'resetSpeechState' in scope
                            resetSpeechState()
                            ^~~~~~~~~~~~~~~~
/Users/Veer/Library/Mobile Documents/com~apple~CloudDocs/HearifyV1/HearifyV1/ContentView.swift:15871:32: error: cannot find 'currentQuestionIndex' in scope
                            if currentQuestionIndex < currentDiagnosticItems.count - 1 {
                               ^~~~~~~~~~~~~~~~~~~~
/Users/Veer/Library/Mobile Documents/com~apple~CloudDocs/HearifyV1/HearifyV1/ContentView.swift:15871:55: error: cannot find 'currentDiagnosticItems' in scope
                            if currentQuestionIndex < currentDiagnosticItems.count - 1 {
                                                      ^~~~~~~~~~~~~~~~~~~~~~
/Users/Veer/Library/Mobile Documents/com~apple~CloudDocs/HearifyV1/HearifyV1/ContentView.swift:15872:33: error: cannot find 'currentQuestionIndex' in scope
                                currentQuestionIndex += 1
                                ^~~~~~~~~~~~~~~~~~~~
/Users/Veer/Library/Mobile Documents/com~apple~CloudDocs/HearifyV1/HearifyV1/ContentView.swift:15875:33: error: cannot find 'currentQuestionIndex' in scope
                                currentQuestionIndex += 1
                                ^~~~~~~~~~~~~~~~~~~~
/Users/Veer/Library/Mobile Documents/com~apple~CloudDocs/HearifyV1/HearifyV1/ContentView.swift:15885:13: error: cannot find 'progressView' in scope
            progressView(current: currentQuestionIndex + 1, total: currentDiagnosticItems.count, layout: layout)
            ^~~~~~~~~~~~
/Users/Veer/Library/Mobile Documents/com~apple~CloudDocs/HearifyV1/HearifyV1/ContentView.swift:15885:35: error: cannot find 'currentQuestionIndex' in scope
            progressView(current: currentQuestionIndex + 1, total: currentDiagnosticItems.count, layout: layout)
                                  ^~~~~~~~~~~~~~~~~~~~
/Users/Veer/Library/Mobile Documents/com~apple~CloudDocs/HearifyV1/HearifyV1/ContentView.swift:15885:68: error: cannot find 'currentDiagnosticItems' in scope
            progressView(current: currentQuestionIndex + 1, total: currentDiagnosticItems.count, layout: layout)
                                                                   ^~~~~~~~~~~~~~~~~~~~~~
/Users/Veer/Library/Mobile Documents/com~apple~CloudDocs/HearifyV1/HearifyV1/ContentView.swift:16077:31: error: incorrect argument label in call (have 'activityItems:', expected 'items:')
                    ShareSheet(activityItems: shareItems)
                              ^~~~~~~~~~~~~~
                               items
/Users/Veer/Library/Mobile Documents/com~apple~CloudDocs/HearifyV1/HearifyV1/ContentView.swift:16152:21: error: cannot find 'customWordsText' in scope
        let items = customWordsText
                    ^~~~~~~~~~~~~~~
/Users/Veer/Library/Mobile Documents/com~apple~CloudDocs/HearifyV1/HearifyV1/ContentView.swift:16153:39: error: cannot infer contextual base in reference to member 'newlines'
            .components(separatedBy: .newlines)
                                     ~^~~~~~~~
/Users/Veer/Library/Mobile Documents/com~apple~CloudDocs/HearifyV1/HearifyV1/ContentView.swift:16154:47: error: cannot infer contextual base in reference to member 'whitespaces'
            .map { $0.trimmingCharacters(in: .whitespaces) }
                                             ~^~~~~~~~~~~
/Users/Veer/Library/Mobile Documents/com~apple~CloudDocs/HearifyV1/HearifyV1/ContentView.swift:16159:16: error: cannot find 'uploadType' in scope
        switch uploadType {
               ^~~~~~~~~~
/Users/Veer/Library/Mobile Documents/com~apple~CloudDocs/HearifyV1/HearifyV1/ContentView.swift:16181:101: error: cannot infer contextual base in reference to member 'whitespaces'
                let components = line.components(separatedBy: ",").map { $0.trimmingCharacters(in: .whitespaces) }
                                                                                                   ~^~~~~~~~~~~
/Users/Veer/Library/Mobile Documents/com~apple~CloudDocs/HearifyV1/HearifyV1/ContentView.swift:16194:9: error: cannot find 'customWordsText' in scope
        customWordsText = ""
        ^~~~~~~~~~~~~~~
/Users/Veer/Library/Mobile Documents/com~apple~CloudDocs/HearifyV1/HearifyV1/ContentView.swift:16195:9: error: cannot find 'customItemsRefreshTrigger' in scope
        customItemsRefreshTrigger = UUID() // Force view refresh
        ^~~~~~~~~~~~~~~~~~~~~~~~~
/Users/Veer/Library/Mobile Documents/com~apple~CloudDocs/HearifyV1/HearifyV1/ContentView.swift:16203:9: error: cannot find 'availableWordPairs' in scope
        availableWordPairs = WordList
        ^~~~~~~~~~~~~~~~~~
/Users/Veer/Library/Mobile Documents/com~apple~CloudDocs/HearifyV1/HearifyV1/ContentView.swift:16204:9: error: cannot find 'wordPairCategory' in scope
        wordPairCategory = category
        ^~~~~~~~~~~~~~~~
/Users/Veer/Library/Mobile Documents/com~apple~CloudDocs/HearifyV1/HearifyV1/ContentView.swift:16205:9: error: cannot find 'selectedWordPairs' in scope
        selectedWordPairs.removeAll()
        ^~~~~~~~~~~~~~~~~
/Users/Veer/Library/Mobile Documents/com~apple~CloudDocs/HearifyV1/HearifyV1/ContentView.swift:16206:29: error: cannot find 'availableWordPairs' in scope
        print("✅ Loaded \(availableWordPairs.count) word pairs for \(category)")
/Users/Veer/Library/Mobile Documents/com~apple~CloudDocs/HearifyV1/HearifyV1/ContentView.swift:16207:38: error: cannot find 'availableWordPairs' in scope
        print("📝 First 3 pairs: \(availableWordPairs.prefix(3).map { "\($0.firstWord) vs \($0.lastWord)" })")
/Users/Veer/Library/Mobile Documents/com~apple~CloudDocs/HearifyV1/HearifyV1/ContentView.swift:16208:9: error: cannot find 'showWordPairSelector' in scope
        showWordPairSelector = true
        ^~~~~~~~~~~~~~~~~~~~
/Users/Veer/Library/Mobile Documents/com~apple~CloudDocs/HearifyV1/HearifyV1/ContentView.swift:16219:29: error: cannot find 'backgroundNoiseVolume' in scope
        let volume = Double(backgroundNoiseVolume)
                            ^~~~~~~~~~~~~~~~~~~~~
/Users/Veer/Library/Mobile Documents/com~apple~CloudDocs/HearifyV1/HearifyV1/ContentView.swift:16243:12: error: cannot find 'selectedWordPairs' in scope
        if selectedWordPairs.isEmpty {
           ^~~~~~~~~~~~~~~~~
/Users/Veer/Library/Mobile Documents/com~apple~CloudDocs/HearifyV1/HearifyV1/ContentView.swift:16245:26: error: cannot find 'availableWordPairs' in scope
            pairsToUse = availableWordPairs
                         ^~~~~~~~~~~~~~~~~~
/Users/Veer/Library/Mobile Documents/com~apple~CloudDocs/HearifyV1/HearifyV1/ContentView.swift:16248:26: error: cannot find 'availableWordPairs' in scope
            pairsToUse = availableWordPairs.filter { word in
                         ^~~~~~~~~~~~~~~~~~
/Users/Veer/Library/Mobile Documents/com~apple~CloudDocs/HearifyV1/HearifyV1/ContentView.swift:16250:24: error: cannot find 'selectedWordPairs' in scope
                return selectedWordPairs.contains(pairID)
                       ^~~~~~~~~~~~~~~~~
/Users/Veer/Library/Mobile Documents/com~apple~CloudDocs/HearifyV1/HearifyV1/ContentView.swift:16266:23: error: cannot find 'wordPairCategory' in scope
        topCategory = wordPairCategory
                      ^~~~~~~~~~~~~~~~
/Users/Veer/Library/Mobile Documents/com~apple~CloudDocs/HearifyV1/HearifyV1/ContentView.swift:16271:33: error: cannot find 'getCategoryDisplayName' in scope
            sectiontitle.text = getCategoryDisplayName(firstWord.category)
                                ^~~~~~~~~~~~~~~~~~~~~~
/Users/Veer/Library/Mobile Documents/com~apple~CloudDocs/HearifyV1/HearifyV1/ContentView.swift:16275:33: error: cannot find 'getCategoryDisplayName' in scope
            sectiontitle.text = getCategoryDisplayName(wordPairCategory)
                                ^~~~~~~~~~~~~~~~~~~~~~
/Users/Veer/Library/Mobile Documents/com~apple~CloudDocs/HearifyV1/HearifyV1/ContentView.swift:16275:56: error: cannot find 'wordPairCategory' in scope
            sectiontitle.text = getCategoryDisplayName(wordPairCategory)
                                                       ^~~~~~~~~~~~~~~~
/Users/Veer/Library/Mobile Documents/com~apple~CloudDocs/HearifyV1/HearifyV1/ContentView.swift:16279:13: error: cannot find 'randomize' in scope
        if !randomize() {
            ^~~~~~~~~
/Users/Veer/Library/Mobile Documents/com~apple~CloudDocs/HearifyV1/HearifyV1/ContentView.swift:16282:13: error: cannot find 'showingAlert' in scope
            showingAlert = true
            ^~~~~~~~~~~~
/Users/Veer/Library/Mobile Documents/com~apple~CloudDocs/HearifyV1/HearifyV1/ContentView.swift:16286:9: error: cannot find 'screen' in scope
        screen = .screen1
        ^~~~~~
/Users/Veer/Library/Mobile Documents/com~apple~CloudDocs/HearifyV1/HearifyV1/ContentView.swift:16287:12: error: cannot find 'buttonconfirm' in scope
        if buttonconfirm {
           ^~~~~~~~~~~~~
/Users/Veer/Library/Mobile Documents/com~apple~CloudDocs/HearifyV1/HearifyV1/ContentView.swift:16288:13: error: cannot find 'audioManager' in scope
            audioManager.playAudio("buttonpress")
            ^~~~~~~~~~~~
/Users/Veer/Library/Mobile Documents/com~apple~CloudDocs/HearifyV1/HearifyV1/ContentView.swift:16291:9: error: cannot find 'showWordPairSelector' in scope
        showWordPairSelector = false
        ^~~~~~~~~~~~~~~~~~~~
/Users/Veer/Library/Mobile Documents/com~apple~CloudDocs/HearifyV1/HearifyV1/ContentView.swift:16298:31: error: cannot find 'wordPairCategory' in scope
        print("   Category: \(wordPairCategory)")
                              ^~~~~~~~~~~~~~~~
/Users/Veer/Library/Mobile Documents/com~apple~CloudDocs/HearifyV1/HearifyV1/ContentView.swift:16311:23: error: cannot find 'wordPairCategory' in scope
        topCategory = wordPairCategory
                      ^~~~~~~~~~~~~~~~
/Users/Veer/Library/Mobile Documents/com~apple~CloudDocs/HearifyV1/HearifyV1/ContentView.swift:16313:32: error: cannot find 'getCategoryDisplayName' in scope
        sectiontitle.text = "\(getCategoryDisplayName(pair.category)): \(pair.firstWord) vs \(pair.lastWord)"
                               ^~~~~~~~~~~~~~~~~~~~~~
/Users/Veer/Library/Mobile Documents/com~apple~CloudDocs/HearifyV1/HearifyV1/ContentView.swift:16320:13: error: cannot find 'randomize' in scope
        if !randomize() {
            ^~~~~~~~~
/Users/Veer/Library/Mobile Documents/com~apple~CloudDocs/HearifyV1/HearifyV1/ContentView.swift:16322:61: error: cannot find 'getCategoryDisplayName' in scope
            alerttext.text = "Error starting practice for \(getCategoryDisplayName(pair.category)). Please try again."
                                                            ^~~~~~~~~~~~~~~~~~~~~~
/Users/Veer/Library/Mobile Documents/com~apple~CloudDocs/HearifyV1/HearifyV1/ContentView.swift:16323:13: error: cannot find 'showingAlert' in scope
            showingAlert = true
            ^~~~~~~~~~~~
/Users/Veer/Library/Mobile Documents/com~apple~CloudDocs/HearifyV1/HearifyV1/ContentView.swift:16329:9: error: cannot find 'screen' in scope
        screen = .screen1
        ^~~~~~
/Users/Veer/Library/Mobile Documents/com~apple~CloudDocs/HearifyV1/HearifyV1/ContentView.swift:16332:12: error: cannot find 'buttonconfirm' in scope
        if buttonconfirm {
           ^~~~~~~~~~~~~
/Users/Veer/Library/Mobile Documents/com~apple~CloudDocs/HearifyV1/HearifyV1/ContentView.swift:16333:13: error: cannot find 'audioManager' in scope
            audioManager.playAudio("buttonpress")
            ^~~~~~~~~~~~

SwiftCompile normal arm64 /Users/Veer/Library/Mobile\ Documents/com~apple~CloudDocs/HearifyV1/HearifyV1/HearifyV1App.swift (in target 'HearifyV1' from project 'HearifyV1')
    cd /Users/Veer/Library/Mobile\ Documents/com\~apple\~CloudDocs/HearifyV1
    

SwiftCompile normal arm64 /Users/Veer/Library/Developer/Xcode/DerivedData/HearifyV1-ftljoypfezvlxcgouzbpmsmxzads/Build/Intermediates.noindex/HearifyV1.build/Debug-iphoneos/HearifyV1.build/DerivedSources/GeneratedAssetSymbols.swift (in target 'HearifyV1' from project 'HearifyV1')
    cd /Users/Veer/Library/Mobile\ Documents/com\~apple\~CloudDocs/HearifyV1
    

Failed frontend command:
/Applications/Xcode.app/Contents/Developer/Toolchains/XcodeDefault.xctoolchain/usr/bin/swift-frontend -frontend -c /Users/Veer/Library/Mobile\ Documents/com\~apple\~CloudDocs/HearifyV1/HearifyV1/Managers/AIAnalysisService.swift /Users/Veer/Library/Mobile\ Documents/com\~apple\~CloudDocs/HearifyV1/HearifyV1/Managers/AppTutorialView.swift /Users/Veer/Library/Mobile\ Documents/com\~apple\~CloudDocs/HearifyV1/HearifyV1/Managers/AudioManager.swift /Users/Veer/Library/Mobile\ Documents/com\~apple\~CloudDocs/HearifyV1/HearifyV1/Managers/AudioManager_BACKUP_PreRecorded.swift /Users/Veer/Library/Mobile\ Documents/com\~apple\~CloudDocs/HearifyV1/HearifyV1/Managers/CameraManager.swift /Users/Veer/Library/Mobile\ Documents/com\~apple\~CloudDocs/HearifyV1/HearifyV1/Managers/CloudKitManager.swift /Users/Veer/Library/Mobile\ Documents/com\~apple\~CloudDocs/HearifyV1/HearifyV1/Managers/FaceDetectionManager.swift /Users/Veer/Library/Mobile\ Documents/com\~apple\~CloudDocs/HearifyV1/HearifyV1/Managers/FirebaseManager.swift /Users/Veer/Library/Mobile\ Documents/com\~apple\~CloudDocs/HearifyV1/HearifyV1/Managers/GamificationManager.swift /Users/Veer/Library/Mobile\ Documents/com\~apple\~CloudDocs/HearifyV1/HearifyV1/Managers/MouthComparisonEngine.swift /Users/Veer/Library/Mobile\ Documents/com\~apple\~CloudDocs/HearifyV1/HearifyV1/Managers/ProgressManager.swift /Users/Veer/Library/Mobile\ Documents/com\~apple\~CloudDocs/HearifyV1/HearifyV1/Managers/ProgressTrackingManager.swift /Users/Veer/Library/Mobile\ Documents/com\~apple\~CloudDocs/HearifyV1/HearifyV1/Managers/SpeechRecognitionManager.swift /Users/Veer/Library/Mobile\ Documents/com\~apple\~CloudDocs/HearifyV1/HearifyV1/Managers/SpeechRecognitionManagerAdvanced.swift /Users/Veer/Library/Mobile\ Documents/com\~apple\~CloudDocs/HearifyV1/HearifyV1/Models/AdvancedListeningExercise.swift /Users/Veer/Library/Mobile\ Documents/com\~apple\~CloudDocs/HearifyV1/HearifyV1/Models/Analytics.swift /Users/Veer/Library/Mobile\ Documents/com\~apple\~CloudDocs/HearifyV1/HearifyV1/Models/ArticulationModels.swift /Users/Veer/Library/Mobile\ Documents/com\~apple\~CloudDocs/HearifyV1/HearifyV1/Models/ChallengeModels.swift /Users/Veer/Library/Mobile\ Documents/com\~apple\~CloudDocs/HearifyV1/HearifyV1/Models/CommonModels.swift /Users/Veer/Library/Mobile\ Documents/com\~apple\~CloudDocs/HearifyV1/HearifyV1/Models/ConversationScenario.swift /Users/Veer/Library/Mobile\ Documents/com\~apple\~CloudDocs/HearifyV1/HearifyV1/Models/ModuleProgram.swift /Users/Veer/Library/Mobile\ Documents/com\~apple\~CloudDocs/HearifyV1/HearifyV1/Models/PhonemeDatabase.swift /Users/Veer/Library/Mobile\ Documents/com\~apple\~CloudDocs/HearifyV1/HearifyV1/Models/PhonemeVisual.swift /Users/Veer/Library/Mobile\ Documents/com\~apple\~CloudDocs/HearifyV1/HearifyV1/Models/ProgressModels.swift /Users/Veer/Library/Mobile\ Documents/com\~apple\~CloudDocs/HearifyV1/HearifyV1/Models/Screen.swift /Users/Veer/Library/Mobile\ Documents/com\~apple\~CloudDocs/HearifyV1/HearifyV1/Models/TestModels.swift /Users/Veer/Library/Mobile\ Documents/com\~apple\~CloudDocs/HearifyV1/HearifyV1/Models/VoiceSettings.swift /Users/Veer/Library/Mobile\ Documents/com\~apple\~CloudDocs/HearifyV1/HearifyV1/Models/VoiceSettings_BACKUP.swift /Users/Veer/Library/Mobile\ Documents/com\~apple\~CloudDocs/HearifyV1/HearifyV1/Tests/VoiceTest.swift /Users/Veer/Library/Mobile\ Documents/com\~apple\~CloudDocs/HearifyV1/HearifyV1/Theme/AppTheme.swift /Users/Veer/Library/Mobile\ Documents/com\~apple\~CloudDocs/HearifyV1/HearifyV1/Utils/CSVLoader.swift /Users/Veer/Library/Mobile\ Documents/com\~apple\~CloudDocs/HearifyV1/HearifyV1/Utils/Extensions.swift /Users/Veer/Library/Mobile\ Documents/com\~apple\~CloudDocs/HearifyV1/HearifyV1/Utils/NumberToWordConverter.swift /Users/Veer/Library/Mobile\ Documents/com\~apple\~CloudDocs/HearifyV1/HearifyV1/Views/Components/ModernCard.swift /Users/Veer/Library/Mobile\ Documents/com\~apple\~CloudDocs/HearifyV1/HearifyV1/Views/Components/ModernHeader.swift /Users/Veer/Library/Mobile\ Documents/com\~apple\~CloudDocs/HearifyV1/HearifyV1/Views/Components/ResponsiveButton.swift /Users/Veer/Library/Mobile\ Documents/com\~apple\~CloudDocs/HearifyV1/HearifyV1/Views/Components/ResponsiveHeadings.swift /Users/Veer/Library/Mobile\ Documents/com\~apple\~CloudDocs/HearifyV1/HearifyV1/Views/AboutScreenView.swift /Users/Veer/Library/Mobile\ Documents/com\~apple\~CloudDocs/HearifyV1/HearifyV1/Views/AdvancedListeningView.swift /Users/Veer/Library/Mobile\ Documents/com\~apple\~CloudDocs/HearifyV1/HearifyV1/Views/AVSpeechTestView.swift /Users/Veer/Library/Mobile\ Documents/com\~apple\~CloudDocs/HearifyV1/HearifyV1/Views/CameraPracticeView.swift /Users/Veer/Library/Mobile\ Documents/com\~apple\~CloudDocs/HearifyV1/HearifyV1/Views/CameraPreviewView.swift /Users/Veer/Library/Mobile\ Documents/com\~apple\~CloudDocs/HearifyV1/HearifyV1/Views/CameraVisionHubView.swift /Users/Veer/Library/Mobile\ Documents/com\~apple\~CloudDocs/HearifyV1/HearifyV1/Views/ClinicianDashboardView.swift /Users/Veer/Library/Mobile\ Documents/com\~apple\~CloudDocs/HearifyV1/HearifyV1/Views/ClinicianLinkingView.swift /Users/Veer/Library/Mobile\ Documents/com\~apple\~CloudDocs/HearifyV1/HearifyV1/Views/CloudKitDebugView.swift /Users/Veer/Library/Mobile\ Documents/com\~apple\~CloudDocs/HearifyV1/HearifyV1/Views/CloudKitTestView.swift /Users/Veer/Library/Mobile\ Documents/com\~apple\~CloudDocs/HearifyV1/HearifyV1/Views/ConversationPracticeView.swift /Users/Veer/Library/Mobile\ Documents/com\~apple\~CloudDocs/HearifyV1/HearifyV1/Views/ConversationScenarioView.swift /Users/Veer/Library/Mobile\ Documents/com\~apple\~CloudDocs/HearifyV1/HearifyV1/Views/EnhancedProgressDashboardView.swift /Users/Veer/Library/Mobile\ Documents/com\~apple\~CloudDocs/HearifyV1/HearifyV1/Views/LegalAgreementView.swift /Users/Veer/Library/Mobile\ Documents/com\~apple\~CloudDocs/HearifyV1/HearifyV1/Views/ModuleProgramView.swift /Users/Veer/Library/Mobile\ Documents/com\~apple\~CloudDocs/HearifyV1/HearifyV1/Views/MouthDiagramView.swift /Users/Veer/Library/Mobile\ Documents/com\~apple\~CloudDocs/HearifyV1/HearifyV1/Views/MouthLandmarksOverlay.swift /Users/Veer/Library/Mobile\ Documents/com\~apple\~CloudDocs/HearifyV1/HearifyV1/Views/PatientLoginView.swift /Users/Veer/Library/Mobile\ Documents/com\~apple\~CloudDocs/HearifyV1/HearifyV1/Views/PhonemeVisualizationView.swift /Users/Veer/Library/Mobile\ Documents/com\~apple\~CloudDocs/HearifyV1/HearifyV1/Views/ProgressDashboardView.swift /Users/Veer/Library/Mobile\ Documents/com\~apple\~CloudDocs/HearifyV1/HearifyV1/Views/RecordingHistoryView.swift /Users/Veer/Library/Mobile\ Documents/com\~apple\~CloudDocs/HearifyV1/HearifyV1/Views/SpeakingPracticeHubView.swift /Users/Veer/Library/Mobile\ Documents/com\~apple\~CloudDocs/HearifyV1/HearifyV1/Views/SpeakingPracticeView.swift /Users/Veer/Library/Mobile\ Documents/com\~apple\~CloudDocs/HearifyV1/HearifyV1/Views/SuccessAnimationView.swift /Users/Veer/Library/Mobile\ Documents/com\~apple\~CloudDocs/HearifyV1/HearifyV1/Views/TargetedPracticeView.swift -primary-file /Users/Veer/Library/Mobile\ Documents/com\~apple\~CloudDocs/HearifyV1/HearifyV1/Views/TargetMouthShape.swift -primary-file /Users/Veer/Library/Mobile\ Documents/com\~apple\~CloudDocs/HearifyV1/HearifyV1/Views/VisualPronunciationHubView.swift -primary-file /Users/Veer/Library/Mobile\ Documents/com\~apple\~CloudDocs/HearifyV1/HearifyV1/Views/WaveformView.swift -primary-file /Users/Veer/Library/Mobile\ Documents/com\~apple\~CloudDocs/HearifyV1/HearifyV1/ContentView.swift -primary-file /Users/Veer/Library/Mobile\ Documents/com\~apple\~CloudDocs/HearifyV1/HearifyV1/HearifyV1App.swift -primary-file /Users/Veer/Library/Developer/Xcode/DerivedData/HearifyV1-ftljoypfezvlxcgouzbpmsmxzads/Build/Intermediates.noindex/HearifyV1.build/Debug-iphoneos/HearifyV1.build/DerivedSources/GeneratedAssetSymbols.swift -supplementary-output-file-map /Users/Veer/Library/Developer/Xcode/DerivedData/HearifyV1-ftljoypfezvlxcgouzbpmsmxzads/Build/Intermediates.noindex/HearifyV1.build/Debug-iphoneos/HearifyV1.build/Objects-normal/arm64/supplementaryOutputs-10 -emit-localized-strings -emit-localized-strings-path /Users/Veer/Library/Developer/Xcode/DerivedData/HearifyV1-ftljoypfezvlxcgouzbpmsmxzads/Build/Intermediates.noindex/HearifyV1.build/Debug-iphoneos/HearifyV1.build/Objects-normal/arm64 -target arm64-apple-ios16.6 -module-can-import-version DeveloperToolsSupport 23.0.4 23.0.4 -module-can-import-version SwiftUI 7.2.5.1 7.2.5 -module-can-import-version UIKit 9126.2.4.1 9126.2.4 -load-resolved-plugin /Applications/Xcode.app/Contents/Developer/Platforms/iPhoneOS.platform/Developer/usr/lib/swift/host/plugins/libFoundationMacros.dylib\#/Applications/Xcode.app/Contents/Developer/Platforms/iPhoneOS.platform/Developer/usr/bin/swift-plugin-server\#FoundationMacros -load-resolved-plugin /Applications/Xcode.app/Contents/Developer/Platforms/iPhoneOS.platform/Developer/usr/lib/swift/host/plugins/libObservationMacros.dylib\#/Applications/Xcode.app/Contents/Developer/Platforms/iPhoneOS.platform/Developer/usr/bin/swift-plugin-server\#ObservationMacros -load-resolved-plugin /Applications/Xcode.app/Contents/Developer/Platforms/iPhoneOS.platform/Developer/usr/lib/swift/host/plugins/libPreviewsMacros.dylib\#/Applications/Xcode.app/Contents/Developer/Platforms/iPhoneOS.platform/Developer/usr/bin/swift-plugin-server\#PreviewsMacros -load-resolved-plugin /Applications/Xcode.app/Contents/Developer/Platforms/iPhoneOS.platform/Developer/usr/lib/swift/host/plugins/libSwiftMacros.dylib\#/Applications/Xcode.app/Contents/Developer/Platforms/iPhoneOS.platform/Developer/usr/bin/swift-plugin-server\#SwiftMacros -load-resolved-plugin /Applications/Xcode.app/Contents/Developer/Platforms/iPhoneOS.platform/Developer/usr/lib/swift/host/plugins/libSwiftUIMacros.dylib\#/Applications/Xcode.app/Contents/Developer/Platforms/iPhoneOS.platform/Developer/usr/bin/swift-plugin-server\#SwiftUIMacros -disable-implicit-swift-modules -Xcc -fno-implicit-modules -Xcc -fno-implicit-module-maps -explicit-swift-module-map-file /Users/Veer/Library/Developer/Xcode/DerivedData/HearifyV1-ftljoypfezvlxcgouzbpmsmxzads/Build/Intermediates.noindex/HearifyV1.build/Debug-iphoneos/HearifyV1.build/Objects-normal/arm64/HearifyV1-dependencies-1.json -Xllvm -aarch64-use-tbi -enable-objc-interop -stack-check -sdk /Applications/Xcode.app/Contents/Developer/Platforms/iPhoneOS.platform/Developer/SDKs/iPhoneOS26.2.sdk -I /Users/Veer/Library/Developer/Xcode/DerivedData/HearifyV1-ftljoypfezvlxcgouzbpmsmxzads/Build/Products/Debug-iphoneos -F /Users/Veer/Library/Developer/Xcode/DerivedData/HearifyV1-ftljoypfezvlxcgouzbpmsmxzads/Build/Products/Debug-iphoneos/PackageFrameworks -F /Users/Veer/Library/Developer/Xcode/DerivedData/HearifyV1-ftljoypfezvlxcgouzbpmsmxzads/Build/Products/Debug-iphoneos/PackageFrameworks -F /Users/Veer/Library/Developer/Xcode/DerivedData/HearifyV1-ftljoypfezvlxcgouzbpmsmxzads/Build/Products/Debug-iphoneos/PackageFrameworks -F /Users/Veer/Library/Developer/Xcode/DerivedData/HearifyV1-ftljoypfezvlxcgouzbpmsmxzads/Build/Products/Debug-iphoneos/PackageFrameworks -F /Users/Veer/Library/Developer/Xcode/DerivedData/HearifyV1-ftljoypfezvlxcgouzbpmsmxzads/Build/Products/Debug-iphoneos/PackageFrameworks -F /Users/Veer/Library/Developer/Xcode/DerivedData/HearifyV1-ftljoypfezvlxcgouzbpmsmxzads/Build/Products/Debug-iphoneos/PackageFrameworks -F /Users/Veer/Library/Developer/Xcode/DerivedData/HearifyV1-ftljoypfezvlxcgouzbpmsmxzads/Build/Products/Debug-iphoneos/PackageFrameworks -F /Users/Veer/Library/Developer/Xcode/DerivedData/HearifyV1-ftljoypfezvlxcgouzbpmsmxzads/Build/Products/Debug-iphoneos/PackageFrameworks -F /Users/Veer/Library/Developer/Xcode/DerivedData/HearifyV1-ftljoypfezvlxcgouzbpmsmxzads/Build/Products/Debug-iphoneos/PackageFrameworks -F /Users/Veer/Library/Developer/Xcode/DerivedData/HearifyV1-ftljoypfezvlxcgouzbpmsmxzads/Build/Products/Debug-iphoneos/PackageFrameworks -F /Users/Veer/Library/Developer/Xcode/DerivedData/HearifyV1-ftljoypfezvlxcgouzbpmsmxzads/Build/Products/Debug-iphoneos/PackageFrameworks -F /Users/Veer/Library/Developer/Xcode/DerivedData/HearifyV1-ftljoypfezvlxcgouzbpmsmxzads/Build/Products/Debug-iphoneos/PackageFrameworks -F /Users/Veer/Library/Developer/Xcode/DerivedData/HearifyV1-ftljoypfezvlxcgouzbpmsmxzads/Build/Products/Debug-iphoneos/PackageFrameworks -F /Users/Veer/Library/Developer/Xcode/DerivedData/HearifyV1-ftljoypfezvlxcgouzbpmsmxzads/Build/Products/Debug-iphoneos/PackageFrameworks -F /Users/Veer/Library/Developer/Xcode/DerivedData/HearifyV1-ftljoypfezvlxcgouzbpmsmxzads/Build/Products/Debug-iphoneos/PackageFrameworks -F /Users/Veer/Library/Developer/Xcode/DerivedData/HearifyV1-ftljoypfezvlxcgouzbpmsmxzads/Build/Products/Debug-iphoneos/PackageFrameworks -F /Users/Veer/Library/Developer/Xcode/DerivedData/HearifyV1-ftljoypfezvlxcgouzbpmsmxzads/Build/Products/Debug-iphoneos/PackageFrameworks -F /Users/Veer/Library/Developer/Xcode/DerivedData/HearifyV1-ftljoypfezvlxcgouzbpmsmxzads/Build/Products/Debug-iphoneos/PackageFrameworks -F /Users/Veer/Library/Developer/Xcode/DerivedData/HearifyV1-ftljoypfezvlxcgouzbpmsmxzads/Build/Products/Debug-iphoneos/PackageFrameworks -F /Users/Veer/Library/Developer/Xcode/DerivedData/HearifyV1-ftljoypfezvlxcgouzbpmsmxzads/Build/Products/Debug-iphoneos/PackageFrameworks -F /Users/Veer/Library/Developer/Xcode/DerivedData/HearifyV1-ftljoypfezvlxcgouzbpmsmxzads/Build/Products/Debug-iphoneos/PackageFrameworks -F /Users/Veer/Library/Developer/Xcode/DerivedData/HearifyV1-ftljoypfezvlxcgouzbpmsmxzads/Build/Products/Debug-iphoneos/PackageFrameworks -F /Users/Veer/Library/Developer/Xcode/DerivedData/HearifyV1-ftljoypfezvlxcgouzbpmsmxzads/Build/Products/Debug-iphoneos/PackageFrameworks -F /Users/Veer/Library/Developer/Xcode/DerivedData/HearifyV1-ftljoypfezvlxcgouzbpmsmxzads/Build/Products/Debug-iphoneos/PackageFrameworks -F /Users/Veer/Library/Developer/Xcode/DerivedData/HearifyV1-ftljoypfezvlxcgouzbpmsmxzads/Build/Products/Debug-iphoneos/PackageFrameworks -F /Users/Veer/Library/Developer/Xcode/DerivedData/HearifyV1-ftljoypfezvlxcgouzbpmsmxzads/Build/Products/Debug-iphoneos/PackageFrameworks -F /Users/Veer/Library/Developer/Xcode/DerivedData/HearifyV1-ftljoypfezvlxcgouzbpmsmxzads/Build/Products/Debug-iphoneos/PackageFrameworks -F /Users/Veer/Library/Developer/Xcode/DerivedData/HearifyV1-ftljoypfezvlxcgouzbpmsmxzads/Build/Products/Debug-iphoneos/PackageFrameworks -F /Users/Veer/Library/Developer/Xcode/DerivedData/HearifyV1-ftljoypfezvlxcgouzbpmsmxzads/Build/Products/Debug-iphoneos -no-color-diagnostics -Xcc -fno-color-diagnostics -enable-testing -g -debug-info-format\=dwarf -dwarf-version\=4 -module-cache-path /Users/Veer/Library/Developer/Xcode/DerivedData/HearifyV1-ftljoypfezvlxcgouzbpmsmxzads/Build/Intermediates.noindex/SwiftExplicitPrecompiledModules -profile-generate -profile-coverage-mapping -swift-version 5 -enforce-exclusivity\=checked -Onone -D DEBUG -serialize-debugging-options -const-gather-protocols-file /Users/Veer/Library/Developer/Xcode/DerivedData/HearifyV1-ftljoypfezvlxcgouzbpmsmxzads/Build/Intermediates.noindex/HearifyV1.build/Debug-iphoneos/HearifyV1.build/Objects-normal/arm64/HearifyV1_const_extract_protocols.json -enable-experimental-feature DebugDescriptionMacro -enable-bare-slash-regex -empty-abi-descriptor -validate-clang-modules-once -clang-build-session-file /Users/Veer/Library/Developer/Xcode/DerivedData/ModuleCache.noindex/Session.modulevalidation -Xcc -working-directory -Xcc /Users/Veer/Library/Mobile\ Documents/com\~apple\~CloudDocs/HearifyV1 -enable-anonymous-context-mangled-names -file-compilation-dir /Users/Veer/Library/Mobile\ Documents/com\~apple\~CloudDocs/HearifyV1 -Xcc -fmodule-map-file\=/Users/Veer/Library/Developer/Xcode/DerivedData/HearifyV1-ftljoypfezvlxcgouzbpmsmxzads/Build/Intermediates.noindex/GeneratedModuleMaps-iphoneos/RecaptchaInterop.modulemap -Xcc -fmodule-map-file\=/Users/Veer/Library/Developer/Xcode/DerivedData/HearifyV1-ftljoypfezvlxcgouzbpmsmxzads/Build/Intermediates.noindex/GeneratedModuleMaps-iphoneos/GoogleUtilities-Network.modulemap -Xcc -fmodule-map-file\=/Users/Veer/Library/Developer/Xcode/DerivedData/HearifyV1-ftljoypfezvlxcgouzbpmsmxzads/Build/Intermediates.noindex/GeneratedModuleMaps-iphoneos/GoogleUtilities-Reachability.modulemap -Xcc -fmodule-map-file\=/Users/Veer/Library/Developer/Xcode/DerivedData/HearifyV1-ftljoypfezvlxcgouzbpmsmxzads/Build/Intermediates.noindex/GeneratedModuleMaps-iphoneos/GoogleUtilities-AppDelegateSwizzler.modulemap -Xcc -fmodule-map-file\=/Users/Veer/Library/Developer/Xcode/DerivedData/HearifyV1-ftljoypfezvlxcgouzbpmsmxzads/Build/Intermediates.noindex/GeneratedModuleMaps-iphoneos/GTMSessionFetcherCore.modulemap -Xcc -fmodule-map-file\=/Users/Veer/Library/Developer/Xcode/DerivedData/HearifyV1-ftljoypfezvlxcgouzbpmsmxzads/Build/Intermediates.noindex/GeneratedModuleMaps-iphoneos/FirebaseAuthInternal.modulemap -Xcc -fmodule-map-file\=/Users/Veer/Library/Developer/Xcode/DerivedData/HearifyV1-ftljoypfezvlxcgouzbpmsmxzads/Build/Intermediates.noindex/GeneratedModuleMaps-iphoneos/FirebaseAuthInterop.modulemap -Xcc -fmodule-map-file\=/Users/Veer/Library/Developer/Xcode/DerivedData/HearifyV1-ftljoypfezvlxcgouzbpmsmxzads/Build/Intermediates.noindex/GeneratedModuleMaps-iphoneos/GoogleUtilities-NSData.modulemap -Xcc -fmodule-map-file\=/Users/Veer/Library/Developer/Xcode/DerivedData/HearifyV1-ftljoypfezvlxcgouzbpmsmxzads/Build/Intermediates.noindex/GeneratedModuleMaps-iphoneos/GoogleUtilities-Environment.modulemap -Xcc -fmodule-map-file\=/Users/Veer/Library/Developer/Xcode/DerivedData/HearifyV1-ftljoypfezvlxcgouzbpmsmxzads/Build/Intermediates.noindex/GeneratedModuleMaps-iphoneos/third-party-IsAppEncrypted.modulemap -Xcc -fmodule-map-file\=/Users/Veer/Library/Developer/Xcode/DerivedData/HearifyV1-ftljoypfezvlxcgouzbpmsmxzads/Build/Intermediates.noindex/GeneratedModuleMaps-iphoneos/GoogleUtilities-Logger.modulemap -Xcc -fmodule-map-file\=/Users/Veer/Library/Developer/Xcode/DerivedData/HearifyV1-ftljoypfezvlxcgouzbpmsmxzads/Build/Intermediates.noindex/GeneratedModuleMaps-iphoneos/abslWrapper.modulemap -Xcc -fmodule-map-file\=/Users/Veer/Library/Developer/Xcode/DerivedData/HearifyV1-ftljoypfezvlxcgouzbpmsmxzads/Build/Intermediates.noindex/GeneratedModuleMaps-iphoneos/opensslWrapper.modulemap -Xcc -fmodule-map-file\=/Users/Veer/Library/Developer/Xcode/DerivedData/HearifyV1-ftljoypfezvlxcgouzbpmsmxzads/Build/Intermediates.noindex/GeneratedModuleMaps-iphoneos/grpcWrapper.modulemap -Xcc -fmodule-map-file\=/Users/Veer/Library/Developer/Xcode/DerivedData/HearifyV1-ftljoypfezvlxcgouzbpmsmxzads/Build/Intermediates.noindex/GeneratedModuleMaps-iphoneos/grpcppWrapper.modulemap -Xcc -fmodule-map-file\=/Users/Veer/Library/Developer/Xcode/DerivedData/HearifyV1-ftljoypfezvlxcgouzbpmsmxzads/Build/Intermediates.noindex/GeneratedModuleMaps-iphoneos/nanopb.modulemap -Xcc -fmodule-map-file\=/Users/Veer/Library/Developer/Xcode/DerivedData/HearifyV1-ftljoypfezvlxcgouzbpmsmxzads/Build/Intermediates.noindex/GeneratedModuleMaps-iphoneos/leveldb.modulemap -Xcc -fmodule-map-file\=/Users/Veer/Library/Developer/Xcode/DerivedData/HearifyV1-ftljoypfezvlxcgouzbpmsmxzads/Build/Intermediates.noindex/GeneratedModuleMaps-iphoneos/FirebaseCoreExtension.modulemap -Xcc -fmodule-map-file\=/Users/Veer/Library/Developer/Xcode/DerivedData/HearifyV1-ftljoypfezvlxcgouzbpmsmxzads/Build/Intermediates.noindex/GeneratedModuleMaps-iphoneos/FirebaseCore.modulemap -Xcc -fmodule-map-file\=/Users/Veer/Library/Developer/Xcode/DerivedData/HearifyV1-ftljoypfezvlxcgouzbpmsmxzads/Build/Intermediates.noindex/GeneratedModuleMaps-iphoneos/FirebaseAppCheckInterop.modulemap -Xcc -fmodule-map-file\=/Users/Veer/Library/Developer/Xcode/DerivedData/HearifyV1-ftljoypfezvlxcgouzbpmsmxzads/Build/Intermediates.noindex/GeneratedModuleMaps-iphoneos/FirebaseFirestoreInternalWrapper.modulemap -Xcc -fmodule-map-file\=/Users/Veer/Library/Developer/Xcode/DerivedData/HearifyV1-ftljoypfezvlxcgouzbpmsmxzads/Build/Intermediates.noindex/GeneratedModuleMaps-iphoneos/FirebaseFirestoreTarget.modulemap -Xcc -D_LIBCPP_HARDENING_MODE\=_LIBCPP_HARDENING_MODE_DEBUG -Xcc -ivfsstatcache -Xcc /Users/Veer/Library/Developer/Xcode/DerivedData/SDKStatCaches.noindex/iphoneos26.2-23C53-3794476bd08197c3e2abd9bb477ef7f7.sdkstatcache -Xcc -I/Users/Veer/Library/Developer/Xcode/DerivedData/HearifyV1-ftljoypfezvlxcgouzbpmsmxzads/Build/Intermediates.noindex/HearifyV1.build/Debug-iphoneos/HearifyV1.build/swift-overrides.hmap -Xcc -iquote -Xcc /Users/Veer/Library/Developer/Xcode/DerivedData/HearifyV1-ftljoypfezvlxcgouzbpmsmxzads/Build/Intermediates.noindex/HearifyV1.build/Debug-iphoneos/HearifyV1.build/HearifyV1-generated-files.hmap -Xcc -I/Users/Veer/Library/Developer/Xcode/DerivedData/HearifyV1-ftljoypfezvlxcgouzbpmsmxzads/Build/Intermediates.noindex/HearifyV1.build/Debug-iphoneos/HearifyV1.build/HearifyV1-own-target-headers.hmap -Xcc -I/Users/Veer/Library/Developer/Xcode/DerivedData/HearifyV1-ftljoypfezvlxcgouzbpmsmxzads/Build/Intermediates.noindex/HearifyV1.build/Debug-iphoneos/HearifyV1.build/HearifyV1-all-non-framework-target-headers.hmap -Xcc -ivfsoverlay -Xcc /Users/Veer/Library/Developer/Xcode/DerivedData/HearifyV1-ftljoypfezvlxcgouzbpmsmxzads/Build/Intermediates.noindex/HearifyV1.build/Debug-iphoneos/HearifyV1-521b383a001212c1ccf60a43897f0080-VFS-iphoneos/all-product-headers.yaml -Xcc -iquote -Xcc /Users/Veer/Library/Developer/Xcode/DerivedData/HearifyV1-ftljoypfezvlxcgouzbpmsmxzads/Build/Intermediates.noindex/HearifyV1.build/Debug-iphoneos/HearifyV1.build/HearifyV1-project-headers.hmap -Xcc -I/Users/Veer/Library/Developer/Xcode/DerivedData/HearifyV1-ftljoypfezvlxcgouzbpmsmxzads/SourcePackages/checkouts/interop-ios-for-google-sdks/RecaptchaEnterprise/RecaptchaInterop/Public -Xcc -I/Users/Veer/Library/Developer/Xcode/DerivedData/HearifyV1-ftljoypfezvlxcgouzbpmsmxzads/SourcePackages/checkouts/GoogleUtilities/GoogleUtilities/Network/Public -Xcc -I/Users/Veer/Library/Developer/Xcode/DerivedData/HearifyV1-ftljoypfezvlxcgouzbpmsmxzads/SourcePackages/checkouts/GoogleUtilities/GoogleUtilities/Reachability/Public -Xcc -I/Users/Veer/Library/Developer/Xcode/DerivedData/HearifyV1-ftljoypfezvlxcgouzbpmsmxzads/SourcePackages/checkouts/GoogleUtilities/GoogleUtilities/AppDelegateSwizzler/Public -Xcc -I/Users/Veer/Library/Developer/Xcode/DerivedData/HearifyV1-ftljoypfezvlxcgouzbpmsmxzads/SourcePackages/checkouts/gtm-session-fetcher/Sources/Core/Public -Xcc -I/Users/Veer/Library/Developer/Xcode/DerivedData/HearifyV1-ftljoypfezvlxcgouzbpmsmxzads/SourcePackages/checkouts/firebase-ios-sdk/FirebaseAuth/Sources/Public -Xcc -I/Users/Veer/Library/Developer/Xcode/DerivedData/HearifyV1-ftljoypfezvlxcgouzbpmsmxzads/SourcePackages/checkouts/firebase-ios-sdk/FirebaseAuth/Interop/Public -Xcc -I/Users/Veer/Library/Developer/Xcode/DerivedData/HearifyV1-ftljoypfezvlxcgouzbpmsmxzads/SourcePackages/checkouts/GoogleUtilities/GoogleUtilities/NSData+zlib/Public -Xcc -I/Users/Veer/Library/Developer/Xcode/DerivedData/HearifyV1-ftljoypfezvlxcgouzbpmsmxzads/SourcePackages/checkouts/GoogleUtilities/GoogleUtilities/Environment/Public -Xcc -I/Users/Veer/Library/Developer/Xcode/DerivedData/HearifyV1-ftljoypfezvlxcgouzbpmsmxzads/SourcePackages/checkouts/GoogleUtilities/third_party/IsAppEncrypted/Public -Xcc -I/Users/Veer/Library/Developer/Xcode/DerivedData/HearifyV1-ftljoypfezvlxcgouzbpmsmxzads/SourcePackages/checkouts/GoogleUtilities/GoogleUtilities/Logger/Public -Xcc -I/Users/Veer/Library/Developer/Xcode/DerivedData/HearifyV1-ftljoypfezvlxcgouzbpmsmxzads/SourcePackages/checkouts/abseil-cpp-binary/absl-Wrapper/include -Xcc -I/Users/Veer/Library/Developer/Xcode/DerivedData/HearifyV1-ftljoypfezvlxcgouzbpmsmxzads/SourcePackages/checkouts/grpc-binary/openssl-grpc-Wrapper/include -Xcc -I/Users/Veer/Library/Developer/Xcode/DerivedData/HearifyV1-ftljoypfezvlxcgouzbpmsmxzads/SourcePackages/checkouts/grpc-binary/grpc-Wrapper/include -Xcc -I/Users/Veer/Library/Developer/Xcode/DerivedData/HearifyV1-ftljoypfezvlxcgouzbpmsmxzads/SourcePackages/checkouts/grpc-binary/grpcpp-Wrapper/include -Xcc -I/Users/Veer/Library/Developer/Xcode/DerivedData/HearifyV1-ftljoypfezvlxcgouzbpmsmxzads/SourcePackages/checkouts/nanopb/spm_headers -Xcc -I/Users/Veer/Library/Developer/Xcode/DerivedData/HearifyV1-ftljoypfezvlxcgouzbpmsmxzads/SourcePackages/checkouts/leveldb/include -Xcc -I/Users/Veer/Library/Developer/Xcode/DerivedData/HearifyV1-ftljoypfezvlxcgouzbpmsmxzads/SourcePackages/checkouts/firebase-ios-sdk/FirebaseCore/Extension -Xcc -I/Users/Veer/Library/Developer/Xcode/DerivedData/HearifyV1-ftljoypfezvlxcgouzbpmsmxzads/SourcePackages/checkouts/firebase-ios-sdk/FirebaseCore/Sources/Public -Xcc -I/Users/Veer/Library/Developer/Xcode/DerivedData/HearifyV1-ftljoypfezvlxcgouzbpmsmxzads/SourcePackages/checkouts/firebase-ios-sdk/CoreOnly/Sources -Xcc -I/Users/Veer/Library/Developer/Xcode/DerivedData/HearifyV1-ftljoypfezvlxcgouzbpmsmxzads/SourcePackages/checkouts/firebase-ios-sdk/FirebaseAppCheck/Interop/Public -Xcc -I/Users/Veer/Library/Developer/Xcode/DerivedData/HearifyV1-ftljoypfezvlxcgouzbpmsmxzads/SourcePackages/checkouts/firebase-ios-sdk/FirebaseFirestoreInternal -Xcc -I/Users/Veer/Library/Developer/Xcode/DerivedData/HearifyV1-ftljoypfezvlxcgouzbpmsmxzads/SourcePackages/checkouts/firebase-ios-sdk/SwiftPM-PlatformExclude/FirebaseFirestoreWrap/include -Xcc -I/Users/Veer/Library/Developer/Xcode/DerivedData/HearifyV1-ftljoypfezvlxcgouzbpmsmxzads/Build/Products/Debug-iphoneos/include -Xcc -I/Users/Veer/Library/Developer/Xcode/DerivedData/HearifyV1-ftljoypfezvlxcgouzbpmsmxzads/Build/Intermediates.noindex/HearifyV1.build/Debug-iphoneos/HearifyV1.build/DerivedSources-normal/arm64 -Xcc -I/Users/Veer/Library/Developer/Xcode/DerivedData/HearifyV1-ftljoypfezvlxcgouzbpmsmxzads/Build/Intermediates.noindex/HearifyV1.build/Debug-iphoneos/HearifyV1.build/DerivedSources/arm64 -Xcc -I/Users/Veer/Library/Developer/Xcode/DerivedData/HearifyV1-ftljoypfezvlxcgouzbpmsmxzads/Build/Intermediates.noindex/HearifyV1.build/Debug-iphoneos/HearifyV1.build/DerivedSources -Xcc -DDEBUG\=1 -no-auto-bridging-header-chaining -module-name HearifyV1 -frontend-parseable-output -disable-clang-spi -target-sdk-version 26.2 -target-sdk-name iphoneos26.2 -clang-target arm64-apple-ios26.2 -in-process-plugin-server-path /Applications/Xcode.app/Contents/Developer/Toolchains/XcodeDefault.xctoolchain/usr/lib/swift/host/libSwiftInProcPluginServer.dylib -o /Users/Veer/Library/Developer/Xcode/DerivedData/HearifyV1-ftljoypfezvlxcgouzbpmsmxzads/Build/Intermediates.noindex/HearifyV1.build/Debug-iphoneos/HearifyV1.build/Objects-normal/arm64/TargetMouthShape.o -o /Users/Veer/Library/Developer/Xcode/DerivedData/HearifyV1-ftljoypfezvlxcgouzbpmsmxzads/Build/Intermediates.noindex/HearifyV1.build/Debug-iphoneos/HearifyV1.build/Objects-normal/arm64/VisualPronunciationHubView.o -o /Users/Veer/Library/Developer/Xcode/DerivedData/HearifyV1-ftljoypfezvlxcgouzbpmsmxzads/Build/Intermediates.noindex/HearifyV1.build/Debug-iphoneos/HearifyV1.build/Objects-normal/arm64/WaveformView.o -o /Users/Veer/Library/Developer/Xcode/DerivedData/HearifyV1-ftljoypfezvlxcgouzbpmsmxzads/Build/Intermediates.noindex/HearifyV1.build/Debug-iphoneos/HearifyV1.build/Objects-normal/arm64/ContentView.o -o /Users/Veer/Library/Developer/Xcode/DerivedData/HearifyV1-ftljoypfezvlxcgouzbpmsmxzads/Build/Intermediates.noindex/HearifyV1.build/Debug-iphoneos/HearifyV1.build/Objects-normal/arm64/HearifyV1App.o -o /Users/Veer/Library/Developer/Xcode/DerivedData/HearifyV1-ftljoypfezvlxcgouzbpmsmxzads/Build/Intermediates.noindex/HearifyV1.build/Debug-iphoneos/HearifyV1.build/Objects-normal/arm64/GeneratedAssetSymbols.o -index-unit-output-path /HearifyV1.build/Debug-iphoneos/HearifyV1.build/Objects-normal/arm64/TargetMouthShape.o -index-unit-output-path /HearifyV1.build/Debug-iphoneos/HearifyV1.build/Objects-normal/arm64/VisualPronunciationHubView.o -index-unit-output-path /HearifyV1.build/Debug-iphoneos/HearifyV1.build/Objects-normal/arm64/WaveformView.o -index-unit-output-path /HearifyV1.build/Debug-iphoneos/HearifyV1.build/Objects-normal/arm64/ContentView.o -index-unit-output-path /HearifyV1.build/Debug-iphoneos/HearifyV1.build/Objects-normal/arm64/HearifyV1App.o -index-unit-output-path /HearifyV1.build/Debug-iphoneos/HearifyV1.build/Objects-normal/arm64/GeneratedAssetSymbols.o -index-store-path /Users/Veer/Library/Developer/Xcode/DerivedData/HearifyV1-ftljoypfezvlxcgouzbpmsmxzads/Index.noindex/DataStore -index-system-modules
SwiftDriverJobDiscovery normal arm64 Emitting module for HearifyV1 (in target 'HearifyV1' from project 'HearifyV1')

SwiftDriver\ Compilation\ Requirements HearifyV1 normal arm64 com.apple.xcode.tools.swift.compiler (in target 'HearifyV1' from project 'HearifyV1')
    cd /Users/Veer/Library/Mobile\ Documents/com\~apple\~CloudDocs/HearifyV1
    builtin-Swift-Compilation-Requirements -- /Applications/Xcode.app/Contents/Developer/Toolchains/XcodeDefault.xctoolchain/usr/bin/swiftc -module-name HearifyV1 -Onone -enforce-exclusivity\=checked @/Users/Veer/Library/Developer/Xcode/DerivedData/HearifyV1-ftljoypfezvlxcgouzbpmsmxzads/Build/Intermediates.noindex/HearifyV1.build/Debug-iphoneos/HearifyV1.build/Objects-normal/arm64/HearifyV1.SwiftFileList -DDEBUG -Xcc -fmodule-map-file\=/Users/Veer/Library/Developer/Xcode/DerivedData/HearifyV1-ftljoypfezvlxcgouzbpmsmxzads/Build/Intermediates.noindex/GeneratedModuleMaps-iphoneos/RecaptchaInterop.modulemap -Xcc -fmodule-map-file\=/Users/Veer/Library/Developer/Xcode/DerivedData/HearifyV1-ftljoypfezvlxcgouzbpmsmxzads/Build/Intermediates.noindex/GeneratedModuleMaps-iphoneos/GoogleUtilities-Network.modulemap -Xcc -fmodule-map-file\=/Users/Veer/Library/Developer/Xcode/DerivedData/HearifyV1-ftljoypfezvlxcgouzbpmsmxzads/Build/Intermediates.noindex/GeneratedModuleMaps-iphoneos/GoogleUtilities-Reachability.modulemap -Xcc -fmodule-map-file\=/Users/Veer/Library/Developer/Xcode/DerivedData/HearifyV1-ftljoypfezvlxcgouzbpmsmxzads/Build/Intermediates.noindex/GeneratedModuleMaps-iphoneos/GoogleUtilities-AppDelegateSwizzler.modulemap -Xcc -fmodule-map-file\=/Users/Veer/Library/Developer/Xcode/DerivedData/HearifyV1-ftljoypfezvlxcgouzbpmsmxzads/Build/Intermediates.noindex/GeneratedModuleMaps-iphoneos/GTMSessionFetcherCore.modulemap -Xcc -fmodule-map-file\=/Users/Veer/Library/Developer/Xcode/DerivedData/HearifyV1-ftljoypfezvlxcgouzbpmsmxzads/Build/Intermediates.noindex/GeneratedModuleMaps-iphoneos/FirebaseAuthInternal.modulemap -Xcc -fmodule-map-file\=/Users/Veer/Library/Developer/Xcode/DerivedData/HearifyV1-ftljoypfezvlxcgouzbpmsmxzads/Build/Intermediates.noindex/GeneratedModuleMaps-iphoneos/FirebaseAuthInterop.modulemap -Xcc -fmodule-map-file\=/Users/Veer/Library/Developer/Xcode/DerivedData/HearifyV1-ftljoypfezvlxcgouzbpmsmxzads/Build/Intermediates.noindex/GeneratedModuleMaps-iphoneos/GoogleUtilities-NSData.modulemap -Xcc -fmodule-map-file\=/Users/Veer/Library/Developer/Xcode/DerivedData/HearifyV1-ftljoypfezvlxcgouzbpmsmxzads/Build/Intermediates.noindex/GeneratedModuleMaps-iphoneos/GoogleUtilities-Environment.modulemap -Xcc -fmodule-map-file\=/Users/Veer/Library/Developer/Xcode/DerivedData/HearifyV1-ftljoypfezvlxcgouzbpmsmxzads/Build/Intermediates.noindex/GeneratedModuleMaps-iphoneos/third-party-IsAppEncrypted.modulemap -Xcc -fmodule-map-file\=/Users/Veer/Library/Developer/Xcode/DerivedData/HearifyV1-ftljoypfezvlxcgouzbpmsmxzads/Build/Intermediates.noindex/GeneratedModuleMaps-iphoneos/GoogleUtilities-Logger.modulemap -Xcc -fmodule-map-file\=/Users/Veer/Library/Developer/Xcode/DerivedData/HearifyV1-ftljoypfezvlxcgouzbpmsmxzads/Build/Intermediates.noindex/GeneratedModuleMaps-iphoneos/abslWrapper.modulemap -Xcc -fmodule-map-file\=/Users/Veer/Library/Developer/Xcode/DerivedData/HearifyV1-ftljoypfezvlxcgouzbpmsmxzads/Build/Intermediates.noindex/GeneratedModuleMaps-iphoneos/opensslWrapper.modulemap -Xcc -fmodule-map-file\=/Users/Veer/Library/Developer/Xcode/DerivedData/HearifyV1-ftljoypfezvlxcgouzbpmsmxzads/Build/Intermediates.noindex/GeneratedModuleMaps-iphoneos/grpcWrapper.modulemap -Xcc -fmodule-map-file\=/Users/Veer/Library/Developer/Xcode/DerivedData/HearifyV1-ftljoypfezvlxcgouzbpmsmxzads/Build/Intermediates.noindex/GeneratedModuleMaps-iphoneos/grpcppWrapper.modulemap -Xcc -fmodule-map-file\=/Users/Veer/Library/Developer/Xcode/DerivedData/HearifyV1-ftljoypfezvlxcgouzbpmsmxzads/Build/Intermediates.noindex/GeneratedModuleMaps-iphoneos/nanopb.modulemap -Xcc -fmodule-map-file\=/Users/Veer/Library/Developer/Xcode/DerivedData/HearifyV1-ftljoypfezvlxcgouzbpmsmxzads/Build/Intermediates.noindex/GeneratedModuleMaps-iphoneos/leveldb.modulemap -Xcc -fmodule-map-file\=/Users/Veer/Library/Developer/Xcode/DerivedData/HearifyV1-ftljoypfezvlxcgouzbpmsmxzads/Build/Intermediates.noindex/GeneratedModuleMaps-iphoneos/FirebaseCoreExtension.modulemap -Xcc -fmodule-map-file\=/Users/Veer/Library/Developer/Xcode/DerivedData/HearifyV1-ftljoypfezvlxcgouzbpmsmxzads/Build/Intermediates.noindex/GeneratedModuleMaps-iphoneos/FirebaseCore.modulemap -Xcc -fmodule-map-file\=/Users/Veer/Library/Developer/Xcode/DerivedData/HearifyV1-ftljoypfezvlxcgouzbpmsmxzads/Build/Intermediates.noindex/GeneratedModuleMaps-iphoneos/FirebaseAppCheckInterop.modulemap -Xcc -fmodule-map-file\=/Users/Veer/Library/Developer/Xcode/DerivedData/HearifyV1-ftljoypfezvlxcgouzbpmsmxzads/Build/Intermediates.noindex/GeneratedModuleMaps-iphoneos/FirebaseFirestoreInternalWrapper.modulemap -Xcc -fmodule-map-file\=/Users/Veer/Library/Developer/Xcode/DerivedData/HearifyV1-ftljoypfezvlxcgouzbpmsmxzads/Build/Intermediates.noindex/GeneratedModuleMaps-iphoneos/FirebaseFirestoreTarget.modulemap -enable-bare-slash-regex -enable-experimental-feature DebugDescriptionMacro -sdk /Applications/Xcode.app/Contents/Developer/Platforms/iPhoneOS.platform/Developer/SDKs/iPhoneOS26.2.sdk -target arm64-apple-ios16.6 -g -module-cache-path /Users/Veer/Library/Developer/Xcode/DerivedData/ModuleCache.noindex -Xfrontend -serialize-debugging-options -profile-coverage-mapping -profile-generate -enable-testing -index-store-path /Users/Veer/Library/Developer/Xcode/DerivedData/HearifyV1-ftljoypfezvlxcgouzbpmsmxzads/Index.noindex/DataStore -Xcc -D_LIBCPP_HARDENING_MODE\=_LIBCPP_HARDENING_MODE_DEBUG -swift-version 5 -I /Users/Veer/Library/Developer/Xcode/DerivedData/HearifyV1-ftljoypfezvlxcgouzbpmsmxzads/Build/Products/Debug-iphoneos -F /Users/Veer/Library/Developer/Xcode/DerivedData/HearifyV1-ftljoypfezvlxcgouzbpmsmxzads/Build/Products/Debug-iphoneos/PackageFrameworks -F /Users/Veer/Library/Developer/Xcode/DerivedData/HearifyV1-ftljoypfezvlxcgouzbpmsmxzads/Build/Products/Debug-iphoneos/PackageFrameworks -F /Users/Veer/Library/Developer/Xcode/DerivedData/HearifyV1-ftljoypfezvlxcgouzbpmsmxzads/Build/Products/Debug-iphoneos/PackageFrameworks -F /Users/Veer/Library/Developer/Xcode/DerivedData/HearifyV1-ftljoypfezvlxcgouzbpmsmxzads/Build/Products/Debug-iphoneos/PackageFrameworks -F /Users/Veer/Library/Developer/Xcode/DerivedData/HearifyV1-ftljoypfezvlxcgouzbpmsmxzads/Build/Products/Debug-iphoneos/PackageFrameworks -F /Users/Veer/Library/Developer/Xcode/DerivedData/HearifyV1-ftljoypfezvlxcgouzbpmsmxzads/Build/Products/Debug-iphoneos/PackageFrameworks -F /Users/Veer/Library/Developer/Xcode/DerivedData/HearifyV1-ftljoypfezvlxcgouzbpmsmxzads/Build/Products/Debug-iphoneos/PackageFrameworks -F /Users/Veer/Library/Developer/Xcode/DerivedData/HearifyV1-ftljoypfezvlxcgouzbpmsmxzads/Build/Products/Debug-iphoneos/PackageFrameworks -F /Users/Veer/Library/Developer/Xcode/DerivedData/HearifyV1-ftljoypfezvlxcgouzbpmsmxzads/Build/Products/Debug-iphoneos/PackageFrameworks -F /Users/Veer/Library/Developer/Xcode/DerivedData/HearifyV1-ftljoypfezvlxcgouzbpmsmxzads/Build/Products/Debug-iphoneos/PackageFrameworks -F /Users/Veer/Library/Developer/Xcode/DerivedData/HearifyV1-ftljoypfezvlxcgouzbpmsmxzads/Build/Products/Debug-iphoneos/PackageFrameworks -F /Users/Veer/Library/Developer/Xcode/DerivedData/HearifyV1-ftljoypfezvlxcgouzbpmsmxzads/Build/Products/Debug-iphoneos/PackageFrameworks -F /Users/Veer/Library/Developer/Xcode/DerivedData/HearifyV1-ftljoypfezvlxcgouzbpmsmxzads/Build/Products/Debug-iphoneos/PackageFrameworks -F /Users/Veer/Library/Developer/Xcode/DerivedData/HearifyV1-ftljoypfezvlxcgouzbpmsmxzads/Build/Products/Debug-iphoneos/PackageFrameworks -F /Users/Veer/Library/Developer/Xcode/DerivedData/HearifyV1-ftljoypfezvlxcgouzbpmsmxzads/Build/Products/Debug-iphoneos/PackageFrameworks -F /Users/Veer/Library/Developer/Xcode/DerivedData/HearifyV1-ftljoypfezvlxcgouzbpmsmxzads/Build/Products/Debug-iphoneos/PackageFrameworks -F /Users/Veer/Library/Developer/Xcode/DerivedData/HearifyV1-ftljoypfezvlxcgouzbpmsmxzads/Build/Products/Debug-iphoneos/PackageFrameworks -F /Users/Veer/Library/Developer/Xcode/DerivedData/HearifyV1-ftljoypfezvlxcgouzbpmsmxzads/Build/Products/Debug-iphoneos/PackageFrameworks -F /Users/Veer/Library/Developer/Xcode/DerivedData/HearifyV1-ftljoypfezvlxcgouzbpmsmxzads/Build/Products/Debug-iphoneos/PackageFrameworks -F /Users/Veer/Library/Developer/Xcode/DerivedData/HearifyV1-ftljoypfezvlxcgouzbpmsmxzads/Build/Products/Debug-iphoneos/PackageFrameworks -F /Users/Veer/Library/Developer/Xcode/DerivedData/HearifyV1-ftljoypfezvlxcgouzbpmsmxzads/Build/Products/Debug-iphoneos/PackageFrameworks -F /Users/Veer/Library/Developer/Xcode/DerivedData/HearifyV1-ftljoypfezvlxcgouzbpmsmxzads/Build/Products/Debug-iphoneos/PackageFrameworks -F /Users/Veer/Library/Developer/Xcode/DerivedData/HearifyV1-ftljoypfezvlxcgouzbpmsmxzads/Build/Products/Debug-iphoneos/PackageFrameworks -F /Users/Veer/Library/Developer/Xcode/DerivedData/HearifyV1-ftljoypfezvlxcgouzbpmsmxzads/Build/Products/Debug-iphoneos/PackageFrameworks -F /Users/Veer/Library/Developer/Xcode/DerivedData/HearifyV1-ftljoypfezvlxcgouzbpmsmxzads/Build/Products/Debug-iphoneos/PackageFrameworks -F /Users/Veer/Library/Developer/Xcode/DerivedData/HearifyV1-ftljoypfezvlxcgouzbpmsmxzads/Build/Products/Debug-iphoneos/PackageFrameworks -F /Users/Veer/Library/Developer/Xcode/DerivedData/HearifyV1-ftljoypfezvlxcgouzbpmsmxzads/Build/Products/Debug-iphoneos/PackageFrameworks -F /Users/Veer/Library/Developer/Xcode/DerivedData/HearifyV1-ftljoypfezvlxcgouzbpmsmxzads/Build/Products/Debug-iphoneos/PackageFrameworks -F /Users/Veer/Library/Developer/Xcode/DerivedData/HearifyV1-ftljoypfezvlxcgouzbpmsmxzads/Build/Products/Debug-iphoneos -emit-localized-strings -emit-localized-strings-path /Users/Veer/Library/Developer/Xcode/DerivedData/HearifyV1-ftljoypfezvlxcgouzbpmsmxzads/Build/Intermediates.noindex/HearifyV1.build/Debug-iphoneos/HearifyV1.build/Objects-normal/arm64 -c -j10 -enable-batch-mode -incremental -Xcc -ivfsstatcache -Xcc /Users/Veer/Library/Developer/Xcode/DerivedData/SDKStatCaches.noindex/iphoneos26.2-23C53-3794476bd08197c3e2abd9bb477ef7f7.sdkstatcache -output-file-map /Users/Veer/Library/Developer/Xcode/DerivedData/HearifyV1-ftljoypfezvlxcgouzbpmsmxzads/Build/Intermediates.noindex/HearifyV1.build/Debug-iphoneos/HearifyV1.build/Objects-normal/arm64/HearifyV1-OutputFileMap.json -use-frontend-parseable-output -save-temps -no-color-diagnostics -explicit-module-build -module-cache-path /Users/Veer/Library/Developer/Xcode/DerivedData/HearifyV1-ftljoypfezvlxcgouzbpmsmxzads/Build/Intermediates.noindex/SwiftExplicitPrecompiledModules -clang-scanner-module-cache-path /Users/Veer/Library/Developer/Xcode/DerivedData/ModuleCache.noindex -sdk-module-cache-path /Users/Veer/Library/Developer/Xcode/DerivedData/ModuleCache.noindex -serialize-diagnostics -emit-dependencies -emit-module -emit-module-path /Users/Veer/Library/Developer/Xcode/DerivedData/HearifyV1-ftljoypfezvlxcgouzbpmsmxzads/Build/Intermediates.noindex/HearifyV1.build/Debug-iphoneos/HearifyV1.build/Objects-normal/arm64/HearifyV1.swiftmodule -validate-clang-modules-once -clang-build-session-file /Users/Veer/Library/Developer/Xcode/DerivedData/ModuleCache.noindex/Session.modulevalidation -Xcc -I/Users/Veer/Library/Developer/Xcode/DerivedData/HearifyV1-ftljoypfezvlxcgouzbpmsmxzads/Build/Intermediates.noindex/HearifyV1.build/Debug-iphoneos/HearifyV1.build/swift-overrides.hmap -emit-const-values -Xfrontend -const-gather-protocols-file -Xfrontend /Users/Veer/Library/Developer/Xcode/DerivedData/HearifyV1-ftljoypfezvlxcgouzbpmsmxzads/Build/Intermediates.noindex/HearifyV1.build/Debug-iphoneos/HearifyV1.build/Objects-normal/arm64/HearifyV1_const_extract_protocols.json -Xcc -iquote -Xcc /Users/Veer/Library/Developer/Xcode/DerivedData/HearifyV1-ftljoypfezvlxcgouzbpmsmxzads/Build/Intermediates.noindex/HearifyV1.build/Debug-iphoneos/HearifyV1.build/HearifyV1-generated-files.hmap -Xcc -I/Users/Veer/Library/Developer/Xcode/DerivedData/HearifyV1-ftljoypfezvlxcgouzbpmsmxzads/Build/Intermediates.noindex/HearifyV1.build/Debug-iphoneos/HearifyV1.build/HearifyV1-own-target-headers.hmap -Xcc -I/Users/Veer/Library/Developer/Xcode/DerivedData/HearifyV1-ftljoypfezvlxcgouzbpmsmxzads/Build/Intermediates.noindex/HearifyV1.build/Debug-iphoneos/HearifyV1.build/HearifyV1-all-non-framework-target-headers.hmap -Xcc -ivfsoverlay -Xcc /Users/Veer/Library/Developer/Xcode/DerivedData/HearifyV1-ftljoypfezvlxcgouzbpmsmxzads/Build/Intermediates.noindex/HearifyV1.build/Debug-iphoneos/HearifyV1-521b383a001212c1ccf60a43897f0080-VFS-iphoneos/all-product-headers.yaml -Xcc -iquote -Xcc /Users/Veer/Library/Developer/Xcode/DerivedData/HearifyV1-ftljoypfezvlxcgouzbpmsmxzads/Build/Intermediates.noindex/HearifyV1.build/Debug-iphoneos/HearifyV1.build/HearifyV1-project-headers.hmap -Xcc -I/Users/Veer/Library/Developer/Xcode/DerivedData/HearifyV1-ftljoypfezvlxcgouzbpmsmxzads/SourcePackages/checkouts/interop-ios-for-google-sdks/RecaptchaEnterprise/RecaptchaInterop/Public -Xcc -I/Users/Veer/Library/Developer/Xcode/DerivedData/HearifyV1-ftljoypfezvlxcgouzbpmsmxzads/SourcePackages/checkouts/GoogleUtilities/GoogleUtilities/Network/Public -Xcc -I/Users/Veer/Library/Developer/Xcode/DerivedData/HearifyV1-ftljoypfezvlxcgouzbpmsmxzads/SourcePackages/checkouts/GoogleUtilities/GoogleUtilities/Reachability/Public -Xcc -I/Users/Veer/Library/Developer/Xcode/DerivedData/HearifyV1-ftljoypfezvlxcgouzbpmsmxzads/SourcePackages/checkouts/GoogleUtilities/GoogleUtilities/AppDelegateSwizzler/Public -Xcc -I/Users/Veer/Library/Developer/Xcode/DerivedData/HearifyV1-ftljoypfezvlxcgouzbpmsmxzads/SourcePackages/checkouts/gtm-session-fetcher/Sources/Core/Public -Xcc -I/Users/Veer/Library/Developer/Xcode/DerivedData/HearifyV1-ftljoypfezvlxcgouzbpmsmxzads/SourcePackages/checkouts/firebase-ios-sdk/FirebaseAuth/Sources/Public -Xcc -I/Users/Veer/Library/Developer/Xcode/DerivedData/HearifyV1-ftljoypfezvlxcgouzbpmsmxzads/SourcePackages/checkouts/firebase-ios-sdk/FirebaseAuth/Interop/Public -Xcc -I/Users/Veer/Library/Developer/Xcode/DerivedData/HearifyV1-ftljoypfezvlxcgouzbpmsmxzads/SourcePackages/checkouts/GoogleUtilities/GoogleUtilities/NSData+zlib/Public -Xcc -I/Users/Veer/Library/Developer/Xcode/DerivedData/HearifyV1-ftljoypfezvlxcgouzbpmsmxzads/SourcePackages/checkouts/GoogleUtilities/GoogleUtilities/Environment/Public -Xcc -I/Users/Veer/Library/Developer/Xcode/DerivedData/HearifyV1-ftljoypfezvlxcgouzbpmsmxzads/SourcePackages/checkouts/GoogleUtilities/third_party/IsAppEncrypted/Public -Xcc -I/Users/Veer/Library/Developer/Xcode/DerivedData/HearifyV1-ftljoypfezvlxcgouzbpmsmxzads/SourcePackages/checkouts/GoogleUtilities/GoogleUtilities/Logger/Public -Xcc -I/Users/Veer/Library/Developer/Xcode/DerivedData/HearifyV1-ftljoypfezvlxcgouzbpmsmxzads/SourcePackages/checkouts/abseil-cpp-binary/absl-Wrapper/include -Xcc -I/Users/Veer/Library/Developer/Xcode/DerivedData/HearifyV1-ftljoypfezvlxcgouzbpmsmxzads/SourcePackages/checkouts/grpc-binary/openssl-grpc-Wrapper/include -Xcc -I/Users/Veer/Library/Developer/Xcode/DerivedData/HearifyV1-ftljoypfezvlxcgouzbpmsmxzads/SourcePackages/checkouts/grpc-binary/grpc-Wrapper/include -Xcc -I/Users/Veer/Library/Developer/Xcode/DerivedData/HearifyV1-ftljoypfezvlxcgouzbpmsmxzads/SourcePackages/checkouts/grpc-binary/grpcpp-Wrapper/include -Xcc -I/Users/Veer/Library/Developer/Xcode/DerivedData/HearifyV1-ftljoypfezvlxcgouzbpmsmxzads/SourcePackages/checkouts/nanopb/spm_headers -Xcc -I/Users/Veer/Library/Developer/Xcode/DerivedData/HearifyV1-ftljoypfezvlxcgouzbpmsmxzads/SourcePackages/checkouts/leveldb/include -Xcc -I/Users/Veer/Library/Developer/Xcode/DerivedData/HearifyV1-ftljoypfezvlxcgouzbpmsmxzads/SourcePackages/checkouts/firebase-ios-sdk/FirebaseCore/Extension -Xcc -I/Users/Veer/Library/Developer/Xcode/DerivedData/HearifyV1-ftljoypfezvlxcgouzbpmsmxzads/SourcePackages/checkouts/firebase-ios-sdk/FirebaseCore/Sources/Public -Xcc -I/Users/Veer/Library/Developer/Xcode/DerivedData/HearifyV1-ftljoypfezvlxcgouzbpmsmxzads/SourcePackages/checkouts/firebase-ios-sdk/CoreOnly/Sources -Xcc -I/Users/Veer/Library/Developer/Xcode/DerivedData/HearifyV1-ftljoypfezvlxcgouzbpmsmxzads/SourcePackages/checkouts/firebase-ios-sdk/FirebaseAppCheck/Interop/Public -Xcc -I/Users/Veer/Library/Developer/Xcode/DerivedData/HearifyV1-ftljoypfezvlxcgouzbpmsmxzads/SourcePackages/checkouts/firebase-ios-sdk/FirebaseFirestoreInternal -Xcc -I/Users/Veer/Library/Developer/Xcode/DerivedData/HearifyV1-ftljoypfezvlxcgouzbpmsmxzads/SourcePackages/checkouts/firebase-ios-sdk/SwiftPM-PlatformExclude/FirebaseFirestoreWrap/include -Xcc -I/Users/Veer/Library/Developer/Xcode/DerivedData/HearifyV1-ftljoypfezvlxcgouzbpmsmxzads/Build/Products/Debug-iphoneos/include -Xcc -I/Users/Veer/Library/Developer/Xcode/DerivedData/HearifyV1-ftljoypfezvlxcgouzbpmsmxzads/Build/Intermediates.noindex/HearifyV1.build/Debug-iphoneos/HearifyV1.build/DerivedSources-normal/arm64 -Xcc -I/Users/Veer/Library/Developer/Xcode/DerivedData/HearifyV1-ftljoypfezvlxcgouzbpmsmxzads/Build/Intermediates.noindex/HearifyV1.build/Debug-iphoneos/HearifyV1.build/DerivedSources/arm64 -Xcc -I/Users/Veer/Library/Developer/Xcode/DerivedData/HearifyV1-ftljoypfezvlxcgouzbpmsmxzads/Build/Intermediates.noindex/HearifyV1.build/Debug-iphoneos/HearifyV1.build/DerivedSources -Xcc -DDEBUG\=1 -emit-objc-header -emit-objc-header-path /Users/Veer/Library/Developer/Xcode/DerivedData/HearifyV1-ftljoypfezvlxcgouzbpmsmxzads/Build/Intermediates.noindex/HearifyV1.build/Debug-iphoneos/HearifyV1.build/Objects-normal/arm64/HearifyV1-Swift.h -working-directory /Users/Veer/Library/Mobile\ Documents/com\~apple\~CloudDocs/HearifyV1 -experimental-emit-module-separately -disable-cmo

SwiftDriverJobDiscovery normal arm64 Compiling ConversationScenario.swift, ModuleProgram.swift, PhonemeDatabase.swift, PhonemeVisual.swift, ProgressModels.swift, Screen.swift (in target 'HearifyV1' from project 'HearifyV1')

SwiftMergeGeneratedHeaders /Users/Veer/Library/Developer/Xcode/DerivedData/HearifyV1-ftljoypfezvlxcgouzbpmsmxzads/Build/Intermediates.noindex/HearifyV1.build/Debug-iphoneos/HearifyV1.build/DerivedSources/HearifyV1-Swift.h /Users/Veer/Library/Developer/Xcode/DerivedData/HearifyV1-ftljoypfezvlxcgouzbpmsmxzads/Build/Intermediates.noindex/HearifyV1.build/Debug-iphoneos/HearifyV1.build/Objects-normal/arm64/HearifyV1-Swift.h (in target 'HearifyV1' from project 'HearifyV1')
    cd /Users/Veer/Library/Mobile\ Documents/com\~apple\~CloudDocs/HearifyV1
    builtin-swiftHeaderTool -arch arm64 /Users/Veer/Library/Developer/Xcode/DerivedData/HearifyV1-ftljoypfezvlxcgouzbpmsmxzads/Build/Intermediates.noindex/HearifyV1.build/Debug-iphoneos/HearifyV1.build/Objects-normal/arm64/HearifyV1-Swift.h -o /Users/Veer/Library/Developer/Xcode/DerivedData/HearifyV1-ftljoypfezvlxcgouzbpmsmxzads/Build/Intermediates.noindex/HearifyV1.build/Debug-iphoneos/HearifyV1.build/DerivedSources/HearifyV1-Swift.h

Copy /Users/Veer/Library/Developer/Xcode/DerivedData/HearifyV1-ftljoypfezvlxcgouzbpmsmxzads/Build/Products/Debug-iphoneos/HearifyV1.swiftmodule/arm64-apple-ios.swiftmodule /Users/Veer/Library/Developer/Xcode/DerivedData/HearifyV1-ftljoypfezvlxcgouzbpmsmxzads/Build/Intermediates.noindex/HearifyV1.build/Debug-iphoneos/HearifyV1.build/Objects-normal/arm64/HearifyV1.swiftmodule (in target 'HearifyV1' from project 'HearifyV1')
    cd /Users/Veer/Library/Mobile\ Documents/com\~apple\~CloudDocs/HearifyV1
    builtin-copy -exclude .DS_Store -exclude CVS -exclude .svn -exclude .git -exclude .hg -resolve-src-symlinks -rename /Users/Veer/Library/Developer/Xcode/DerivedData/HearifyV1-ftljoypfezvlxcgouzbpmsmxzads/Build/Intermediates.noindex/HearifyV1.build/Debug-iphoneos/HearifyV1.build/Objects-normal/arm64/HearifyV1.swiftmodule /Users/Veer/Library/Developer/Xcode/DerivedData/HearifyV1-ftljoypfezvlxcgouzbpmsmxzads/Build/Products/Debug-iphoneos/HearifyV1.swiftmodule/arm64-apple-ios.swiftmodule

Copy /Users/Veer/Library/Developer/Xcode/DerivedData/HearifyV1-ftljoypfezvlxcgouzbpmsmxzads/Build/Products/Debug-iphoneos/HearifyV1.swiftmodule/arm64-apple-ios.swiftdoc /Users/Veer/Library/Developer/Xcode/DerivedData/HearifyV1-ftljoypfezvlxcgouzbpmsmxzads/Build/Intermediates.noindex/HearifyV1.build/Debug-iphoneos/HearifyV1.build/Objects-normal/arm64/HearifyV1.swiftdoc (in target 'HearifyV1' from project 'HearifyV1')
    cd /Users/Veer/Library/Mobile\ Documents/com\~apple\~CloudDocs/HearifyV1
    builtin-copy -exclude .DS_Store -exclude CVS -exclude .svn -exclude .git -exclude .hg -resolve-src-symlinks -rename /Users/Veer/Library/Developer/Xcode/DerivedData/HearifyV1-ftljoypfezvlxcgouzbpmsmxzads/Build/Intermediates.noindex/HearifyV1.build/Debug-iphoneos/HearifyV1.build/Objects-normal/arm64/HearifyV1.swiftdoc /Users/Veer/Library/Developer/Xcode/DerivedData/HearifyV1-ftljoypfezvlxcgouzbpmsmxzads/Build/Products/Debug-iphoneos/HearifyV1.swiftmodule/arm64-apple-ios.swiftdoc

Copy /Users/Veer/Library/Developer/Xcode/DerivedData/HearifyV1-ftljoypfezvlxcgouzbpmsmxzads/Build/Products/Debug-iphoneos/HearifyV1.swiftmodule/arm64-apple-ios.abi.json /Users/Veer/Library/Developer/Xcode/DerivedData/HearifyV1-ftljoypfezvlxcgouzbpmsmxzads/Build/Intermediates.noindex/HearifyV1.build/Debug-iphoneos/HearifyV1.build/Objects-normal/arm64/HearifyV1.abi.json (in target 'HearifyV1' from project 'HearifyV1')
    cd /Users/Veer/Library/Mobile\ Documents/com\~apple\~CloudDocs/HearifyV1
    builtin-copy -exclude .DS_Store -exclude CVS -exclude .svn -exclude .git -exclude .hg -resolve-src-symlinks -rename /Users/Veer/Library/Developer/Xcode/DerivedData/HearifyV1-ftljoypfezvlxcgouzbpmsmxzads/Build/Intermediates.noindex/HearifyV1.build/Debug-iphoneos/HearifyV1.build/Objects-normal/arm64/HearifyV1.abi.json /Users/Veer/Library/Developer/Xcode/DerivedData/HearifyV1-ftljoypfezvlxcgouzbpmsmxzads/Build/Products/Debug-iphoneos/HearifyV1.swiftmodule/arm64-apple-ios.abi.json

Copy /Users/Veer/Library/Developer/Xcode/DerivedData/HearifyV1-ftljoypfezvlxcgouzbpmsmxzads/Build/Products/Debug-iphoneos/HearifyV1.swiftmodule/Project/arm64-apple-ios.swiftsourceinfo /Users/Veer/Library/Developer/Xcode/DerivedData/HearifyV1-ftljoypfezvlxcgouzbpmsmxzads/Build/Intermediates.noindex/HearifyV1.build/Debug-iphoneos/HearifyV1.build/Objects-normal/arm64/HearifyV1.swiftsourceinfo (in target 'HearifyV1' from project 'HearifyV1')
    cd /Users/Veer/Library/Mobile\ Documents/com\~apple\~CloudDocs/HearifyV1
    builtin-copy -exclude .DS_Store -exclude CVS -exclude .svn -exclude .git -exclude .hg -resolve-src-symlinks -rename /Users/Veer/Library/Developer/Xcode/DerivedData/HearifyV1-ftljoypfezvlxcgouzbpmsmxzads/Build/Intermediates.noindex/HearifyV1.build/Debug-iphoneos/HearifyV1.build/Objects-normal/arm64/HearifyV1.swiftsourceinfo /Users/Veer/Library/Developer/Xcode/DerivedData/HearifyV1-ftljoypfezvlxcgouzbpmsmxzads/Build/Products/Debug-iphoneos/HearifyV1.swiftmodule/Project/arm64-apple-ios.swiftsourceinfo

SwiftDriverJobDiscovery normal arm64 Compiling TestModels.swift, VoiceSettings.swift, VoiceSettings_BACKUP.swift, ResponsiveButton.swift, ResponsiveHeadings.swift, AboutScreenView.swift (in target 'HearifyV1' from project 'HearifyV1')

SwiftCompile normal arm64 Compiling\ CSVLoader.swift /Users/Veer/Library/Mobile\ Documents/com~apple~CloudDocs/HearifyV1/HearifyV1/Utils/CSVLoader.swift (in target 'HearifyV1' from project 'HearifyV1')

SwiftCompile normal arm64 /Users/Veer/Library/Mobile\ Documents/com~apple~CloudDocs/HearifyV1/HearifyV1/Utils/CSVLoader.swift (in target 'HearifyV1' from project 'HearifyV1')
    cd /Users/Veer/Library/Mobile\ Documents/com\~apple\~CloudDocs/HearifyV1
    

SwiftDriverJobDiscovery normal arm64 Compiling FirebaseManager.swift, GamificationManager.swift, MouthComparisonEngine.swift, ProgressManager.swift, ProgressTrackingManager.swift, SpeechRecognitionManager.swift (in target 'HearifyV1' from project 'HearifyV1')

SwiftDriverJobDiscovery normal arm64 Compiling SpeechRecognitionManagerAdvanced.swift, AdvancedListeningExercise.swift, Analytics.swift, ArticulationModels.swift, ChallengeModels.swift, CommonModels.swift (in target 'HearifyV1' from project 'HearifyV1')

SwiftCompile normal arm64 Compiling\ ModernHeader.swift /Users/Veer/Library/Mobile\ Documents/com~apple~CloudDocs/HearifyV1/HearifyV1/Views/Components/ModernHeader.swift (in target 'HearifyV1' from project 'HearifyV1')

SwiftCompile normal arm64 /Users/Veer/Library/Mobile\ Documents/com~apple~CloudDocs/HearifyV1/HearifyV1/Views/Components/ModernHeader.swift (in target 'HearifyV1' from project 'HearifyV1')
    cd /Users/Veer/Library/Mobile\ Documents/com\~apple\~CloudDocs/HearifyV1
    

SwiftCompile normal arm64 Compiling\ NumberToWordConverter.swift /Users/Veer/Library/Mobile\ Documents/com~apple~CloudDocs/HearifyV1/HearifyV1/Utils/NumberToWordConverter.swift (in target 'HearifyV1' from project 'HearifyV1')

SwiftCompile normal arm64 /Users/Veer/Library/Mobile\ Documents/com~apple~CloudDocs/HearifyV1/HearifyV1/Utils/NumberToWordConverter.swift (in target 'HearifyV1' from project 'HearifyV1')
    cd /Users/Veer/Library/Mobile\ Documents/com\~apple\~CloudDocs/HearifyV1
    

SwiftDriverJobDiscovery normal arm64 Compiling CSVLoader.swift (in target 'HearifyV1' from project 'HearifyV1')

SwiftDriverJobDiscovery normal arm64 Compiling NumberToWordConverter.swift (in target 'HearifyV1' from project 'HearifyV1')

SwiftDriverJobDiscovery normal arm64 Compiling ModernHeader.swift (in target 'HearifyV1' from project 'HearifyV1')

SwiftDriverJobDiscovery normal arm64 Compiling AIAnalysisService.swift, AppTutorialView.swift, AudioManager.swift, AudioManager_BACKUP_PreRecorded.swift, CameraManager.swift, CloudKitManager.swift, FaceDetectionManager.swift (in target 'HearifyV1' from project 'HearifyV1')

SwiftDriverJobDiscovery normal arm64 Compiling LegalAgreementView.swift, ModuleProgramView.swift, MouthDiagramView.swift, MouthLandmarksOverlay.swift, PatientLoginView.swift, PhonemeVisualizationView.swift (in target 'HearifyV1' from project 'HearifyV1')

SwiftDriverJobDiscovery normal arm64 Compiling ClinicianLinkingView.swift, CloudKitDebugView.swift, CloudKitTestView.swift, ConversationPracticeView.swift, ConversationScenarioView.swift, EnhancedProgressDashboardView.swift (in target 'HearifyV1' from project 'HearifyV1')

SwiftDriverJobDiscovery normal arm64 Compiling AdvancedListeningView.swift, AVSpeechTestView.swift, CameraPracticeView.swift, CameraPreviewView.swift, CameraVisionHubView.swift, ClinicianDashboardView.swift (in target 'HearifyV1' from project 'HearifyV1')

SwiftDriverJobDiscovery normal arm64 Compiling ProgressDashboardView.swift, RecordingHistoryView.swift, SpeakingPracticeHubView.swift, SpeakingPracticeView.swift, SuccessAnimationView.swift, TargetedPracticeView.swift (in target 'HearifyV1' from project 'HearifyV1')

SwiftCompile normal arm64 Compiling\ ModernCard.swift /Users/Veer/Library/Mobile\ Documents/com~apple~CloudDocs/HearifyV1/HearifyV1/Views/Components/ModernCard.swift (in target 'HearifyV1' from project 'HearifyV1')

SwiftCompile normal arm64 /Users/Veer/Library/Mobile\ Documents/com~apple~CloudDocs/HearifyV1/HearifyV1/Views/Components/ModernCard.swift (in target 'HearifyV1' from project 'HearifyV1')
    cd /Users/Veer/Library/Mobile\ Documents/com\~apple\~CloudDocs/HearifyV1
    

SwiftCompile normal arm64 Compiling\ AppTheme.swift /Users/Veer/Library/Mobile\ Documents/com~apple~CloudDocs/HearifyV1/HearifyV1/Theme/AppTheme.swift (in target 'HearifyV1' from project 'HearifyV1')

SwiftCompile normal arm64 /Users/Veer/Library/Mobile\ Documents/com~apple~CloudDocs/HearifyV1/HearifyV1/Theme/AppTheme.swift (in target 'HearifyV1' from project 'HearifyV1')
    cd /Users/Veer/Library/Mobile\ Documents/com\~apple\~CloudDocs/HearifyV1
    

SwiftDriverJobDiscovery normal arm64 Compiling ModernCard.swift (in target 'HearifyV1' from project 'HearifyV1')

SwiftDriverJobDiscovery normal arm64 Compiling AppTheme.swift (in target 'HearifyV1' from project 'HearifyV1')

** BUILD FAILED **


The following build commands failed:
	SwiftCompile normal arm64 /Users/Veer/Library/Mobile\ Documents/com~apple~CloudDocs/HearifyV1/HearifyV1/ContentView.swift (in target 'HearifyV1' from project 'HearifyV1')
	SwiftCompile normal arm64 Compiling\ TargetMouthShape.swift,\ VisualPronunciationHubView.swift,\ WaveformView.swift,\ ContentView.swift,\ HearifyV1App.swift,\ GeneratedAssetSymbols.swift /Users/Veer/Library/Mobile\ Documents/com~apple~CloudDocs/HearifyV1/HearifyV1/Views/TargetMouthShape.swift /Users/Veer/Library/Mobile\ Documents/com~apple~CloudDocs/HearifyV1/HearifyV1/Views/VisualPronunciationHubView.swift /Users/Veer/Library/Mobile\ Documents/com~apple~CloudDocs/HearifyV1/HearifyV1/Views/WaveformView.swift /Users/Veer/Library/Mobile\ Documents/com~apple~CloudDocs/HearifyV1/HearifyV1/ContentView.swift /Users/Veer/Library/Mobile\ Documents/com~apple~CloudDocs/HearifyV1/HearifyV1/HearifyV1App.swift /Users/Veer/Library/Developer/Xcode/DerivedData/HearifyV1-ftljoypfezvlxcgouzbpmsmxzads/Build/Intermediates.noindex/HearifyV1.build/Debug-iphoneos/HearifyV1.build/DerivedSources/GeneratedAssetSymbols.swift (in target 'HearifyV1' from project 'HearifyV1')
	Building project HearifyV1 with scheme HearifyV1
(3 failures)
