Command line invocation:
    /Applications/Xcode.app/Contents/Developer/usr/bin/xcodebuild -project HearifyV1.xcodeproj -scheme HearifyV1 build

Resolve Package Graph


Resolved source packages:
  GoogleUtilities: https://github.com/google/GoogleUtilities.git @ 8.1.0
  leveldb: https://github.com/firebase/leveldb.git @ 1.22.5
  GoogleDataTransport: https://github.com/google/GoogleDataTransport.git @ 10.1.0
  abseil: https://github.com/google/abseil-cpp-binary.git @ 1.2024072200.0
  nanopb: https://github.com/firebase/nanopb.git @ 2.30910.0
  gRPC: https://github.com/google/grpc-binary.git @ 1.69.1
  InteropForGoogle: https://github.com/google/interop-ios-for-google-sdks.git @ 101.0.0
  Firebase: https://github.com/firebase/firebase-ios-sdk @ 12.8.0
  AppCheck: https://github.com/google/app-check.git @ 11.2.0
  GTMSessionFetcher: https://github.com/google/gtm-session-fetcher.git @ 5.0.0
  Promises: https://github.com/google/promises.git @ 2.4.0
  GoogleAdsOnDeviceConversion: https://github.com/googleads/google-ads-on-device-conversion-ios-sdk @ 3.2.0
  GoogleAppMeasurement: https://github.com/google/GoogleAppMeasurement.git @ 12.8.0

--- xcodebuild: WARNING: Using the first of multiple matching destinations:
{ platform:iOS, id:dvtdevice-DVTiPhonePlaceholder-iphoneos:placeholder, name:Any iOS Device }
{ platform:iOS Simulator, id:dvtdevice-DVTiOSDeviceSimulatorPlaceholder-iphonesimulator:placeholder, name:Any iOS Simulator Device }
{ platform:iOS Simulator, arch:arm64, id:D0694AEA-BF67-4E6B-9B86-BA72E87C5F36, OS:17.4, name:iPad (10th generation) }
{ platform:iOS Simulator, arch:x86_64, id:D0694AEA-BF67-4E6B-9B86-BA72E87C5F36, OS:17.4, name:iPad (10th generation) }
{ platform:iOS Simulator, arch:arm64, id:663DE3BD-B7B6-421B-BA5C-7C4F98CCE085, OS:17.5, name:iPad (10th generation) }
{ platform:iOS Simulator, arch:x86_64, id:663DE3BD-B7B6-421B-BA5C-7C4F98CCE085, OS:17.5, name:iPad (10th generation) }
{ platform:iOS Simulator, arch:arm64, id:0E67B1E4-A50D-4990-AE9B-9283155E228C, OS:18.2, name:iPad (10th generation) }
{ platform:iOS Simulator, arch:x86_64, id:0E67B1E4-A50D-4990-AE9B-9283155E228C, OS:18.2, name:iPad (10th generation) }
{ platform:iOS Simulator, arch:arm64, id:86214D50-6EFA-4077-93B9-83CDD237B6C1, OS:26.2, name:iPad (A16) }
{ platform:iOS Simulator, arch:arm64, id:427DDC54-26C6-4E13-BAC0-7790E8CB9968, OS:17.4, name:iPad Air (5th generation) }
{ platform:iOS Simulator, arch:x86_64, id:427DDC54-26C6-4E13-BAC0-7790E8CB9968, OS:17.4, name:iPad Air (5th generation) }
{ platform:iOS Simulator, arch:arm64, id:50501397-0FEE-4E69-AAE2-AF78A5A15AB4, OS:17.4, name:iPad Air 11-inch (M2) }
{ platform:iOS Simulator, arch:x86_64, id:50501397-0FEE-4E69-AAE2-AF78A5A15AB4, OS:17.4, name:iPad Air 11-inch (M2) }
{ platform:iOS Simulator, arch:arm64, id:675D4820-7F1A-44B0-9689-B53D8A0F7493, OS:17.5, name:iPad Air 11-inch (M2) }
{ platform:iOS Simulator, arch:x86_64, id:675D4820-7F1A-44B0-9689-B53D8A0F7493, OS:17.5, name:iPad Air 11-inch (M2) }
{ platform:iOS Simulator, arch:arm64, id:107535E5-107E-4D38-A556-6DE3D08182E8, OS:18.2, name:iPad Air 11-inch (M2) }
{ platform:iOS Simulator, arch:x86_64, id:107535E5-107E-4D38-A556-6DE3D08182E8, OS:18.2, name:iPad Air 11-inch (M2) }
{ platform:iOS Simulator, arch:arm64, id:BEA3A330-FF1E-45B1-991C-8DA328228A2E, OS:26.2, name:iPad Air 11-inch (M3) }
{ platform:iOS Simulator, arch:arm64, id:1A74DFC5-B994-4D49-BE1A-EA61B89F47E4, OS:17.4, name:iPad Air 13-inch (M2) }
{ platform:iOS Simulator, arch:x86_64, id:1A74DFC5-B994-4D49-BE1A-EA61B89F47E4, OS:17.4, name:iPad Air 13-inch (M2) }
{ platform:iOS Simulator, arch:arm64, id:E76F11D1-92A1-4411-AF0E-C3EB928080B3, OS:17.5, name:iPad Air 13-inch (M2) }
{ platform:iOS Simulator, arch:x86_64, id:E76F11D1-92A1-4411-AF0E-C3EB928080B3, OS:17.5, name:iPad Air 13-inch (M2) }
{ platform:iOS Simulator, arch:arm64, id:66FAC5CB-A88D-45B1-88D0-33F11D978EB7, OS:18.2, name:iPad Air 13-inch (M2) }
{ platform:iOS Simulator, arch:x86_64, id:66FAC5CB-A88D-45B1-88D0-33F11D978EB7, OS:18.2, name:iPad Air 13-inch (M2) }
{ platform:iOS Simulator, arch:arm64, id:B6FF9423-29DB-4648-AAEF-EDD23D00F21B, OS:26.2, name:iPad Air 13-inch (M3) }
{ platform:iOS Simulator, arch:arm64, id:A9A006B0-7F12-47B0-BA5D-A08C3379BAC9, OS:17.4, name:iPad Pro (11-inch) (4th generation) }
{ platform:iOS Simulator, arch:x86_64, id:A9A006B0-7F12-47B0-BA5D-A08C3379BAC9, OS:17.4, name:iPad Pro (11-inch) (4th generation) }
{ platform:iOS Simulator, arch:arm64, id:BFA66EA1-1A88-46CF-BBB5-C288905F0903, OS:17.4, name:iPad Pro (12.9-inch) (6th generation) }
{ platform:iOS Simulator, arch:x86_64, id:BFA66EA1-1A88-46CF-BBB5-C288905F0903, OS:17.4, name:iPad Pro (12.9-inch) (6th generation) }
{ platform:iOS Simulator, arch:arm64, id:1CFA4EE7-5AD4-45CE-8557-C65B37CFE135, OS:17.4, name:iPad Pro 11-inch (M4) }
{ platform:iOS Simulator, arch:x86_64, id:1CFA4EE7-5AD4-45CE-8557-C65B37CFE135, OS:17.4, name:iPad Pro 11-inch (M4) }
{ platform:iOS Simulator, arch:arm64, id:DBF1A770-9654-4A46-900E-017CBDF3374F, OS:17.5, name:iPad Pro 11-inch (M4) }
{ platform:iOS Simulator, arch:x86_64, id:DBF1A770-9654-4A46-900E-017CBDF3374F, OS:17.5, name:iPad Pro 11-inch (M4) }
{ platform:iOS Simulator, arch:arm64, id:82F2B08F-215F-4FF3-B86C-054BD0D6ACF4, OS:18.2, name:iPad Pro 11-inch (M4) }
{ platform:iOS Simulator, arch:x86_64, id:82F2B08F-215F-4FF3-B86C-054BD0D6ACF4, OS:18.2, name:iPad Pro 11-inch (M4) }
{ platform:iOS Simulator, arch:arm64, id:816FB054-9D48-4A92-8929-9FD0EEAF4590, OS:26.2, name:iPad Pro 11-inch (M5) }
{ platform:iOS Simulator, arch:arm64, id:C25A2999-3C62-4663-A623-1D299DFC85B1, OS:17.4, name:iPad Pro 13-inch (M4) }
{ platform:iOS Simulator, arch:x86_64, id:C25A2999-3C62-4663-A623-1D299DFC85B1, OS:17.4, name:iPad Pro 13-inch (M4) }
{ platform:iOS Simulator, arch:arm64, id:8292A8BB-FAA4-4DDB-9920-32B567A250D4, OS:17.5, name:iPad Pro 13-inch (M4) }
{ platform:iOS Simulator, arch:x86_64, id:8292A8BB-FAA4-4DDB-9920-32B567A250D4, OS:17.5, name:iPad Pro 13-inch (M4) }
{ platform:iOS Simulator, arch:arm64, id:418DA426-44D7-4377-8994-509C6C84AF1F, OS:18.2, name:iPad Pro 13-inch (M4) }
{ platform:iOS Simulator, arch:x86_64, id:418DA426-44D7-4377-8994-509C6C84AF1F, OS:18.2, name:iPad Pro 13-inch (M4) }
{ platform:iOS Simulator, arch:arm64, id:0CBB5FA2-1F0A-432B-9696-44C38B46AD52, OS:26.2, name:iPad Pro 13-inch (M5) }
{ platform:iOS Simulator, arch:arm64, id:6C927B00-885F-48E0-804A-1536E9F735B0, OS:17.4, name:iPad mini (6th generation) }
{ platform:iOS Simulator, arch:x86_64, id:6C927B00-885F-48E0-804A-1536E9F735B0, OS:17.4, name:iPad mini (6th generation) }
{ platform:iOS Simulator, arch:arm64, id:66B0ABA0-8AFD-4770-8F55-E95DCCF666C8, OS:17.5, name:iPad mini (6th generation) }
{ platform:iOS Simulator, arch:x86_64, id:66B0ABA0-8AFD-4770-8F55-E95DCCF666C8, OS:17.5, name:iPad mini (6th generation) }
{ platform:iOS Simulator, arch:arm64, id:BF8A0966-29B6-4CC6-9928-F5D7ED0795BE, OS:18.2, name:iPad mini (A17 Pro) }
{ platform:iOS Simulator, arch:x86_64, id:BF8A0966-29B6-4CC6-9928-F5D7ED0795BE, OS:18.2, name:iPad mini (A17 Pro) }
{ platform:iOS Simulator, arch:arm64, id:FE8E09C3-F6C1-4CA8-B71E-619B6102BAB1, OS:26.2, name:iPad mini (A17 Pro) }
{ platform:iOS Simulator, arch:arm64, id:2A79A001-8861-4744-9EDE-DDF93E5C7DCA, OS:17.4, name:iPhone 15 }
{ platform:iOS Simulator, arch:x86_64, id:2A79A001-8861-4744-9EDE-DDF93E5C7DCA, OS:17.4, name:iPhone 15 }
{ platform:iOS Simulator, arch:arm64, id:992E64AC-72DD-4B0F-A3D4-D22CED28CE16, OS:17.5, name:iPhone 15 }
{ platform:iOS Simulator, arch:x86_64, id:992E64AC-72DD-4B0F-A3D4-D22CED28CE16, OS:17.5, name:iPhone 15 }
{ platform:iOS Simulator, arch:arm64, id:4C3EFA81-3247-4150-9C0A-C2CB330050C5, OS:17.4, name:iPhone 15 Plus }
{ platform:iOS Simulator, arch:x86_64, id:4C3EFA81-3247-4150-9C0A-C2CB330050C5, OS:17.4, name:iPhone 15 Plus }
{ platform:iOS Simulator, arch:arm64, id:C82807A7-2946-4170-813F-8FBB364C0785, OS:17.5, name:iPhone 15 Plus }
{ platform:iOS Simulator, arch:x86_64, id:C82807A7-2946-4170-813F-8FBB364C0785, OS:17.5, name:iPhone 15 Plus }
{ platform:iOS Simulator, arch:arm64, id:C3967D5B-2813-4829-B04D-E2DAC75F8281, OS:17.4, name:iPhone 15 Pro }
{ platform:iOS Simulator, arch:x86_64, id:C3967D5B-2813-4829-B04D-E2DAC75F8281, OS:17.4, name:iPhone 15 Pro }
{ platform:iOS Simulator, arch:arm64, id:F5C8572E-66C0-4E36-9909-FFF73C354474, OS:17.5, name:iPhone 15 Pro }
{ platform:iOS Simulator, arch:x86_64, id:F5C8572E-66C0-4E36-9909-FFF73C354474, OS:17.5, name:iPhone 15 Pro }
{ platform:iOS Simulator, arch:arm64, id:CBFB0BA3-5270-45D5-9B36-AE9481805543, OS:17.4, name:iPhone 15 Pro Max }
{ platform:iOS Simulator, arch:x86_64, id:CBFB0BA3-5270-45D5-9B36-AE9481805543, OS:17.4, name:iPhone 15 Pro Max }
{ platform:iOS Simulator, arch:arm64, id:08C4BAF3-3DBA-40E1-8A9A-DEAE8630F585, OS:17.5, name:iPhone 15 Pro Max }
{ platform:iOS Simulator, arch:x86_64, id:08C4BAF3-3DBA-40E1-8A9A-DEAE8630F585, OS:17.5, name:iPhone 15 Pro Max }
{ platform:iOS Simulator, arch:arm64, id:946C7E67-DFE8-4177-BE5C-0E0FF837DCD5, OS:18.2, name:iPhone 16 }
{ platform:iOS Simulator, arch:x86_64, id:946C7E67-DFE8-4177-BE5C-0E0FF837DCD5, OS:18.2, name:iPhone 16 }
{ platform:iOS Simulator, arch:arm64, id:5DC4FF5D-E947-484C-848F-56C75AC0855D, OS:18.2, name:iPhone 16 Plus }
{ platform:iOS Simulator, arch:x86_64, id:5DC4FF5D-E947-484C-848F-56C75AC0855D, OS:18.2, name:iPhone 16 Plus }
{ platform:iOS Simulator, arch:arm64, id:40AAD79F-5BFD-4359-A2E2-9241E20C7728, OS:18.2, name:iPhone 16 Pro }
{ platform:iOS Simulator, arch:x86_64, id:40AAD79F-5BFD-4359-A2E2-9241E20C7728, OS:18.2, name:iPhone 16 Pro }
{ platform:iOS Simulator, arch:arm64, id:2D4EA74A-64D6-495A-8F75-BEC8CA60FE02, OS:18.2, name:iPhone 16 Pro Max }
{ platform:iOS Simulator, arch:x86_64, id:2D4EA74A-64D6-495A-8F75-BEC8CA60FE02, OS:18.2, name:iPhone 16 Pro Max }
{ platform:iOS Simulator, arch:arm64, id:DB2DA94F-EAE1-4779-81E3-A3BCDC7C1B79, OS:26.2, name:iPhone 16e }
{ platform:iOS Simulator, arch:arm64, id:2E4972C8-4E39-4FE8-91FD-E0CD616F1EEF, OS:26.2, name:iPhone 17 }
{ platform:iOS Simulator, arch:arm64, id:993E66B9-9AA2-4231-8768-C3EE8E2199B3, OS:26.2, name:iPhone 17 Pro }
{ platform:iOS Simulator, arch:arm64, id:A9AA7F4A-1B4E-4231-A048-DC0F7D2266A4, OS:26.2, name:iPhone 17 Pro Max }
{ platform:iOS Simulator, arch:arm64, id:32F45492-9825-430A-87EF-D15051A701C0, OS:26.2, name:iPhone Air }
{ platform:iOS Simulator, arch:arm64, id:E37531E8-B0EA-469C-9A92-5A533FE05BC4, OS:17.4, name:iPhone SE (3rd generation) }
{ platform:iOS Simulator, arch:x86_64, id:E37531E8-B0EA-469C-9A92-5A533FE05BC4, OS:17.4, name:iPhone SE (3rd generation) }
{ platform:iOS Simulator, arch:arm64, id:627FA4A9-16A7-414F-B9B9-F33CEDD40074, OS:17.5, name:iPhone SE (3rd generation) }
{ platform:iOS Simulator, arch:x86_64, id:627FA4A9-16A7-414F-B9B9-F33CEDD40074, OS:17.5, name:iPhone SE (3rd generation) }
{ platform:iOS Simulator, arch:arm64, id:9EC28335-6F86-4963-B789-FE5E422CE337, OS:18.2, name:iPhone SE (3rd generation) }
{ platform:iOS Simulator, arch:x86_64, id:9EC28335-6F86-4963-B789-FE5E422CE337, OS:18.2, name:iPhone SE (3rd generation) }
ComputePackagePrebuildTargetDependencyGraph

Prepare packages

CreateBuildRequest

SendProjectDescription

CreateBuildOperation

ComputeTargetDependencyGraph
note: Building targets in dependency order
note: Target dependency graph (61 targets)
    Target 'HearifyV1' in project 'HearifyV1'
        ➜ Explicit dependency on target 'FirebaseCore' in project 'Firebase'
        ➜ Explicit dependency on target 'FirebaseStorage' in project 'Firebase'
        ➜ Explicit dependency on target 'FirebaseAuth' in project 'Firebase'
        ➜ Explicit dependency on target 'FirebaseFirestore' in project 'Firebase'
    Target 'FirebaseFirestore' in project 'Firebase'
        ➜ Explicit dependency on target 'FirebaseFirestoreTarget' in project 'Firebase'
        ➜ Explicit dependency on target 'FirebaseFirestoreInternalWrapper' in project 'Firebase'
        ➜ Explicit dependency on target 'FirebaseAppCheckInterop' in project 'Firebase'
        ➜ Explicit dependency on target 'Firebase' in project 'Firebase'
        ➜ Explicit dependency on target 'FirebaseCoreInternal' in project 'Firebase'
        ➜ Explicit dependency on target 'FirebaseCore' in project 'Firebase'
        ➜ Explicit dependency on target 'FirebaseCoreExtension' in project 'Firebase'
        ➜ Explicit dependency on target 'FirebaseSharedSwift' in project 'Firebase'
        ➜ Explicit dependency on target 'FirebaseFirestore' in project 'Firebase'
        ➜ Explicit dependency on target 'GULNSData' in project 'GoogleUtilities'
        ➜ Explicit dependency on target 'GULEnvironment' in project 'GoogleUtilities'
        ➜ Explicit dependency on target 'GULLogger' in project 'GoogleUtilities'
        ➜ Explicit dependency on target 'abseil' in project 'abseil'
        ➜ Explicit dependency on target 'gRPC-C++' in project 'gRPC'
        ➜ Explicit dependency on target 'nanopb' in project 'nanopb'
        ➜ Explicit dependency on target 'leveldb' in project 'leveldb'
    Target 'FirebaseFirestoreTarget' in project 'Firebase'
        ➜ Explicit dependency on target 'FirebaseFirestoreInternalWrapper' in project 'Firebase'
        ➜ Explicit dependency on target 'FirebaseAppCheckInterop' in project 'Firebase'
        ➜ Explicit dependency on target 'Firebase' in project 'Firebase'
        ➜ Explicit dependency on target 'FirebaseCoreInternal' in project 'Firebase'
        ➜ Explicit dependency on target 'FirebaseCore' in project 'Firebase'
        ➜ Explicit dependency on target 'FirebaseCoreExtension' in project 'Firebase'
        ➜ Explicit dependency on target 'FirebaseSharedSwift' in project 'Firebase'
        ➜ Explicit dependency on target 'FirebaseFirestore' in project 'Firebase'
        ➜ Explicit dependency on target 'GULNSData' in project 'GoogleUtilities'
        ➜ Explicit dependency on target 'GULEnvironment' in project 'GoogleUtilities'
        ➜ Explicit dependency on target 'GULLogger' in project 'GoogleUtilities'
        ➜ Explicit dependency on target 'abseil' in project 'abseil'
        ➜ Explicit dependency on target 'gRPC-C++' in project 'gRPC'
        ➜ Explicit dependency on target 'nanopb' in project 'nanopb'
        ➜ Explicit dependency on target 'leveldb' in project 'leveldb'
    Target 'FirebaseFirestore' in project 'Firebase'
        ➜ Explicit dependency on target 'Firebase_FirebaseFirestore' in project 'Firebase'
        ➜ Explicit dependency on target 'FirebaseFirestoreInternalWrapper' in project 'Firebase'
        ➜ Explicit dependency on target 'FirebaseAppCheckInterop' in project 'Firebase'
        ➜ Explicit dependency on target 'Firebase' in project 'Firebase'
        ➜ Explicit dependency on target 'FirebaseCoreInternal' in project 'Firebase'
        ➜ Explicit dependency on target 'FirebaseCore' in project 'Firebase'
        ➜ Explicit dependency on target 'FirebaseCoreExtension' in project 'Firebase'
        ➜ Explicit dependency on target 'FirebaseSharedSwift' in project 'Firebase'
        ➜ Explicit dependency on target 'GULNSData' in project 'GoogleUtilities'
        ➜ Explicit dependency on target 'GULEnvironment' in project 'GoogleUtilities'
        ➜ Explicit dependency on target 'GULLogger' in project 'GoogleUtilities'
        ➜ Explicit dependency on target 'abseil' in project 'abseil'
        ➜ Explicit dependency on target 'gRPC-C++' in project 'gRPC'
        ➜ Explicit dependency on target 'nanopb' in project 'nanopb'
        ➜ Explicit dependency on target 'leveldb' in project 'leveldb'
    Target 'leveldb' in project 'leveldb'
        ➜ Explicit dependency on target 'leveldb' in project 'leveldb'
        ➜ Explicit dependency on target 'leveldb_leveldb' in project 'leveldb'
    Target 'leveldb' in project 'leveldb'
        ➜ Explicit dependency on target 'leveldb_leveldb' in project 'leveldb'
    Target 'leveldb_leveldb' in project 'leveldb' (no dependencies)
    Target 'nanopb' in project 'nanopb'
        ➜ Explicit dependency on target 'nanopb' in project 'nanopb'
        ➜ Explicit dependency on target 'nanopb_nanopb' in project 'nanopb'
    Target 'nanopb' in project 'nanopb'
        ➜ Explicit dependency on target 'nanopb_nanopb' in project 'nanopb'
    Target 'nanopb_nanopb' in project 'nanopb' (no dependencies)
    Target 'gRPC-C++' in project 'gRPC'
        ➜ Explicit dependency on target 'grpcppWrapper' in project 'gRPC'
        ➜ Explicit dependency on target 'gRPC_grpcppWrapper' in project 'gRPC'
        ➜ Explicit dependency on target 'grpcWrapper' in project 'gRPC'
        ➜ Explicit dependency on target 'opensslWrapper' in project 'gRPC'
        ➜ Explicit dependency on target 'abseil' in project 'abseil'
    Target 'grpcppWrapper' in project 'gRPC'
        ➜ Explicit dependency on target 'gRPC_grpcppWrapper' in project 'gRPC'
        ➜ Explicit dependency on target 'grpcWrapper' in project 'gRPC'
        ➜ Explicit dependency on target 'opensslWrapper' in project 'gRPC'
        ➜ Explicit dependency on target 'abseil' in project 'abseil'
    Target 'opensslWrapper' in project 'gRPC'
        ➜ Explicit dependency on target 'gRPC_opensslWrapper' in project 'gRPC'
    Target 'gRPC_opensslWrapper' in project 'gRPC' (no dependencies)
    Target 'grpcWrapper' in project 'gRPC'
        ➜ Explicit dependency on target 'gRPC_grpcWrapper' in project 'gRPC'
    Target 'gRPC_grpcWrapper' in project 'gRPC' (no dependencies)
    Target 'gRPC_grpcppWrapper' in project 'gRPC' (no dependencies)
    Target 'abseil' in project 'abseil'
        ➜ Explicit dependency on target 'abslWrapper' in project 'abseil'
        ➜ Explicit dependency on target 'abseil_abslWrapper' in project 'abseil'
    Target 'abslWrapper' in project 'abseil'
        ➜ Explicit dependency on target 'abseil_abslWrapper' in project 'abseil'
    Target 'abseil_abslWrapper' in project 'abseil' (no dependencies)
    Target 'Firebase_FirebaseFirestore' in project 'Firebase' (no dependencies)
    Target 'FirebaseSharedSwift' in project 'Firebase' (no dependencies)
    Target 'FirebaseFirestoreInternalWrapper' in project 'Firebase' (no dependencies)
    Target 'FirebaseAuth' in project 'Firebase'
        ➜ Explicit dependency on target 'FirebaseAuth' in project 'Firebase'
        ➜ Explicit dependency on target 'Firebase_FirebaseAuth' in project 'Firebase'
        ➜ Explicit dependency on target 'FirebaseAppCheckInterop' in project 'Firebase'
        ➜ Explicit dependency on target 'FirebaseAuthInterop' in project 'Firebase'
        ➜ Explicit dependency on target 'FirebaseAuthInternal' in project 'Firebase'
        ➜ Explicit dependency on target 'Firebase' in project 'Firebase'
        ➜ Explicit dependency on target 'FirebaseCoreInternal' in project 'Firebase'
        ➜ Explicit dependency on target 'FirebaseCore' in project 'Firebase'
        ➜ Explicit dependency on target 'FirebaseCoreExtension' in project 'Firebase'
        ➜ Explicit dependency on target 'RecaptchaInterop' in project 'InteropForGoogle'
        ➜ Explicit dependency on target 'GULNSData' in project 'GoogleUtilities'
        ➜ Explicit dependency on target 'GULEnvironment' in project 'GoogleUtilities'
        ➜ Explicit dependency on target 'GULLogger' in project 'GoogleUtilities'
        ➜ Explicit dependency on target 'GULAppDelegateSwizzler' in project 'GoogleUtilities'
        ➜ Explicit dependency on target 'GTMSessionFetcherCore' in project 'GTMSessionFetcher'
    Target 'FirebaseAuth' in project 'Firebase'
        ➜ Explicit dependency on target 'Firebase_FirebaseAuth' in project 'Firebase'
        ➜ Explicit dependency on target 'FirebaseAppCheckInterop' in project 'Firebase'
        ➜ Explicit dependency on target 'FirebaseAuthInterop' in project 'Firebase'
        ➜ Explicit dependency on target 'FirebaseAuthInternal' in project 'Firebase'
        ➜ Explicit dependency on target 'Firebase' in project 'Firebase'
        ➜ Explicit dependency on target 'FirebaseCoreInternal' in project 'Firebase'
        ➜ Explicit dependency on target 'FirebaseCore' in project 'Firebase'
        ➜ Explicit dependency on target 'FirebaseCoreExtension' in project 'Firebase'
        ➜ Explicit dependency on target 'RecaptchaInterop' in project 'InteropForGoogle'
        ➜ Explicit dependency on target 'GULNSData' in project 'GoogleUtilities'
        ➜ Explicit dependency on target 'GULEnvironment' in project 'GoogleUtilities'
        ➜ Explicit dependency on target 'GULLogger' in project 'GoogleUtilities'
        ➜ Explicit dependency on target 'GULAppDelegateSwizzler' in project 'GoogleUtilities'
        ➜ Explicit dependency on target 'GTMSessionFetcherCore' in project 'GTMSessionFetcher'
    Target 'GULAppDelegateSwizzler' in project 'GoogleUtilities'
        ➜ Explicit dependency on target 'GoogleUtilities-AppDelegateSwizzler' in project 'GoogleUtilities'
        ➜ Explicit dependency on target 'GoogleUtilities_GoogleUtilities-AppDelegateSwizzler' in project 'GoogleUtilities'
        ➜ Explicit dependency on target 'third-party-IsAppEncrypted' in project 'GoogleUtilities'
        ➜ Explicit dependency on target 'GoogleUtilities-Environment' in project 'GoogleUtilities'
        ➜ Explicit dependency on target 'GoogleUtilities-Logger' in project 'GoogleUtilities'
        ➜ Explicit dependency on target 'GoogleUtilities-NSData' in project 'GoogleUtilities'
        ➜ Explicit dependency on target 'GoogleUtilities-Reachability' in project 'GoogleUtilities'
        ➜ Explicit dependency on target 'GoogleUtilities-Network' in project 'GoogleUtilities'
    Target 'GoogleUtilities-AppDelegateSwizzler' in project 'GoogleUtilities'
        ➜ Explicit dependency on target 'GoogleUtilities_GoogleUtilities-AppDelegateSwizzler' in project 'GoogleUtilities'
        ➜ Explicit dependency on target 'third-party-IsAppEncrypted' in project 'GoogleUtilities'
        ➜ Explicit dependency on target 'GoogleUtilities-Environment' in project 'GoogleUtilities'
        ➜ Explicit dependency on target 'GoogleUtilities-Logger' in project 'GoogleUtilities'
        ➜ Explicit dependency on target 'GoogleUtilities-NSData' in project 'GoogleUtilities'
        ➜ Explicit dependency on target 'GoogleUtilities-Reachability' in project 'GoogleUtilities'
        ➜ Explicit dependency on target 'GoogleUtilities-Network' in project 'GoogleUtilities'
    Target 'GoogleUtilities-Network' in project 'GoogleUtilities'
        ➜ Explicit dependency on target 'GoogleUtilities_GoogleUtilities-Network' in project 'GoogleUtilities'
        ➜ Explicit dependency on target 'third-party-IsAppEncrypted' in project 'GoogleUtilities'
        ➜ Explicit dependency on target 'GoogleUtilities-Environment' in project 'GoogleUtilities'
        ➜ Explicit dependency on target 'GoogleUtilities-Logger' in project 'GoogleUtilities'
        ➜ Explicit dependency on target 'GoogleUtilities-NSData' in project 'GoogleUtilities'
        ➜ Explicit dependency on target 'GoogleUtilities-Reachability' in project 'GoogleUtilities'
    Target 'GoogleUtilities_GoogleUtilities-Network' in project 'GoogleUtilities' (no dependencies)
    Target 'GoogleUtilities-Reachability' in project 'GoogleUtilities'
        ➜ Explicit dependency on target 'GoogleUtilities_GoogleUtilities-Reachability' in project 'GoogleUtilities'
        ➜ Explicit dependency on target 'third-party-IsAppEncrypted' in project 'GoogleUtilities'
        ➜ Explicit dependency on target 'GoogleUtilities-Environment' in project 'GoogleUtilities'
        ➜ Explicit dependency on target 'GoogleUtilities-Logger' in project 'GoogleUtilities'
    Target 'GoogleUtilities_GoogleUtilities-Reachability' in project 'GoogleUtilities' (no dependencies)
    Target 'GoogleUtilities_GoogleUtilities-AppDelegateSwizzler' in project 'GoogleUtilities' (no dependencies)
    Target 'FirebaseAuthInternal' in project 'Firebase'
        ➜ Explicit dependency on target 'RecaptchaInterop' in project 'InteropForGoogle'
    Target 'RecaptchaInterop' in project 'InteropForGoogle'
        ➜ Explicit dependency on target 'RecaptchaInterop' in project 'InteropForGoogle'
    Target 'RecaptchaInterop' in project 'InteropForGoogle' (no dependencies)
    Target 'Firebase_FirebaseAuth' in project 'Firebase' (no dependencies)
    Target 'FirebaseStorage' in project 'Firebase'
        ➜ Explicit dependency on target 'FirebaseStorage' in project 'Firebase'
        ➜ Explicit dependency on target 'FirebaseAppCheckInterop' in project 'Firebase'
        ➜ Explicit dependency on target 'FirebaseAuthInterop' in project 'Firebase'
        ➜ Explicit dependency on target 'Firebase' in project 'Firebase'
        ➜ Explicit dependency on target 'FirebaseCoreInternal' in project 'Firebase'
        ➜ Explicit dependency on target 'FirebaseCore' in project 'Firebase'
        ➜ Explicit dependency on target 'FirebaseCoreExtension' in project 'Firebase'
        ➜ Explicit dependency on target 'GULNSData' in project 'GoogleUtilities'
        ➜ Explicit dependency on target 'GULEnvironment' in project 'GoogleUtilities'
        ➜ Explicit dependency on target 'GULLogger' in project 'GoogleUtilities'
        ➜ Explicit dependency on target 'GTMSessionFetcherCore' in project 'GTMSessionFetcher'
    Target 'FirebaseStorage' in project 'Firebase'
        ➜ Explicit dependency on target 'FirebaseAppCheckInterop' in project 'Firebase'
        ➜ Explicit dependency on target 'FirebaseAuthInterop' in project 'Firebase'
        ➜ Explicit dependency on target 'Firebase' in project 'Firebase'
        ➜ Explicit dependency on target 'FirebaseCoreInternal' in project 'Firebase'
        ➜ Explicit dependency on target 'FirebaseCore' in project 'Firebase'
        ➜ Explicit dependency on target 'FirebaseCoreExtension' in project 'Firebase'
        ➜ Explicit dependency on target 'GULNSData' in project 'GoogleUtilities'
        ➜ Explicit dependency on target 'GULEnvironment' in project 'GoogleUtilities'
        ➜ Explicit dependency on target 'GULLogger' in project 'GoogleUtilities'
        ➜ Explicit dependency on target 'GTMSessionFetcherCore' in project 'GTMSessionFetcher'
    Target 'GTMSessionFetcherCore' in project 'GTMSessionFetcher'
        ➜ Explicit dependency on target 'GTMSessionFetcherCore' in project 'GTMSessionFetcher'
        ➜ Explicit dependency on target 'GTMSessionFetcher_GTMSessionFetcherCore' in project 'GTMSessionFetcher'
    Target 'GTMSessionFetcherCore' in project 'GTMSessionFetcher'
        ➜ Explicit dependency on target 'GTMSessionFetcher_GTMSessionFetcherCore' in project 'GTMSessionFetcher'
    Target 'GTMSessionFetcher_GTMSessionFetcherCore' in project 'GTMSessionFetcher' (no dependencies)
    Target 'FirebaseCoreExtension' in project 'Firebase'
        ➜ Explicit dependency on target 'Firebase_FirebaseCoreExtension' in project 'Firebase'
    Target 'Firebase_FirebaseCoreExtension' in project 'Firebase' (no dependencies)
    Target 'FirebaseAuthInterop' in project 'Firebase' (no dependencies)
    Target 'FirebaseAppCheckInterop' in project 'Firebase' (no dependencies)
    Target 'FirebaseCore' in project 'Firebase'
        ➜ Explicit dependency on target 'FirebaseCore' in project 'Firebase'
        ➜ Explicit dependency on target 'Firebase_FirebaseCore' in project 'Firebase'
        ➜ Explicit dependency on target 'Firebase' in project 'Firebase'
        ➜ Explicit dependency on target 'FirebaseCoreInternal' in project 'Firebase'
        ➜ Explicit dependency on target 'GULNSData' in project 'GoogleUtilities'
        ➜ Explicit dependency on target 'GULEnvironment' in project 'GoogleUtilities'
        ➜ Explicit dependency on target 'GULLogger' in project 'GoogleUtilities'
    Target 'FirebaseCore' in project 'Firebase'
        ➜ Explicit dependency on target 'Firebase_FirebaseCore' in project 'Firebase'
        ➜ Explicit dependency on target 'Firebase' in project 'Firebase'
        ➜ Explicit dependency on target 'FirebaseCoreInternal' in project 'Firebase'
        ➜ Explicit dependency on target 'GULNSData' in project 'GoogleUtilities'
        ➜ Explicit dependency on target 'GULEnvironment' in project 'GoogleUtilities'
        ➜ Explicit dependency on target 'GULLogger' in project 'GoogleUtilities'
    Target 'GULLogger' in project 'GoogleUtilities'
        ➜ Explicit dependency on target 'GoogleUtilities-Logger' in project 'GoogleUtilities'
        ➜ Explicit dependency on target 'GoogleUtilities_GoogleUtilities-Logger' in project 'GoogleUtilities'
        ➜ Explicit dependency on target 'third-party-IsAppEncrypted' in project 'GoogleUtilities'
        ➜ Explicit dependency on target 'GoogleUtilities-Environment' in project 'GoogleUtilities'
    Target 'GoogleUtilities-Logger' in project 'GoogleUtilities'
        ➜ Explicit dependency on target 'GoogleUtilities_GoogleUtilities-Logger' in project 'GoogleUtilities'
        ➜ Explicit dependency on target 'third-party-IsAppEncrypted' in project 'GoogleUtilities'
        ➜ Explicit dependency on target 'GoogleUtilities-Environment' in project 'GoogleUtilities'
    Target 'GoogleUtilities_GoogleUtilities-Logger' in project 'GoogleUtilities' (no dependencies)
    Target 'GULEnvironment' in project 'GoogleUtilities'
        ➜ Explicit dependency on target 'GoogleUtilities-Environment' in project 'GoogleUtilities'
        ➜ Explicit dependency on target 'GoogleUtilities_GoogleUtilities-Environment' in project 'GoogleUtilities'
        ➜ Explicit dependency on target 'third-party-IsAppEncrypted' in project 'GoogleUtilities'
    Target 'GoogleUtilities-Environment' in project 'GoogleUtilities'
        ➜ Explicit dependency on target 'GoogleUtilities_GoogleUtilities-Environment' in project 'GoogleUtilities'
        ➜ Explicit dependency on target 'third-party-IsAppEncrypted' in project 'GoogleUtilities'
    Target 'third-party-IsAppEncrypted' in project 'GoogleUtilities' (no dependencies)
    Target 'GoogleUtilities_GoogleUtilities-Environment' in project 'GoogleUtilities' (no dependencies)
    Target 'FirebaseCoreInternal' in project 'Firebase'
        ➜ Explicit dependency on target 'Firebase_FirebaseCoreInternal' in project 'Firebase'
        ➜ Explicit dependency on target 'GULNSData' in project 'GoogleUtilities'
    Target 'GULNSData' in project 'GoogleUtilities'
        ➜ Explicit dependency on target 'GoogleUtilities-NSData' in project 'GoogleUtilities'
        ➜ Explicit dependency on target 'GoogleUtilities_GoogleUtilities-NSData' in project 'GoogleUtilities'
    Target 'GoogleUtilities-NSData' in project 'GoogleUtilities'
        ➜ Explicit dependency on target 'GoogleUtilities_GoogleUtilities-NSData' in project 'GoogleUtilities'
    Target 'GoogleUtilities_GoogleUtilities-NSData' in project 'GoogleUtilities' (no dependencies)
    Target 'Firebase_FirebaseCoreInternal' in project 'Firebase' (no dependencies)
    Target 'Firebase' in project 'Firebase' (no dependencies)
    Target 'Firebase_FirebaseCore' in project 'Firebase' (no dependencies)

GatherProvisioningInputs

CreateBuildDescription

ExecuteExternalTool /Applications/Xcode.app/Contents/Developer/Toolchains/XcodeDefault.xctoolchain/usr/bin/clang -v -E -dM -arch arm64 -isysroot /Applications/Xcode.app/Contents/Developer/Platforms/iPhoneOS.platform/Developer/SDKs/iPhoneOS26.2.sdk -x objective-c -c /dev/null

ExecuteExternalTool /Applications/Xcode.app/Contents/Developer/Toolchains/XcodeDefault.xctoolchain/usr/bin/swiftc --version

ExecuteExternalTool /Applications/Xcode.app/Contents/Developer/Toolchains/XcodeDefault.xctoolchain/usr/bin/clang -v -E -dM -isysroot /Applications/Xcode.app/Contents/Developer/Platforms/iPhoneOS.platform/Developer/SDKs/iPhoneOS26.2.sdk -x c -c /dev/null

ExecuteExternalTool /Applications/Xcode.app/Contents/Developer/usr/bin/actool --print-asset-tag-combinations --output-format xml1 /Users/Veer/Library/Mobile Documents/com~apple~CloudDocs/HearifyV1/HearifyV1/Preview Content/Preview Assets.xcassets /Users/Veer/Library/Mobile Documents/com~apple~CloudDocs/HearifyV1/HearifyV1/Assets.xcassets

ExecuteExternalTool /Applications/Xcode.app/Contents/Developer/Toolchains/XcodeDefault.xctoolchain/usr/bin/clang -v -E -dM -arch arm64 -isysroot /Applications/Xcode.app/Contents/Developer/Platforms/iPhoneOS.platform/Developer/SDKs/iPhoneOS26.2.sdk -x c -c /dev/null

ExecuteExternalTool /Applications/Xcode.app/Contents/Developer/Toolchains/XcodeDefault.xctoolchain/usr/bin/ld -version_details

ExecuteExternalTool /Applications/Xcode.app/Contents/Developer/Toolchains/XcodeDefault.xctoolchain/usr/bin/clang -v -E -dM -arch arm64 -isysroot /Applications/Xcode.app/Contents/Developer/Platforms/iPhoneOS.platform/Developer/SDKs/iPhoneOS26.2.sdk -x c++ -c /dev/null

ExecuteExternalTool /Applications/Xcode.app/Contents/Developer/usr/bin/ibtool --version --output-format xml1

ExecuteExternalTool /Applications/Xcode.app/Contents/Developer/usr/bin/actool --version --output-format xml1

Build description signature: 401c405bf8846a71ecb11303fab47b77
Build description path: /Users/Veer/Library/Developer/Xcode/DerivedData/HearifyV1-ftljoypfezvlxcgouzbpmsmxzads/Build/Intermediates.noindex/XCBuildData/401c405bf8846a71ecb11303fab47b77.xcbuilddata
ClangStatCache /Applications/Xcode.app/Contents/Developer/Toolchains/XcodeDefault.xctoolchain/usr/bin/clang-stat-cache /Applications/Xcode.app/Contents/Developer/Platforms/iPhoneOS.platform/Developer/SDKs/iPhoneOS26.2.sdk /Users/Veer/Library/Developer/Xcode/DerivedData/SDKStatCaches.noindex/iphoneos26.2-23C53-3794476bd08197c3e2abd9bb477ef7f7.sdkstatcache
    cd /Users/Veer/Library/Mobile\ Documents/com\~apple\~CloudDocs/HearifyV1/HearifyV1.xcodeproj
    /Applications/Xcode.app/Contents/Developer/Toolchains/XcodeDefault.xctoolchain/usr/bin/clang-stat-cache /Applications/Xcode.app/Contents/Developer/Platforms/iPhoneOS.platform/Developer/SDKs/iPhoneOS26.2.sdk -o /Users/Veer/Library/Developer/Xcode/DerivedData/SDKStatCaches.noindex/iphoneos26.2-23C53-3794476bd08197c3e2abd9bb477ef7f7.sdkstatcache

ProcessInfoPlistFile /Users/Veer/Library/Developer/Xcode/DerivedData/HearifyV1-ftljoypfezvlxcgouzbpmsmxzads/Build/Products/Debug-iphoneos/nanopb_nanopb.bundle/Info.plist /Users/Veer/Library/Developer/Xcode/DerivedData/HearifyV1-ftljoypfezvlxcgouzbpmsmxzads/Build/Intermediates.noindex/nanopb.build/Debug-iphoneos/nanopb_nanopb.build/empty-nanopb_nanopb.plist (in target 'nanopb_nanopb' from project 'nanopb')
    cd /Users/Veer/Library/Developer/Xcode/DerivedData/HearifyV1-ftljoypfezvlxcgouzbpmsmxzads/SourcePackages/checkouts/nanopb
    builtin-infoPlistUtility /Users/Veer/Library/Developer/Xcode/DerivedData/HearifyV1-ftljoypfezvlxcgouzbpmsmxzads/Build/Intermediates.noindex/nanopb.build/Debug-iphoneos/nanopb_nanopb.build/empty-nanopb_nanopb.plist -producttype com.apple.product-type.bundle -expandbuildsettings -format binary -platform iphoneos -requiredArchitecture arm64 -o /Users/Veer/Library/Developer/Xcode/DerivedData/HearifyV1-ftljoypfezvlxcgouzbpmsmxzads/Build/Products/Debug-iphoneos/nanopb_nanopb.bundle/Info.plist

ProcessInfoPlistFile /Users/Veer/Library/Developer/Xcode/DerivedData/HearifyV1-ftljoypfezvlxcgouzbpmsmxzads/Build/Products/Debug-iphoneos/leveldb_leveldb.bundle/Info.plist /Users/Veer/Library/Developer/Xcode/DerivedData/HearifyV1-ftljoypfezvlxcgouzbpmsmxzads/Build/Intermediates.noindex/leveldb.build/Debug-iphoneos/leveldb_leveldb.build/empty-leveldb_leveldb.plist (in target 'leveldb_leveldb' from project 'leveldb')
    cd /Users/Veer/Library/Developer/Xcode/DerivedData/HearifyV1-ftljoypfezvlxcgouzbpmsmxzads/SourcePackages/checkouts/leveldb
    builtin-infoPlistUtility /Users/Veer/Library/Developer/Xcode/DerivedData/HearifyV1-ftljoypfezvlxcgouzbpmsmxzads/Build/Intermediates.noindex/leveldb.build/Debug-iphoneos/leveldb_leveldb.build/empty-leveldb_leveldb.plist -producttype com.apple.product-type.bundle -expandbuildsettings -format binary -platform iphoneos -requiredArchitecture arm64 -o /Users/Veer/Library/Developer/Xcode/DerivedData/HearifyV1-ftljoypfezvlxcgouzbpmsmxzads/Build/Products/Debug-iphoneos/leveldb_leveldb.bundle/Info.plist

ProcessInfoPlistFile /Users/Veer/Library/Developer/Xcode/DerivedData/HearifyV1-ftljoypfezvlxcgouzbpmsmxzads/Build/Products/Debug-iphoneos/gRPC_grpcppWrapper.bundle/Info.plist /Users/Veer/Library/Developer/Xcode/DerivedData/HearifyV1-ftljoypfezvlxcgouzbpmsmxzads/Build/Intermediates.noindex/gRPC.build/Debug-iphoneos/gRPC_grpcppWrapper.build/empty-gRPC_grpcppWrapper.plist (in target 'gRPC_grpcppWrapper' from project 'gRPC')
    cd /Users/Veer/Library/Developer/Xcode/DerivedData/HearifyV1-ftljoypfezvlxcgouzbpmsmxzads/SourcePackages/checkouts/grpc-binary
    builtin-infoPlistUtility /Users/Veer/Library/Developer/Xcode/DerivedData/HearifyV1-ftljoypfezvlxcgouzbpmsmxzads/Build/Intermediates.noindex/gRPC.build/Debug-iphoneos/gRPC_grpcppWrapper.build/empty-gRPC_grpcppWrapper.plist -producttype com.apple.product-type.bundle -expandbuildsettings -format binary -platform iphoneos -requiredArchitecture arm64 -o /Users/Veer/Library/Developer/Xcode/DerivedData/HearifyV1-ftljoypfezvlxcgouzbpmsmxzads/Build/Products/Debug-iphoneos/gRPC_grpcppWrapper.bundle/Info.plist

ProcessInfoPlistFile /Users/Veer/Library/Developer/Xcode/DerivedData/HearifyV1-ftljoypfezvlxcgouzbpmsmxzads/Build/Products/Debug-iphoneos/gRPC_opensslWrapper.bundle/Info.plist /Users/Veer/Library/Developer/Xcode/DerivedData/HearifyV1-ftljoypfezvlxcgouzbpmsmxzads/Build/Intermediates.noindex/gRPC.build/Debug-iphoneos/gRPC_opensslWrapper.build/empty-gRPC_opensslWrapper.plist (in target 'gRPC_opensslWrapper' from project 'gRPC')
    cd /Users/Veer/Library/Developer/Xcode/DerivedData/HearifyV1-ftljoypfezvlxcgouzbpmsmxzads/SourcePackages/checkouts/grpc-binary
    builtin-infoPlistUtility /Users/Veer/Library/Developer/Xcode/DerivedData/HearifyV1-ftljoypfezvlxcgouzbpmsmxzads/Build/Intermediates.noindex/gRPC.build/Debug-iphoneos/gRPC_opensslWrapper.build/empty-gRPC_opensslWrapper.plist -producttype com.apple.product-type.bundle -expandbuildsettings -format binary -platform iphoneos -requiredArchitecture arm64 -o /Users/Veer/Library/Developer/Xcode/DerivedData/HearifyV1-ftljoypfezvlxcgouzbpmsmxzads/Build/Products/Debug-iphoneos/gRPC_opensslWrapper.bundle/Info.plist

ProcessInfoPlistFile /Users/Veer/Library/Developer/Xcode/DerivedData/HearifyV1-ftljoypfezvlxcgouzbpmsmxzads/Build/Products/Debug-iphoneos/gRPC_grpcWrapper.bundle/Info.plist /Users/Veer/Library/Developer/Xcode/DerivedData/HearifyV1-ftljoypfezvlxcgouzbpmsmxzads/Build/Intermediates.noindex/gRPC.build/Debug-iphoneos/gRPC_grpcWrapper.build/empty-gRPC_grpcWrapper.plist (in target 'gRPC_grpcWrapper' from project 'gRPC')
    cd /Users/Veer/Library/Developer/Xcode/DerivedData/HearifyV1-ftljoypfezvlxcgouzbpmsmxzads/SourcePackages/checkouts/grpc-binary
    builtin-infoPlistUtility /Users/Veer/Library/Developer/Xcode/DerivedData/HearifyV1-ftljoypfezvlxcgouzbpmsmxzads/Build/Intermediates.noindex/gRPC.build/Debug-iphoneos/gRPC_grpcWrapper.build/empty-gRPC_grpcWrapper.plist -producttype com.apple.product-type.bundle -expandbuildsettings -format binary -platform iphoneos -requiredArchitecture arm64 -o /Users/Veer/Library/Developer/Xcode/DerivedData/HearifyV1-ftljoypfezvlxcgouzbpmsmxzads/Build/Products/Debug-iphoneos/gRPC_grpcWrapper.bundle/Info.plist

ProcessInfoPlistFile /Users/Veer/Library/Developer/Xcode/DerivedData/HearifyV1-ftljoypfezvlxcgouzbpmsmxzads/Build/Products/Debug-iphoneos/abseil_abslWrapper.bundle/Info.plist /Users/Veer/Library/Developer/Xcode/DerivedData/HearifyV1-ftljoypfezvlxcgouzbpmsmxzads/Build/Intermediates.noindex/abseil.build/Debug-iphoneos/abseil_abslWrapper.build/empty-abseil_abslWrapper.plist (in target 'abseil_abslWrapper' from project 'abseil')
    cd /Users/Veer/Library/Developer/Xcode/DerivedData/HearifyV1-ftljoypfezvlxcgouzbpmsmxzads/SourcePackages/checkouts/abseil-cpp-binary
    builtin-infoPlistUtility /Users/Veer/Library/Developer/Xcode/DerivedData/HearifyV1-ftljoypfezvlxcgouzbpmsmxzads/Build/Intermediates.noindex/abseil.build/Debug-iphoneos/abseil_abslWrapper.build/empty-abseil_abslWrapper.plist -producttype com.apple.product-type.bundle -expandbuildsettings -format binary -platform iphoneos -requiredArchitecture arm64 -o /Users/Veer/Library/Developer/Xcode/DerivedData/HearifyV1-ftljoypfezvlxcgouzbpmsmxzads/Build/Products/Debug-iphoneos/abseil_abslWrapper.bundle/Info.plist

ProcessInfoPlistFile /Users/Veer/Library/Developer/Xcode/DerivedData/HearifyV1-ftljoypfezvlxcgouzbpmsmxzads/Build/Products/Debug-iphoneos/GoogleUtilities_GoogleUtilities-NSData.bundle/Info.plist /Users/Veer/Library/Developer/Xcode/DerivedData/HearifyV1-ftljoypfezvlxcgouzbpmsmxzads/Build/Intermediates.noindex/GoogleUtilities.build/Debug-iphoneos/GoogleUtilities_GoogleUtilities-NSData.build/empty-GoogleUtilities_GoogleUtilities-NSData.plist (in target 'GoogleUtilities_GoogleUtilities-NSData' from project 'GoogleUtilities')
    cd /Users/Veer/Library/Developer/Xcode/DerivedData/HearifyV1-ftljoypfezvlxcgouzbpmsmxzads/SourcePackages/checkouts/GoogleUtilities
    builtin-infoPlistUtility /Users/Veer/Library/Developer/Xcode/DerivedData/HearifyV1-ftljoypfezvlxcgouzbpmsmxzads/Build/Intermediates.noindex/GoogleUtilities.build/Debug-iphoneos/GoogleUtilities_GoogleUtilities-NSData.build/empty-GoogleUtilities_GoogleUtilities-NSData.plist -producttype com.apple.product-type.bundle -expandbuildsettings -format binary -platform iphoneos -requiredArchitecture arm64 -o /Users/Veer/Library/Developer/Xcode/DerivedData/HearifyV1-ftljoypfezvlxcgouzbpmsmxzads/Build/Products/Debug-iphoneos/GoogleUtilities_GoogleUtilities-NSData.bundle/Info.plist

ProcessInfoPlistFile /Users/Veer/Library/Developer/Xcode/DerivedData/HearifyV1-ftljoypfezvlxcgouzbpmsmxzads/Build/Products/Debug-iphoneos/GoogleUtilities_GoogleUtilities-Logger.bundle/Info.plist /Users/Veer/Library/Developer/Xcode/DerivedData/HearifyV1-ftljoypfezvlxcgouzbpmsmxzads/Build/Intermediates.noindex/GoogleUtilities.build/Debug-iphoneos/GoogleUtilities_GoogleUtilities-Logger.build/empty-GoogleUtilities_GoogleUtilities-Logger.plist (in target 'GoogleUtilities_GoogleUtilities-Logger' from project 'GoogleUtilities')
    cd /Users/Veer/Library/Developer/Xcode/DerivedData/HearifyV1-ftljoypfezvlxcgouzbpmsmxzads/SourcePackages/checkouts/GoogleUtilities
    builtin-infoPlistUtility /Users/Veer/Library/Developer/Xcode/DerivedData/HearifyV1-ftljoypfezvlxcgouzbpmsmxzads/Build/Intermediates.noindex/GoogleUtilities.build/Debug-iphoneos/GoogleUtilities_GoogleUtilities-Logger.build/empty-GoogleUtilities_GoogleUtilities-Logger.plist -producttype com.apple.product-type.bundle -expandbuildsettings -format binary -platform iphoneos -requiredArchitecture arm64 -o /Users/Veer/Library/Developer/Xcode/DerivedData/HearifyV1-ftljoypfezvlxcgouzbpmsmxzads/Build/Products/Debug-iphoneos/GoogleUtilities_GoogleUtilities-Logger.bundle/Info.plist

ProcessInfoPlistFile /Users/Veer/Library/Developer/Xcode/DerivedData/HearifyV1-ftljoypfezvlxcgouzbpmsmxzads/Build/Products/Debug-iphoneos/GoogleUtilities_GoogleUtilities-Environment.bundle/Info.plist /Users/Veer/Library/Developer/Xcode/DerivedData/HearifyV1-ftljoypfezvlxcgouzbpmsmxzads/Build/Intermediates.noindex/GoogleUtilities.build/Debug-iphoneos/GoogleUtilities_GoogleUtilities-Environment.build/empty-GoogleUtilities_GoogleUtilities-Environment.plist (in target 'GoogleUtilities_GoogleUtilities-Environment' from project 'GoogleUtilities')
    cd /Users/Veer/Library/Developer/Xcode/DerivedData/HearifyV1-ftljoypfezvlxcgouzbpmsmxzads/SourcePackages/checkouts/GoogleUtilities
    builtin-infoPlistUtility /Users/Veer/Library/Developer/Xcode/DerivedData/HearifyV1-ftljoypfezvlxcgouzbpmsmxzads/Build/Intermediates.noindex/GoogleUtilities.build/Debug-iphoneos/GoogleUtilities_GoogleUtilities-Environment.build/empty-GoogleUtilities_GoogleUtilities-Environment.plist -producttype com.apple.product-type.bundle -expandbuildsettings -format binary -platform iphoneos -requiredArchitecture arm64 -o /Users/Veer/Library/Developer/Xcode/DerivedData/HearifyV1-ftljoypfezvlxcgouzbpmsmxzads/Build/Products/Debug-iphoneos/GoogleUtilities_GoogleUtilities-Environment.bundle/Info.plist

ProcessInfoPlistFile /Users/Veer/Library/Developer/Xcode/DerivedData/HearifyV1-ftljoypfezvlxcgouzbpmsmxzads/Build/Products/Debug-iphoneos/GoogleUtilities_GoogleUtilities-AppDelegateSwizzler.bundle/Info.plist /Users/Veer/Library/Developer/Xcode/DerivedData/HearifyV1-ftljoypfezvlxcgouzbpmsmxzads/Build/Intermediates.noindex/GoogleUtilities.build/Debug-iphoneos/GoogleUtilities_GoogleUtilities-AppDelegateSwizzler.build/empty-GoogleUtilities_GoogleUtilities-AppDelegateSwizzler.plist (in target 'GoogleUtilities_GoogleUtilities-AppDelegateSwizzler' from project 'GoogleUtilities')
    cd /Users/Veer/Library/Developer/Xcode/DerivedData/HearifyV1-ftljoypfezvlxcgouzbpmsmxzads/SourcePackages/checkouts/GoogleUtilities
    builtin-infoPlistUtility /Users/Veer/Library/Developer/Xcode/DerivedData/HearifyV1-ftljoypfezvlxcgouzbpmsmxzads/Build/Intermediates.noindex/GoogleUtilities.build/Debug-iphoneos/GoogleUtilities_GoogleUtilities-AppDelegateSwizzler.build/empty-GoogleUtilities_GoogleUtilities-AppDelegateSwizzler.plist -producttype com.apple.product-type.bundle -expandbuildsettings -format binary -platform iphoneos -requiredArchitecture arm64 -o /Users/Veer/Library/Developer/Xcode/DerivedData/HearifyV1-ftljoypfezvlxcgouzbpmsmxzads/Build/Products/Debug-iphoneos/GoogleUtilities_GoogleUtilities-AppDelegateSwizzler.bundle/Info.plist

ProcessInfoPlistFile /Users/Veer/Library/Developer/Xcode/DerivedData/HearifyV1-ftljoypfezvlxcgouzbpmsmxzads/Build/Products/Debug-iphoneos/GTMSessionFetcher_GTMSessionFetcherCore.bundle/Info.plist /Users/Veer/Library/Developer/Xcode/DerivedData/HearifyV1-ftljoypfezvlxcgouzbpmsmxzads/Build/Intermediates.noindex/GTMSessionFetcher.build/Debug-iphoneos/GTMSessionFetcher_GTMSessionFetcherCore.build/empty-GTMSessionFetcher_GTMSessionFetcherCore.plist (in target 'GTMSessionFetcher_GTMSessionFetcherCore' from project 'GTMSessionFetcher')
    cd /Users/Veer/Library/Developer/Xcode/DerivedData/HearifyV1-ftljoypfezvlxcgouzbpmsmxzads/SourcePackages/checkouts/gtm-session-fetcher
    builtin-infoPlistUtility /Users/Veer/Library/Developer/Xcode/DerivedData/HearifyV1-ftljoypfezvlxcgouzbpmsmxzads/Build/Intermediates.noindex/GTMSessionFetcher.build/Debug-iphoneos/GTMSessionFetcher_GTMSessionFetcherCore.build/empty-GTMSessionFetcher_GTMSessionFetcherCore.plist -producttype com.apple.product-type.bundle -expandbuildsettings -format binary -platform iphoneos -requiredArchitecture arm64 -o /Users/Veer/Library/Developer/Xcode/DerivedData/HearifyV1-ftljoypfezvlxcgouzbpmsmxzads/Build/Products/Debug-iphoneos/GTMSessionFetcher_GTMSessionFetcherCore.bundle/Info.plist

ProcessInfoPlistFile /Users/Veer/Library/Developer/Xcode/DerivedData/HearifyV1-ftljoypfezvlxcgouzbpmsmxzads/Build/Products/Debug-iphoneos/Firebase_FirebaseFirestore.bundle/Info.plist /Users/Veer/Library/Developer/Xcode/DerivedData/HearifyV1-ftljoypfezvlxcgouzbpmsmxzads/Build/Intermediates.noindex/Firebase.build/Debug-iphoneos/Firebase_FirebaseFirestore.build/empty-Firebase_FirebaseFirestore.plist (in target 'Firebase_FirebaseFirestore' from project 'Firebase')
    cd /Users/Veer/Library/Developer/Xcode/DerivedData/HearifyV1-ftljoypfezvlxcgouzbpmsmxzads/SourcePackages/checkouts/firebase-ios-sdk
    builtin-infoPlistUtility /Users/Veer/Library/Developer/Xcode/DerivedData/HearifyV1-ftljoypfezvlxcgouzbpmsmxzads/Build/Intermediates.noindex/Firebase.build/Debug-iphoneos/Firebase_FirebaseFirestore.build/empty-Firebase_FirebaseFirestore.plist -producttype com.apple.product-type.bundle -expandbuildsettings -format binary -platform iphoneos -requiredArchitecture arm64 -o /Users/Veer/Library/Developer/Xcode/DerivedData/HearifyV1-ftljoypfezvlxcgouzbpmsmxzads/Build/Products/Debug-iphoneos/Firebase_FirebaseFirestore.bundle/Info.plist

ProcessInfoPlistFile /Users/Veer/Library/Developer/Xcode/DerivedData/HearifyV1-ftljoypfezvlxcgouzbpmsmxzads/Build/Products/Debug-iphoneos/Firebase_FirebaseCoreInternal.bundle/Info.plist /Users/Veer/Library/Developer/Xcode/DerivedData/HearifyV1-ftljoypfezvlxcgouzbpmsmxzads/Build/Intermediates.noindex/Firebase.build/Debug-iphoneos/Firebase_FirebaseCoreInternal.build/empty-Firebase_FirebaseCoreInternal.plist (in target 'Firebase_FirebaseCoreInternal' from project 'Firebase')
    cd /Users/Veer/Library/Developer/Xcode/DerivedData/HearifyV1-ftljoypfezvlxcgouzbpmsmxzads/SourcePackages/checkouts/firebase-ios-sdk
    builtin-infoPlistUtility /Users/Veer/Library/Developer/Xcode/DerivedData/HearifyV1-ftljoypfezvlxcgouzbpmsmxzads/Build/Intermediates.noindex/Firebase.build/Debug-iphoneos/Firebase_FirebaseCoreInternal.build/empty-Firebase_FirebaseCoreInternal.plist -producttype com.apple.product-type.bundle -expandbuildsettings -format binary -platform iphoneos -requiredArchitecture arm64 -o /Users/Veer/Library/Developer/Xcode/DerivedData/HearifyV1-ftljoypfezvlxcgouzbpmsmxzads/Build/Products/Debug-iphoneos/Firebase_FirebaseCoreInternal.bundle/Info.plist

ProcessInfoPlistFile /Users/Veer/Library/Developer/Xcode/DerivedData/HearifyV1-ftljoypfezvlxcgouzbpmsmxzads/Build/Products/Debug-iphoneos/Firebase_FirebaseCoreExtension.bundle/Info.plist /Users/Veer/Library/Developer/Xcode/DerivedData/HearifyV1-ftljoypfezvlxcgouzbpmsmxzads/Build/Intermediates.noindex/Firebase.build/Debug-iphoneos/Firebase_FirebaseCoreExtension.build/empty-Firebase_FirebaseCoreExtension.plist (in target 'Firebase_FirebaseCoreExtension' from project 'Firebase')
    cd /Users/Veer/Library/Developer/Xcode/DerivedData/HearifyV1-ftljoypfezvlxcgouzbpmsmxzads/SourcePackages/checkouts/firebase-ios-sdk
    builtin-infoPlistUtility /Users/Veer/Library/Developer/Xcode/DerivedData/HearifyV1-ftljoypfezvlxcgouzbpmsmxzads/Build/Intermediates.noindex/Firebase.build/Debug-iphoneos/Firebase_FirebaseCoreExtension.build/empty-Firebase_FirebaseCoreExtension.plist -producttype com.apple.product-type.bundle -expandbuildsettings -format binary -platform iphoneos -requiredArchitecture arm64 -o /Users/Veer/Library/Developer/Xcode/DerivedData/HearifyV1-ftljoypfezvlxcgouzbpmsmxzads/Build/Products/Debug-iphoneos/Firebase_FirebaseCoreExtension.bundle/Info.plist

ProcessInfoPlistFile /Users/Veer/Library/Developer/Xcode/DerivedData/HearifyV1-ftljoypfezvlxcgouzbpmsmxzads/Build/Products/Debug-iphoneos/Firebase_FirebaseCore.bundle/Info.plist /Users/Veer/Library/Developer/Xcode/DerivedData/HearifyV1-ftljoypfezvlxcgouzbpmsmxzads/Build/Intermediates.noindex/Firebase.build/Debug-iphoneos/Firebase_FirebaseCore.build/empty-Firebase_FirebaseCore.plist (in target 'Firebase_FirebaseCore' from project 'Firebase')
    cd /Users/Veer/Library/Developer/Xcode/DerivedData/HearifyV1-ftljoypfezvlxcgouzbpmsmxzads/SourcePackages/checkouts/firebase-ios-sdk
    builtin-infoPlistUtility /Users/Veer/Library/Developer/Xcode/DerivedData/HearifyV1-ftljoypfezvlxcgouzbpmsmxzads/Build/Intermediates.noindex/Firebase.build/Debug-iphoneos/Firebase_FirebaseCore.build/empty-Firebase_FirebaseCore.plist -producttype com.apple.product-type.bundle -expandbuildsettings -format binary -platform iphoneos -requiredArchitecture arm64 -o /Users/Veer/Library/Developer/Xcode/DerivedData/HearifyV1-ftljoypfezvlxcgouzbpmsmxzads/Build/Products/Debug-iphoneos/Firebase_FirebaseCore.bundle/Info.plist

ProcessInfoPlistFile /Users/Veer/Library/Developer/Xcode/DerivedData/HearifyV1-ftljoypfezvlxcgouzbpmsmxzads/Build/Products/Debug-iphoneos/Firebase_FirebaseAuth.bundle/Info.plist /Users/Veer/Library/Developer/Xcode/DerivedData/HearifyV1-ftljoypfezvlxcgouzbpmsmxzads/Build/Intermediates.noindex/Firebase.build/Debug-iphoneos/Firebase_FirebaseAuth.build/empty-Firebase_FirebaseAuth.plist (in target 'Firebase_FirebaseAuth' from project 'Firebase')
    cd /Users/Veer/Library/Developer/Xcode/DerivedData/HearifyV1-ftljoypfezvlxcgouzbpmsmxzads/SourcePackages/checkouts/firebase-ios-sdk
    builtin-infoPlistUtility /Users/Veer/Library/Developer/Xcode/DerivedData/HearifyV1-ftljoypfezvlxcgouzbpmsmxzads/Build/Intermediates.noindex/Firebase.build/Debug-iphoneos/Firebase_FirebaseAuth.build/empty-Firebase_FirebaseAuth.plist -producttype com.apple.product-type.bundle -expandbuildsettings -format binary -platform iphoneos -requiredArchitecture arm64 -o /Users/Veer/Library/Developer/Xcode/DerivedData/HearifyV1-ftljoypfezvlxcgouzbpmsmxzads/Build/Products/Debug-iphoneos/Firebase_FirebaseAuth.bundle/Info.plist

SwiftDriver FirebaseAuth normal arm64 com.apple.xcode.tools.swift.compiler (in target 'FirebaseAuth' from project 'Firebase')
    cd /Users/Veer/Library/Mobile\ Documents/com\~apple\~CloudDocs/HearifyV1/HearifyV1.xcodeproj
    builtin-SwiftDriver -- /Applications/Xcode.app/Contents/Developer/Toolchains/XcodeDefault.xctoolchain/usr/bin/swiftc -module-name FirebaseAuth -Onone -enforce-exclusivity\=checked @/Users/Veer/Library/Developer/Xcode/DerivedData/HearifyV1-ftljoypfezvlxcgouzbpmsmxzads/Build/Intermediates.noindex/Firebase.build/Debug-iphoneos/FirebaseAuth.build/Objects-normal/arm64/FirebaseAuth.SwiftFileList -DSWIFT_PACKAGE -DDEBUG -DSWIFT_MODULE_RESOURCE_BUNDLE_AVAILABLE -Xcc -fmodule-map-file\=/Users/Veer/Library/Developer/Xcode/DerivedData/HearifyV1-ftljoypfezvlxcgouzbpmsmxzads/Build/Intermediates.noindex/GeneratedModuleMaps-iphoneos/RecaptchaInterop.modulemap -Xcc -fmodule-map-file\=/Users/Veer/Library/Developer/Xcode/DerivedData/HearifyV1-ftljoypfezvlxcgouzbpmsmxzads/Build/Intermediates.noindex/GeneratedModuleMaps-iphoneos/GoogleUtilities-Network.modulemap -Xcc -fmodule-map-file\=/Users/Veer/Library/Developer/Xcode/DerivedData/HearifyV1-ftljoypfezvlxcgouzbpmsmxzads/Build/Intermediates.noindex/GeneratedModuleMaps-iphoneos/GoogleUtilities-Reachability.modulemap -Xcc -fmodule-map-file\=/Users/Veer/Library/Developer/Xcode/DerivedData/HearifyV1-ftljoypfezvlxcgouzbpmsmxzads/Build/Intermediates.noindex/GeneratedModuleMaps-iphoneos/GoogleUtilities-NSData.modulemap -Xcc -fmodule-map-file\=/Users/Veer/Library/Developer/Xcode/DerivedData/HearifyV1-ftljoypfezvlxcgouzbpmsmxzads/Build/Intermediates.noindex/GeneratedModuleMaps-iphoneos/GoogleUtilities-Logger.modulemap -Xcc -fmodule-map-file\=/Users/Veer/Library/Developer/Xcode/DerivedData/HearifyV1-ftljoypfezvlxcgouzbpmsmxzads/Build/Intermediates.noindex/GeneratedModuleMaps-iphoneos/GoogleUtilities-Environment.modulemap -Xcc -fmodule-map-file\=/Users/Veer/Library/Developer/Xcode/DerivedData/HearifyV1-ftljoypfezvlxcgouzbpmsmxzads/Build/Intermediates.noindex/GeneratedModuleMaps-iphoneos/third-party-IsAppEncrypted.modulemap -Xcc -fmodule-map-file\=/Users/Veer/Library/Developer/Xcode/DerivedData/HearifyV1-ftljoypfezvlxcgouzbpmsmxzads/Build/Intermediates.noindex/GeneratedModuleMaps-iphoneos/GoogleUtilities-AppDelegateSwizzler.modulemap -Xcc -fmodule-map-file\=/Users/Veer/Library/Developer/Xcode/DerivedData/HearifyV1-ftljoypfezvlxcgouzbpmsmxzads/Build/Intermediates.noindex/GeneratedModuleMaps-iphoneos/GTMSessionFetcherCore.modulemap -Xcc -fmodule-map-file\=/Users/Veer/Library/Developer/Xcode/DerivedData/HearifyV1-ftljoypfezvlxcgouzbpmsmxzads/Build/Intermediates.noindex/GeneratedModuleMaps-iphoneos/FirebaseCoreExtension.modulemap -Xcc -fmodule-map-file\=/Users/Veer/Library/Developer/Xcode/DerivedData/HearifyV1-ftljoypfezvlxcgouzbpmsmxzads/Build/Intermediates.noindex/GeneratedModuleMaps-iphoneos/FirebaseCore.modulemap -Xcc -fmodule-map-file\=/Users/Veer/Library/Developer/Xcode/DerivedData/HearifyV1-ftljoypfezvlxcgouzbpmsmxzads/Build/Intermediates.noindex/GeneratedModuleMaps-iphoneos/FirebaseAuthInternal.modulemap -Xcc -fmodule-map-file\=/Users/Veer/Library/Developer/Xcode/DerivedData/HearifyV1-ftljoypfezvlxcgouzbpmsmxzads/Build/Intermediates.noindex/GeneratedModuleMaps-iphoneos/FirebaseAuthInterop.modulemap -Xcc -fmodule-map-file\=/Users/Veer/Library/Developer/Xcode/DerivedData/HearifyV1-ftljoypfezvlxcgouzbpmsmxzads/Build/Intermediates.noindex/GeneratedModuleMaps-iphoneos/FirebaseAppCheckInterop.modulemap -DXcode -plugin-path /Applications/Xcode.app/Contents/Developer/Toolchains/XcodeDefault.xctoolchain/usr/lib/swift/host/plugins/testing -enable-experimental-feature DebugDescriptionMacro -sdk /Applications/Xcode.app/Contents/Developer/Platforms/iPhoneOS.platform/Developer/SDKs/iPhoneOS26.2.sdk -target arm64-apple-ios15.0 -g -module-cache-path /Users/Veer/Library/Developer/Xcode/DerivedData/ModuleCache.noindex -Xfrontend -serialize-debugging-options -profile-coverage-mapping -profile-generate -enable-testing -suppress-warnings -index-store-path /Users/Veer/Library/Developer/Xcode/DerivedData/HearifyV1-ftljoypfezvlxcgouzbpmsmxzads/Index.noindex/DataStore -Xcc -D_LIBCPP_HARDENING_MODE\=_LIBCPP_HARDENING_MODE_DEBUG -swift-version 5 -I /Users/Veer/Library/Developer/Xcode/DerivedData/HearifyV1-ftljoypfezvlxcgouzbpmsmxzads/Build/Products/Debug-iphoneos -Isystem /Applications/Xcode.app/Contents/Developer/Platforms/iPhoneOS.platform/Developer/usr/lib -F /Users/Veer/Library/Developer/Xcode/DerivedData/HearifyV1-ftljoypfezvlxcgouzbpmsmxzads/Build/Products/Debug-iphoneos/PackageFrameworks -F /Users/Veer/Library/Developer/Xcode/DerivedData/HearifyV1-ftljoypfezvlxcgouzbpmsmxzads/Build/Products/Debug-iphoneos/PackageFrameworks -F /Users/Veer/Library/Developer/Xcode/DerivedData/HearifyV1-ftljoypfezvlxcgouzbpmsmxzads/Build/Products/Debug-iphoneos/PackageFrameworks -F /Users/Veer/Library/Developer/Xcode/DerivedData/HearifyV1-ftljoypfezvlxcgouzbpmsmxzads/Build/Products/Debug-iphoneos/PackageFrameworks -F /Users/Veer/Library/Developer/Xcode/DerivedData/HearifyV1-ftljoypfezvlxcgouzbpmsmxzads/Build/Products/Debug-iphoneos/PackageFrameworks -F /Users/Veer/Library/Developer/Xcode/DerivedData/HearifyV1-ftljoypfezvlxcgouzbpmsmxzads/Build/Products/Debug-iphoneos/PackageFrameworks -F /Users/Veer/Library/Developer/Xcode/DerivedData/HearifyV1-ftljoypfezvlxcgouzbpmsmxzads/Build/Products/Debug-iphoneos/PackageFrameworks -F /Users/Veer/Library/Developer/Xcode/DerivedData/HearifyV1-ftljoypfezvlxcgouzbpmsmxzads/Build/Products/Debug-iphoneos/PackageFrameworks -F /Users/Veer/Library/Developer/Xcode/DerivedData/HearifyV1-ftljoypfezvlxcgouzbpmsmxzads/Build/Products/Debug-iphoneos/PackageFrameworks -F /Users/Veer/Library/Developer/Xcode/DerivedData/HearifyV1-ftljoypfezvlxcgouzbpmsmxzads/Build/Products/Debug-iphoneos/PackageFrameworks -F /Users/Veer/Library/Developer/Xcode/DerivedData/HearifyV1-ftljoypfezvlxcgouzbpmsmxzads/Build/Products/Debug-iphoneos/PackageFrameworks -F /Users/Veer/Library/Developer/Xcode/DerivedData/HearifyV1-ftljoypfezvlxcgouzbpmsmxzads/Build/Products/Debug-iphoneos/PackageFrameworks -F /Users/Veer/Library/Developer/Xcode/DerivedData/HearifyV1-ftljoypfezvlxcgouzbpmsmxzads/Build/Products/Debug-iphoneos/PackageFrameworks -F /Users/Veer/Library/Developer/Xcode/DerivedData/HearifyV1-ftljoypfezvlxcgouzbpmsmxzads/Build/Products/Debug-iphoneos/PackageFrameworks -F /Users/Veer/Library/Developer/Xcode/DerivedData/HearifyV1-ftljoypfezvlxcgouzbpmsmxzads/Build/Products/Debug-iphoneos/PackageFrameworks -F /Users/Veer/Library/Developer/Xcode/DerivedData/HearifyV1-ftljoypfezvlxcgouzbpmsmxzads/Build/Products/Debug-iphoneos/PackageFrameworks -F /Users/Veer/Library/Developer/Xcode/DerivedData/HearifyV1-ftljoypfezvlxcgouzbpmsmxzads/Build/Products/Debug-iphoneos -F /Applications/Xcode.app/Contents/Developer/Platforms/iPhoneOS.platform/Developer/Library/Frameworks -F /Applications/Xcode.app/Contents/Developer/Platforms/iPhoneOS.platform/Developer/SDKs/iPhoneOS26.2.sdk/Developer/Library/Frameworks -c -j10 -enable-batch-mode -incremental -Xcc -ivfsstatcache -Xcc /Users/Veer/Library/Developer/Xcode/DerivedData/SDKStatCaches.noindex/iphoneos26.2-23C53-3794476bd08197c3e2abd9bb477ef7f7.sdkstatcache -output-file-map /Users/Veer/Library/Developer/Xcode/DerivedData/HearifyV1-ftljoypfezvlxcgouzbpmsmxzads/Build/Intermediates.noindex/Firebase.build/Debug-iphoneos/FirebaseAuth.build/Objects-normal/arm64/FirebaseAuth-OutputFileMap.json -use-frontend-parseable-output -save-temps -no-color-diagnostics -explicit-module-build -module-cache-path /Users/Veer/Library/Developer/Xcode/DerivedData/HearifyV1-ftljoypfezvlxcgouzbpmsmxzads/Build/Intermediates.noindex/SwiftExplicitPrecompiledModules -clang-scanner-module-cache-path /Users/Veer/Library/Developer/Xcode/DerivedData/ModuleCache.noindex -sdk-module-cache-path /Users/Veer/Library/Developer/Xcode/DerivedData/ModuleCache.noindex -serialize-diagnostics -emit-dependencies -emit-module -emit-module-path /Users/Veer/Library/Developer/Xcode/DerivedData/HearifyV1-ftljoypfezvlxcgouzbpmsmxzads/Build/Intermediates.noindex/Firebase.build/Debug-iphoneos/FirebaseAuth.build/Objects-normal/arm64/FirebaseAuth.swiftmodule -user-module-version 12.8.0 -validate-clang-modules-once -clang-build-session-file /Users/Veer/Library/Developer/Xcode/DerivedData/ModuleCache.noindex/Session.modulevalidation -package-name firebase_ios_sdk -Xcc -I/Users/Veer/Library/Developer/Xcode/DerivedData/HearifyV1-ftljoypfezvlxcgouzbpmsmxzads/Build/Intermediates.noindex/Firebase.build/Debug-iphoneos/FirebaseAuth.build/swift-overrides.hmap -emit-const-values -Xfrontend -const-gather-protocols-file -Xfrontend /Users/Veer/Library/Developer/Xcode/DerivedData/HearifyV1-ftljoypfezvlxcgouzbpmsmxzads/Build/Intermediates.noindex/Firebase.build/Debug-iphoneos/FirebaseAuth.build/Objects-normal/arm64/FirebaseAuth_const_extract_protocols.json -Xcc -I/Users/Veer/Library/Developer/Xcode/DerivedData/HearifyV1-ftljoypfezvlxcgouzbpmsmxzads/SourcePackages/checkouts/interop-ios-for-google-sdks/RecaptchaEnterprise/RecaptchaInterop/Public -Xcc -I/Users/Veer/Library/Developer/Xcode/DerivedData/HearifyV1-ftljoypfezvlxcgouzbpmsmxzads/SourcePackages/checkouts/GoogleUtilities/GoogleUtilities/Network/Public -Xcc -I/Users/Veer/Library/Developer/Xcode/DerivedData/HearifyV1-ftljoypfezvlxcgouzbpmsmxzads/SourcePackages/checkouts/GoogleUtilities/GoogleUtilities/Reachability/Public -Xcc -I/Users/Veer/Library/Developer/Xcode/DerivedData/HearifyV1-ftljoypfezvlxcgouzbpmsmxzads/SourcePackages/checkouts/GoogleUtilities/GoogleUtilities/NSData+zlib/Public -Xcc -I/Users/Veer/Library/Developer/Xcode/DerivedData/HearifyV1-ftljoypfezvlxcgouzbpmsmxzads/SourcePackages/checkouts/GoogleUtilities/GoogleUtilities/Logger/Public -Xcc -I/Users/Veer/Library/Developer/Xcode/DerivedData/HearifyV1-ftljoypfezvlxcgouzbpmsmxzads/SourcePackages/checkouts/GoogleUtilities/GoogleUtilities/Environment/Public -Xcc -I/Users/Veer/Library/Developer/Xcode/DerivedData/HearifyV1-ftljoypfezvlxcgouzbpmsmxzads/SourcePackages/checkouts/GoogleUtilities/third_party/IsAppEncrypted/Public -Xcc -I/Users/Veer/Library/Developer/Xcode/DerivedData/HearifyV1-ftljoypfezvlxcgouzbpmsmxzads/SourcePackages/checkouts/GoogleUtilities/GoogleUtilities/AppDelegateSwizzler/Public -Xcc -I/Users/Veer/Library/Developer/Xcode/DerivedData/HearifyV1-ftljoypfezvlxcgouzbpmsmxzads/SourcePackages/checkouts/gtm-session-fetcher/Sources/Core/Public -Xcc -I/Users/Veer/Library/Developer/Xcode/DerivedData/HearifyV1-ftljoypfezvlxcgouzbpmsmxzads/SourcePackages/checkouts/firebase-ios-sdk/FirebaseCore/Extension -Xcc -I/Users/Veer/Library/Developer/Xcode/DerivedData/HearifyV1-ftljoypfezvlxcgouzbpmsmxzads/SourcePackages/checkouts/firebase-ios-sdk/FirebaseCore/Sources/Public -Xcc -I/Users/Veer/Library/Developer/Xcode/DerivedData/HearifyV1-ftljoypfezvlxcgouzbpmsmxzads/SourcePackages/checkouts/firebase-ios-sdk/CoreOnly/Sources -Xcc -I/Users/Veer/Library/Developer/Xcode/DerivedData/HearifyV1-ftljoypfezvlxcgouzbpmsmxzads/SourcePackages/checkouts/firebase-ios-sdk/FirebaseAuth/Sources/Public -Xcc -I/Users/Veer/Library/Developer/Xcode/DerivedData/HearifyV1-ftljoypfezvlxcgouzbpmsmxzads/SourcePackages/checkouts/firebase-ios-sdk/FirebaseAuth/Interop/Public -Xcc -I/Users/Veer/Library/Developer/Xcode/DerivedData/HearifyV1-ftljoypfezvlxcgouzbpmsmxzads/SourcePackages/checkouts/firebase-ios-sdk/FirebaseAppCheck/Interop/Public -Xcc -I/Users/Veer/Library/Developer/Xcode/DerivedData/HearifyV1-ftljoypfezvlxcgouzbpmsmxzads/Build/Products/Debug-iphoneos/include -Xcc -I/Users/Veer/Library/Developer/Xcode/DerivedData/HearifyV1-ftljoypfezvlxcgouzbpmsmxzads/Build/Intermediates.noindex/Firebase.build/Debug-iphoneos/FirebaseAuth.build/DerivedSources-normal/arm64 -Xcc -I/Users/Veer/Library/Developer/Xcode/DerivedData/HearifyV1-ftljoypfezvlxcgouzbpmsmxzads/Build/Intermediates.noindex/Firebase.build/Debug-iphoneos/FirebaseAuth.build/DerivedSources/arm64 -Xcc -I/Users/Veer/Library/Developer/Xcode/DerivedData/HearifyV1-ftljoypfezvlxcgouzbpmsmxzads/Build/Intermediates.noindex/Firebase.build/Debug-iphoneos/FirebaseAuth.build/DerivedSources -Xcc -DSWIFT_PACKAGE -Xcc -DDEBUG\=1 -emit-objc-header -emit-objc-header-path /Users/Veer/Library/Developer/Xcode/DerivedData/HearifyV1-ftljoypfezvlxcgouzbpmsmxzads/Build/Intermediates.noindex/Firebase.build/Debug-iphoneos/FirebaseAuth.build/Objects-normal/arm64/FirebaseAuth-Swift.h -working-directory /Users/Veer/Library/Mobile\ Documents/com\~apple\~CloudDocs/HearifyV1/HearifyV1.xcodeproj -experimental-emit-module-separately -disable-cmo

ProcessProductPackaging /Users/Veer/Library/Mobile\ Documents/com~apple~CloudDocs/HearifyV1/HearifyV1/HearifyV1.entitlements /Users/Veer/Library/Developer/Xcode/DerivedData/HearifyV1-ftljoypfezvlxcgouzbpmsmxzads/Build/Intermediates.noindex/HearifyV1.build/Debug-iphoneos/HearifyV1.build/HearifyV1.app.xcent (in target 'HearifyV1' from project 'HearifyV1')
    cd /Users/Veer/Library/Mobile\ Documents/com\~apple\~CloudDocs/HearifyV1
    
    Entitlements:
    
    {
    "application-identifier" = "H79TUQ5672.VeerChopra.HearifyV1";
    "com.apple.developer.icloud-container-environment" = Production;
    "com.apple.developer.icloud-container-identifiers" =     (
        "iCloud.VeerChopra.HearifyV1"
    );
    "com.apple.developer.icloud-services" =     (
        CloudKit
    );
    "com.apple.developer.team-identifier" = H79TUQ5672;
    "com.apple.developer.ubiquity-container-identifiers" =     (
        "iCloud.VeerChopra.HearifyV1"
    );
    "get-task-allow" = 1;
}
    
    builtin-productPackagingUtility /Users/Veer/Library/Mobile\ Documents/com\~apple\~CloudDocs/HearifyV1/HearifyV1/HearifyV1.entitlements -entitlements -format xml -o /Users/Veer/Library/Developer/Xcode/DerivedData/HearifyV1-ftljoypfezvlxcgouzbpmsmxzads/Build/Intermediates.noindex/HearifyV1.build/Debug-iphoneos/HearifyV1.build/HearifyV1.app.xcent

ProcessInfoPlistFile /Users/Veer/Library/Developer/Xcode/DerivedData/HearifyV1-ftljoypfezvlxcgouzbpmsmxzads/Build/Products/Debug-iphoneos/GoogleUtilities_GoogleUtilities-Network.bundle/Info.plist /Users/Veer/Library/Developer/Xcode/DerivedData/HearifyV1-ftljoypfezvlxcgouzbpmsmxzads/Build/Intermediates.noindex/GoogleUtilities.build/Debug-iphoneos/GoogleUtilities_GoogleUtilities-Network.build/empty-GoogleUtilities_GoogleUtilities-Network.plist (in target 'GoogleUtilities_GoogleUtilities-Network' from project 'GoogleUtilities')
    cd /Users/Veer/Library/Developer/Xcode/DerivedData/HearifyV1-ftljoypfezvlxcgouzbpmsmxzads/SourcePackages/checkouts/GoogleUtilities
    builtin-infoPlistUtility /Users/Veer/Library/Developer/Xcode/DerivedData/HearifyV1-ftljoypfezvlxcgouzbpmsmxzads/Build/Intermediates.noindex/GoogleUtilities.build/Debug-iphoneos/GoogleUtilities_GoogleUtilities-Network.build/empty-GoogleUtilities_GoogleUtilities-Network.plist -producttype com.apple.product-type.bundle -expandbuildsettings -format binary -platform iphoneos -requiredArchitecture arm64 -o /Users/Veer/Library/Developer/Xcode/DerivedData/HearifyV1-ftljoypfezvlxcgouzbpmsmxzads/Build/Products/Debug-iphoneos/GoogleUtilities_GoogleUtilities-Network.bundle/Info.plist

ProcessInfoPlistFile /Users/Veer/Library/Developer/Xcode/DerivedData/HearifyV1-ftljoypfezvlxcgouzbpmsmxzads/Build/Products/Debug-iphoneos/GoogleUtilities_GoogleUtilities-Reachability.bundle/Info.plist /Users/Veer/Library/Developer/Xcode/DerivedData/HearifyV1-ftljoypfezvlxcgouzbpmsmxzads/Build/Intermediates.noindex/GoogleUtilities.build/Debug-iphoneos/GoogleUtilities_GoogleUtilities-Reachability.build/empty-GoogleUtilities_GoogleUtilities-Reachability.plist (in target 'GoogleUtilities_GoogleUtilities-Reachability' from project 'GoogleUtilities')
    cd /Users/Veer/Library/Developer/Xcode/DerivedData/HearifyV1-ftljoypfezvlxcgouzbpmsmxzads/SourcePackages/checkouts/GoogleUtilities
    builtin-infoPlistUtility /Users/Veer/Library/Developer/Xcode/DerivedData/HearifyV1-ftljoypfezvlxcgouzbpmsmxzads/Build/Intermediates.noindex/GoogleUtilities.build/Debug-iphoneos/GoogleUtilities_GoogleUtilities-Reachability.build/empty-GoogleUtilities_GoogleUtilities-Reachability.plist -producttype com.apple.product-type.bundle -expandbuildsettings -format binary -platform iphoneos -requiredArchitecture arm64 -o /Users/Veer/Library/Developer/Xcode/DerivedData/HearifyV1-ftljoypfezvlxcgouzbpmsmxzads/Build/Products/Debug-iphoneos/GoogleUtilities_GoogleUtilities-Reachability.bundle/Info.plist

ExtractAppIntentsMetadata (in target 'FirebaseFirestore' from project 'Firebase')
    cd /Users/Veer/Library/Developer/Xcode/DerivedData/HearifyV1-ftljoypfezvlxcgouzbpmsmxzads/SourcePackages/checkouts/firebase-ios-sdk
    /Applications/Xcode.app/Contents/Developer/Toolchains/XcodeDefault.xctoolchain/usr/bin/appintentsmetadataprocessor --toolchain-dir /Applications/Xcode.app/Contents/Developer/Toolchains/XcodeDefault.xctoolchain --module-name FirebaseFirestore --sdk-root /Applications/Xcode.app/Contents/Developer/Platforms/iPhoneOS.platform/Developer/SDKs/iPhoneOS26.2.sdk --xcode-version 17C52 --platform-family iOS --deployment-target 15.0 --bundle-identifier firebase-ios-sdk.FirebaseFirestore --output /Users/Veer/Library/Developer/Xcode/DerivedData/HearifyV1-ftljoypfezvlxcgouzbpmsmxzads/Build/Products/Debug-iphoneos/FirebaseFirestore.appintents --target-triple arm64-apple-ios15.0 --binary-file /Users/Veer/Library/Developer/Xcode/DerivedData/HearifyV1-ftljoypfezvlxcgouzbpmsmxzads/Build/Products/Debug-iphoneos/FirebaseFirestore.o --dependency-file /Users/Veer/Library/Developer/Xcode/DerivedData/HearifyV1-ftljoypfezvlxcgouzbpmsmxzads/Build/Intermediates.noindex/Firebase.build/Debug-iphoneos/FirebaseFirestore.build/Objects-normal/arm64/FirebaseFirestore_dependency_info.dat --stringsdata-file /Users/Veer/Library/Developer/Xcode/DerivedData/HearifyV1-ftljoypfezvlxcgouzbpmsmxzads/Build/Intermediates.noindex/Firebase.build/Debug-iphoneos/FirebaseFirestore.build/Objects-normal/arm64/ExtractedAppShortcutsMetadata.stringsdata --source-file-list /Users/Veer/Library/Developer/Xcode/DerivedData/HearifyV1-ftljoypfezvlxcgouzbpmsmxzads/Build/Intermediates.noindex/Firebase.build/Debug-iphoneos/FirebaseFirestore.build/Objects-normal/arm64/FirebaseFirestore.SwiftFileList --metadata-file-list /Users/Veer/Library/Developer/Xcode/DerivedData/HearifyV1-ftljoypfezvlxcgouzbpmsmxzads/Build/Intermediates.noindex/Firebase.build/Debug-iphoneos/FirebaseFirestore.build/FirebaseFirestore.DependencyMetadataFileList --static-metadata-file-list /Users/Veer/Library/Developer/Xcode/DerivedData/HearifyV1-ftljoypfezvlxcgouzbpmsmxzads/Build/Intermediates.noindex/Firebase.build/Debug-iphoneos/FirebaseFirestore.build/FirebaseFirestore.DependencyStaticMetadataFileList --swift-const-vals-list /Users/Veer/Library/Developer/Xcode/DerivedData/HearifyV1-ftljoypfezvlxcgouzbpmsmxzads/Build/Intermediates.noindex/Firebase.build/Debug-iphoneos/FirebaseFirestore.build/Objects-normal/arm64/FirebaseFirestore.SwiftConstValuesFileList --force --compile-time-extraction --deployment-aware-processing --validate-assistant-intents --no-app-shortcuts-localization
2026-02-02 01:07:42.640 appintentsmetadataprocessor[55745:9881279] Starting appintentsmetadataprocessor export
2026-02-02 01:07:43.600 appintentsmetadataprocessor[55745:9881279] Extracted no relevant App Intents symbols, skipping writing output

ProcessProductPackagingDER /Users/Veer/Library/Developer/Xcode/DerivedData/HearifyV1-ftljoypfezvlxcgouzbpmsmxzads/Build/Intermediates.noindex/HearifyV1.build/Debug-iphoneos/HearifyV1.build/HearifyV1.app.xcent /Users/Veer/Library/Developer/Xcode/DerivedData/HearifyV1-ftljoypfezvlxcgouzbpmsmxzads/Build/Intermediates.noindex/HearifyV1.build/Debug-iphoneos/HearifyV1.build/HearifyV1.app.xcent.der (in target 'HearifyV1' from project 'HearifyV1')
    cd /Users/Veer/Library/Mobile\ Documents/com\~apple\~CloudDocs/HearifyV1
    /usr/bin/derq query -f xml -i /Users/Veer/Library/Developer/Xcode/DerivedData/HearifyV1-ftljoypfezvlxcgouzbpmsmxzads/Build/Intermediates.noindex/HearifyV1.build/Debug-iphoneos/HearifyV1.build/HearifyV1.app.xcent -o /Users/Veer/Library/Developer/Xcode/DerivedData/HearifyV1-ftljoypfezvlxcgouzbpmsmxzads/Build/Intermediates.noindex/HearifyV1.build/Debug-iphoneos/HearifyV1.build/HearifyV1.app.xcent.der --raw

SwiftDriver HearifyV1 normal arm64 com.apple.xcode.tools.swift.compiler (in target 'HearifyV1' from project 'HearifyV1')
    cd /Users/Veer/Library/Mobile\ Documents/com\~apple\~CloudDocs/HearifyV1
    builtin-SwiftDriver -- /Applications/Xcode.app/Contents/Developer/Toolchains/XcodeDefault.xctoolchain/usr/bin/swiftc -module-name HearifyV1 -Onone -enforce-exclusivity\=checked @/Users/Veer/Library/Developer/Xcode/DerivedData/HearifyV1-ftljoypfezvlxcgouzbpmsmxzads/Build/Intermediates.noindex/HearifyV1.build/Debug-iphoneos/HearifyV1.build/Objects-normal/arm64/HearifyV1.SwiftFileList -DDEBUG -Xcc -fmodule-map-file\=/Users/Veer/Library/Developer/Xcode/DerivedData/HearifyV1-ftljoypfezvlxcgouzbpmsmxzads/Build/Intermediates.noindex/GeneratedModuleMaps-iphoneos/RecaptchaInterop.modulemap -Xcc -fmodule-map-file\=/Users/Veer/Library/Developer/Xcode/DerivedData/HearifyV1-ftljoypfezvlxcgouzbpmsmxzads/Build/Intermediates.noindex/GeneratedModuleMaps-iphoneos/GoogleUtilities-Network.modulemap -Xcc -fmodule-map-file\=/Users/Veer/Library/Developer/Xcode/DerivedData/HearifyV1-ftljoypfezvlxcgouzbpmsmxzads/Build/Intermediates.noindex/GeneratedModuleMaps-iphoneos/GoogleUtilities-Reachability.modulemap -Xcc -fmodule-map-file\=/Users/Veer/Library/Developer/Xcode/DerivedData/HearifyV1-ftljoypfezvlxcgouzbpmsmxzads/Build/Intermediates.noindex/GeneratedModuleMaps-iphoneos/GoogleUtilities-AppDelegateSwizzler.modulemap -Xcc -fmodule-map-file\=/Users/Veer/Library/Developer/Xcode/DerivedData/HearifyV1-ftljoypfezvlxcgouzbpmsmxzads/Build/Intermediates.noindex/GeneratedModuleMaps-iphoneos/GTMSessionFetcherCore.modulemap -Xcc -fmodule-map-file\=/Users/Veer/Library/Developer/Xcode/DerivedData/HearifyV1-ftljoypfezvlxcgouzbpmsmxzads/Build/Intermediates.noindex/GeneratedModuleMaps-iphoneos/FirebaseAuthInternal.modulemap -Xcc -fmodule-map-file\=/Users/Veer/Library/Developer/Xcode/DerivedData/HearifyV1-ftljoypfezvlxcgouzbpmsmxzads/Build/Intermediates.noindex/GeneratedModuleMaps-iphoneos/FirebaseAuthInterop.modulemap -Xcc -fmodule-map-file\=/Users/Veer/Library/Developer/Xcode/DerivedData/HearifyV1-ftljoypfezvlxcgouzbpmsmxzads/Build/Intermediates.noindex/GeneratedModuleMaps-iphoneos/GoogleUtilities-NSData.modulemap -Xcc -fmodule-map-file\=/Users/Veer/Library/Developer/Xcode/DerivedData/HearifyV1-ftljoypfezvlxcgouzbpmsmxzads/Build/Intermediates.noindex/GeneratedModuleMaps-iphoneos/GoogleUtilities-Environment.modulemap -Xcc -fmodule-map-file\=/Users/Veer/Library/Developer/Xcode/DerivedData/HearifyV1-ftljoypfezvlxcgouzbpmsmxzads/Build/Intermediates.noindex/GeneratedModuleMaps-iphoneos/third-party-IsAppEncrypted.modulemap -Xcc -fmodule-map-file\=/Users/Veer/Library/Developer/Xcode/DerivedData/HearifyV1-ftljoypfezvlxcgouzbpmsmxzads/Build/Intermediates.noindex/GeneratedModuleMaps-iphoneos/GoogleUtilities-Logger.modulemap -Xcc -fmodule-map-file\=/Users/Veer/Library/Developer/Xcode/DerivedData/HearifyV1-ftljoypfezvlxcgouzbpmsmxzads/Build/Intermediates.noindex/GeneratedModuleMaps-iphoneos/abslWrapper.modulemap -Xcc -fmodule-map-file\=/Users/Veer/Library/Developer/Xcode/DerivedData/HearifyV1-ftljoypfezvlxcgouzbpmsmxzads/Build/Intermediates.noindex/GeneratedModuleMaps-iphoneos/opensslWrapper.modulemap -Xcc -fmodule-map-file\=/Users/Veer/Library/Developer/Xcode/DerivedData/HearifyV1-ftljoypfezvlxcgouzbpmsmxzads/Build/Intermediates.noindex/GeneratedModuleMaps-iphoneos/grpcWrapper.modulemap -Xcc -fmodule-map-file\=/Users/Veer/Library/Developer/Xcode/DerivedData/HearifyV1-ftljoypfezvlxcgouzbpmsmxzads/Build/Intermediates.noindex/GeneratedModuleMaps-iphoneos/grpcppWrapper.modulemap -Xcc -fmodule-map-file\=/Users/Veer/Library/Developer/Xcode/DerivedData/HearifyV1-ftljoypfezvlxcgouzbpmsmxzads/Build/Intermediates.noindex/GeneratedModuleMaps-iphoneos/nanopb.modulemap -Xcc -fmodule-map-file\=/Users/Veer/Library/Developer/Xcode/DerivedData/HearifyV1-ftljoypfezvlxcgouzbpmsmxzads/Build/Intermediates.noindex/GeneratedModuleMaps-iphoneos/leveldb.modulemap -Xcc -fmodule-map-file\=/Users/Veer/Library/Developer/Xcode/DerivedData/HearifyV1-ftljoypfezvlxcgouzbpmsmxzads/Build/Intermediates.noindex/GeneratedModuleMaps-iphoneos/FirebaseCoreExtension.modulemap -Xcc -fmodule-map-file\=/Users/Veer/Library/Developer/Xcode/DerivedData/HearifyV1-ftljoypfezvlxcgouzbpmsmxzads/Build/Intermediates.noindex/GeneratedModuleMaps-iphoneos/FirebaseCore.modulemap -Xcc -fmodule-map-file\=/Users/Veer/Library/Developer/Xcode/DerivedData/HearifyV1-ftljoypfezvlxcgouzbpmsmxzads/Build/Intermediates.noindex/GeneratedModuleMaps-iphoneos/FirebaseAppCheckInterop.modulemap -Xcc -fmodule-map-file\=/Users/Veer/Library/Developer/Xcode/DerivedData/HearifyV1-ftljoypfezvlxcgouzbpmsmxzads/Build/Intermediates.noindex/GeneratedModuleMaps-iphoneos/FirebaseFirestoreInternalWrapper.modulemap -Xcc -fmodule-map-file\=/Users/Veer/Library/Developer/Xcode/DerivedData/HearifyV1-ftljoypfezvlxcgouzbpmsmxzads/Build/Intermediates.noindex/GeneratedModuleMaps-iphoneos/FirebaseFirestoreTarget.modulemap -enable-bare-slash-regex -enable-experimental-feature DebugDescriptionMacro -sdk /Applications/Xcode.app/Contents/Developer/Platforms/iPhoneOS.platform/Developer/SDKs/iPhoneOS26.2.sdk -target arm64-apple-ios16.6 -g -module-cache-path /Users/Veer/Library/Developer/Xcode/DerivedData/ModuleCache.noindex -Xfrontend -serialize-debugging-options -profile-coverage-mapping -profile-generate -enable-testing -index-store-path /Users/Veer/Library/Developer/Xcode/DerivedData/HearifyV1-ftljoypfezvlxcgouzbpmsmxzads/Index.noindex/DataStore -Xcc -D_LIBCPP_HARDENING_MODE\=_LIBCPP_HARDENING_MODE_DEBUG -swift-version 5 -I /Users/Veer/Library/Developer/Xcode/DerivedData/HearifyV1-ftljoypfezvlxcgouzbpmsmxzads/Build/Products/Debug-iphoneos -F /Users/Veer/Library/Developer/Xcode/DerivedData/HearifyV1-ftljoypfezvlxcgouzbpmsmxzads/Build/Products/Debug-iphoneos/PackageFrameworks -F /Users/Veer/Library/Developer/Xcode/DerivedData/HearifyV1-ftljoypfezvlxcgouzbpmsmxzads/Build/Products/Debug-iphoneos/PackageFrameworks -F /Users/Veer/Library/Developer/Xcode/DerivedData/HearifyV1-ftljoypfezvlxcgouzbpmsmxzads/Build/Products/Debug-iphoneos/PackageFrameworks -F /Users/Veer/Library/Developer/Xcode/DerivedData/HearifyV1-ftljoypfezvlxcgouzbpmsmxzads/Build/Products/Debug-iphoneos/PackageFrameworks -F /Users/Veer/Library/Developer/Xcode/DerivedData/HearifyV1-ftljoypfezvlxcgouzbpmsmxzads/Build/Products/Debug-iphoneos/PackageFrameworks -F /Users/Veer/Library/Developer/Xcode/DerivedData/HearifyV1-ftljoypfezvlxcgouzbpmsmxzads/Build/Products/Debug-iphoneos/PackageFrameworks -F /Users/Veer/Library/Developer/Xcode/DerivedData/HearifyV1-ftljoypfezvlxcgouzbpmsmxzads/Build/Products/Debug-iphoneos/PackageFrameworks -F /Users/Veer/Library/Developer/Xcode/DerivedData/HearifyV1-ftljoypfezvlxcgouzbpmsmxzads/Build/Products/Debug-iphoneos/PackageFrameworks -F /Users/Veer/Library/Developer/Xcode/DerivedData/HearifyV1-ftljoypfezvlxcgouzbpmsmxzads/Build/Products/Debug-iphoneos/PackageFrameworks -F /Users/Veer/Library/Developer/Xcode/DerivedData/HearifyV1-ftljoypfezvlxcgouzbpmsmxzads/Build/Products/Debug-iphoneos/PackageFrameworks -F /Users/Veer/Library/Developer/Xcode/DerivedData/HearifyV1-ftljoypfezvlxcgouzbpmsmxzads/Build/Products/Debug-iphoneos/PackageFrameworks -F /Users/Veer/Library/Developer/Xcode/DerivedData/HearifyV1-ftljoypfezvlxcgouzbpmsmxzads/Build/Products/Debug-iphoneos/PackageFrameworks -F /Users/Veer/Library/Developer/Xcode/DerivedData/HearifyV1-ftljoypfezvlxcgouzbpmsmxzads/Build/Products/Debug-iphoneos/PackageFrameworks -F /Users/Veer/Library/Developer/Xcode/DerivedData/HearifyV1-ftljoypfezvlxcgouzbpmsmxzads/Build/Products/Debug-iphoneos/PackageFrameworks -F /Users/Veer/Library/Developer/Xcode/DerivedData/HearifyV1-ftljoypfezvlxcgouzbpmsmxzads/Build/Products/Debug-iphoneos/PackageFrameworks -F /Users/Veer/Library/Developer/Xcode/DerivedData/HearifyV1-ftljoypfezvlxcgouzbpmsmxzads/Build/Products/Debug-iphoneos/PackageFrameworks -F /Users/Veer/Library/Developer/Xcode/DerivedData/HearifyV1-ftljoypfezvlxcgouzbpmsmxzads/Build/Products/Debug-iphoneos/PackageFrameworks -F /Users/Veer/Library/Developer/Xcode/DerivedData/HearifyV1-ftljoypfezvlxcgouzbpmsmxzads/Build/Products/Debug-iphoneos/PackageFrameworks -F /Users/Veer/Library/Developer/Xcode/DerivedData/HearifyV1-ftljoypfezvlxcgouzbpmsmxzads/Build/Products/Debug-iphoneos/PackageFrameworks -F /Users/Veer/Library/Developer/Xcode/DerivedData/HearifyV1-ftljoypfezvlxcgouzbpmsmxzads/Build/Products/Debug-iphoneos/PackageFrameworks -F /Users/Veer/Library/Developer/Xcode/DerivedData/HearifyV1-ftljoypfezvlxcgouzbpmsmxzads/Build/Products/Debug-iphoneos/PackageFrameworks -F /Users/Veer/Library/Developer/Xcode/DerivedData/HearifyV1-ftljoypfezvlxcgouzbpmsmxzads/Build/Products/Debug-iphoneos/PackageFrameworks -F /Users/Veer/Library/Developer/Xcode/DerivedData/HearifyV1-ftljoypfezvlxcgouzbpmsmxzads/Build/Products/Debug-iphoneos/PackageFrameworks -F /Users/Veer/Library/Developer/Xcode/DerivedData/HearifyV1-ftljoypfezvlxcgouzbpmsmxzads/Build/Products/Debug-iphoneos/PackageFrameworks -F /Users/Veer/Library/Developer/Xcode/DerivedData/HearifyV1-ftljoypfezvlxcgouzbpmsmxzads/Build/Products/Debug-iphoneos/PackageFrameworks -F /Users/Veer/Library/Developer/Xcode/DerivedData/HearifyV1-ftljoypfezvlxcgouzbpmsmxzads/Build/Products/Debug-iphoneos/PackageFrameworks -F /Users/Veer/Library/Developer/Xcode/DerivedData/HearifyV1-ftljoypfezvlxcgouzbpmsmxzads/Build/Products/Debug-iphoneos/PackageFrameworks -F /Users/Veer/Library/Developer/Xcode/DerivedData/HearifyV1-ftljoypfezvlxcgouzbpmsmxzads/Build/Products/Debug-iphoneos/PackageFrameworks -F /Users/Veer/Library/Developer/Xcode/DerivedData/HearifyV1-ftljoypfezvlxcgouzbpmsmxzads/Build/Products/Debug-iphoneos -emit-localized-strings -emit-localized-strings-path /Users/Veer/Library/Developer/Xcode/DerivedData/HearifyV1-ftljoypfezvlxcgouzbpmsmxzads/Build/Intermediates.noindex/HearifyV1.build/Debug-iphoneos/HearifyV1.build/Objects-normal/arm64 -c -j10 -enable-batch-mode -incremental -Xcc -ivfsstatcache -Xcc /Users/Veer/Library/Developer/Xcode/DerivedData/SDKStatCaches.noindex/iphoneos26.2-23C53-3794476bd08197c3e2abd9bb477ef7f7.sdkstatcache -output-file-map /Users/Veer/Library/Developer/Xcode/DerivedData/HearifyV1-ftljoypfezvlxcgouzbpmsmxzads/Build/Intermediates.noindex/HearifyV1.build/Debug-iphoneos/HearifyV1.build/Objects-normal/arm64/HearifyV1-OutputFileMap.json -use-frontend-parseable-output -save-temps -no-color-diagnostics -explicit-module-build -module-cache-path /Users/Veer/Library/Developer/Xcode/DerivedData/HearifyV1-ftljoypfezvlxcgouzbpmsmxzads/Build/Intermediates.noindex/SwiftExplicitPrecompiledModules -clang-scanner-module-cache-path /Users/Veer/Library/Developer/Xcode/DerivedData/ModuleCache.noindex -sdk-module-cache-path /Users/Veer/Library/Developer/Xcode/DerivedData/ModuleCache.noindex -serialize-diagnostics -emit-dependencies -emit-module -emit-module-path /Users/Veer/Library/Developer/Xcode/DerivedData/HearifyV1-ftljoypfezvlxcgouzbpmsmxzads/Build/Intermediates.noindex/HearifyV1.build/Debug-iphoneos/HearifyV1.build/Objects-normal/arm64/HearifyV1.swiftmodule -validate-clang-modules-once -clang-build-session-file /Users/Veer/Library/Developer/Xcode/DerivedData/ModuleCache.noindex/Session.modulevalidation -Xcc -I/Users/Veer/Library/Developer/Xcode/DerivedData/HearifyV1-ftljoypfezvlxcgouzbpmsmxzads/Build/Intermediates.noindex/HearifyV1.build/Debug-iphoneos/HearifyV1.build/swift-overrides.hmap -emit-const-values -Xfrontend -const-gather-protocols-file -Xfrontend /Users/Veer/Library/Developer/Xcode/DerivedData/HearifyV1-ftljoypfezvlxcgouzbpmsmxzads/Build/Intermediates.noindex/HearifyV1.build/Debug-iphoneos/HearifyV1.build/Objects-normal/arm64/HearifyV1_const_extract_protocols.json -Xcc -iquote -Xcc /Users/Veer/Library/Developer/Xcode/DerivedData/HearifyV1-ftljoypfezvlxcgouzbpmsmxzads/Build/Intermediates.noindex/HearifyV1.build/Debug-iphoneos/HearifyV1.build/HearifyV1-generated-files.hmap -Xcc -I/Users/Veer/Library/Developer/Xcode/DerivedData/HearifyV1-ftljoypfezvlxcgouzbpmsmxzads/Build/Intermediates.noindex/HearifyV1.build/Debug-iphoneos/HearifyV1.build/HearifyV1-own-target-headers.hmap -Xcc -I/Users/Veer/Library/Developer/Xcode/DerivedData/HearifyV1-ftljoypfezvlxcgouzbpmsmxzads/Build/Intermediates.noindex/HearifyV1.build/Debug-iphoneos/HearifyV1.build/HearifyV1-all-non-framework-target-headers.hmap -Xcc -ivfsoverlay -Xcc /Users/Veer/Library/Developer/Xcode/DerivedData/HearifyV1-ftljoypfezvlxcgouzbpmsmxzads/Build/Intermediates.noindex/HearifyV1.build/Debug-iphoneos/HearifyV1-521b383a001212c1ccf60a43897f0080-VFS-iphoneos/all-product-headers.yaml -Xcc -iquote -Xcc /Users/Veer/Library/Developer/Xcode/DerivedData/HearifyV1-ftljoypfezvlxcgouzbpmsmxzads/Build/Intermediates.noindex/HearifyV1.build/Debug-iphoneos/HearifyV1.build/HearifyV1-project-headers.hmap -Xcc -I/Users/Veer/Library/Developer/Xcode/DerivedData/HearifyV1-ftljoypfezvlxcgouzbpmsmxzads/SourcePackages/checkouts/interop-ios-for-google-sdks/RecaptchaEnterprise/RecaptchaInterop/Public -Xcc -I/Users/Veer/Library/Developer/Xcode/DerivedData/HearifyV1-ftljoypfezvlxcgouzbpmsmxzads/SourcePackages/checkouts/GoogleUtilities/GoogleUtilities/Network/Public -Xcc -I/Users/Veer/Library/Developer/Xcode/DerivedData/HearifyV1-ftljoypfezvlxcgouzbpmsmxzads/SourcePackages/checkouts/GoogleUtilities/GoogleUtilities/Reachability/Public -Xcc -I/Users/Veer/Library/Developer/Xcode/DerivedData/HearifyV1-ftljoypfezvlxcgouzbpmsmxzads/SourcePackages/checkouts/GoogleUtilities/GoogleUtilities/AppDelegateSwizzler/Public -Xcc -I/Users/Veer/Library/Developer/Xcode/DerivedData/HearifyV1-ftljoypfezvlxcgouzbpmsmxzads/SourcePackages/checkouts/gtm-session-fetcher/Sources/Core/Public -Xcc -I/Users/Veer/Library/Developer/Xcode/DerivedData/HearifyV1-ftljoypfezvlxcgouzbpmsmxzads/SourcePackages/checkouts/firebase-ios-sdk/FirebaseAuth/Sources/Public -Xcc -I/Users/Veer/Library/Developer/Xcode/DerivedData/HearifyV1-ftljoypfezvlxcgouzbpmsmxzads/SourcePackages/checkouts/firebase-ios-sdk/FirebaseAuth/Interop/Public -Xcc -I/Users/Veer/Library/Developer/Xcode/DerivedData/HearifyV1-ftljoypfezvlxcgouzbpmsmxzads/SourcePackages/checkouts/GoogleUtilities/GoogleUtilities/NSData+zlib/Public -Xcc -I/Users/Veer/Library/Developer/Xcode/DerivedData/HearifyV1-ftljoypfezvlxcgouzbpmsmxzads/SourcePackages/checkouts/GoogleUtilities/GoogleUtilities/Environment/Public -Xcc -I/Users/Veer/Library/Developer/Xcode/DerivedData/HearifyV1-ftljoypfezvlxcgouzbpmsmxzads/SourcePackages/checkouts/GoogleUtilities/third_party/IsAppEncrypted/Public -Xcc -I/Users/Veer/Library/Developer/Xcode/DerivedData/HearifyV1-ftljoypfezvlxcgouzbpmsmxzads/SourcePackages/checkouts/GoogleUtilities/GoogleUtilities/Logger/Public -Xcc -I/Users/Veer/Library/Developer/Xcode/DerivedData/HearifyV1-ftljoypfezvlxcgouzbpmsmxzads/SourcePackages/checkouts/abseil-cpp-binary/absl-Wrapper/include -Xcc -I/Users/Veer/Library/Developer/Xcode/DerivedData/HearifyV1-ftljoypfezvlxcgouzbpmsmxzads/SourcePackages/checkouts/grpc-binary/openssl-grpc-Wrapper/include -Xcc -I/Users/Veer/Library/Developer/Xcode/DerivedData/HearifyV1-ftljoypfezvlxcgouzbpmsmxzads/SourcePackages/checkouts/grpc-binary/grpc-Wrapper/include -Xcc -I/Users/Veer/Library/Developer/Xcode/DerivedData/HearifyV1-ftljoypfezvlxcgouzbpmsmxzads/SourcePackages/checkouts/grpc-binary/grpcpp-Wrapper/include -Xcc -I/Users/Veer/Library/Developer/Xcode/DerivedData/HearifyV1-ftljoypfezvlxcgouzbpmsmxzads/SourcePackages/checkouts/nanopb/spm_headers -Xcc -I/Users/Veer/Library/Developer/Xcode/DerivedData/HearifyV1-ftljoypfezvlxcgouzbpmsmxzads/SourcePackages/checkouts/leveldb/include -Xcc -I/Users/Veer/Library/Developer/Xcode/DerivedData/HearifyV1-ftljoypfezvlxcgouzbpmsmxzads/SourcePackages/checkouts/firebase-ios-sdk/FirebaseCore/Extension -Xcc -I/Users/Veer/Library/Developer/Xcode/DerivedData/HearifyV1-ftljoypfezvlxcgouzbpmsmxzads/SourcePackages/checkouts/firebase-ios-sdk/FirebaseCore/Sources/Public -Xcc -I/Users/Veer/Library/Developer/Xcode/DerivedData/HearifyV1-ftljoypfezvlxcgouzbpmsmxzads/SourcePackages/checkouts/firebase-ios-sdk/CoreOnly/Sources -Xcc -I/Users/Veer/Library/Developer/Xcode/DerivedData/HearifyV1-ftljoypfezvlxcgouzbpmsmxzads/SourcePackages/checkouts/firebase-ios-sdk/FirebaseAppCheck/Interop/Public -Xcc -I/Users/Veer/Library/Developer/Xcode/DerivedData/HearifyV1-ftljoypfezvlxcgouzbpmsmxzads/SourcePackages/checkouts/firebase-ios-sdk/FirebaseFirestoreInternal -Xcc -I/Users/Veer/Library/Developer/Xcode/DerivedData/HearifyV1-ftljoypfezvlxcgouzbpmsmxzads/SourcePackages/checkouts/firebase-ios-sdk/SwiftPM-PlatformExclude/FirebaseFirestoreWrap/include -Xcc -I/Users/Veer/Library/Developer/Xcode/DerivedData/HearifyV1-ftljoypfezvlxcgouzbpmsmxzads/Build/Products/Debug-iphoneos/include -Xcc -I/Users/Veer/Library/Developer/Xcode/DerivedData/HearifyV1-ftljoypfezvlxcgouzbpmsmxzads/Build/Intermediates.noindex/HearifyV1.build/Debug-iphoneos/HearifyV1.build/DerivedSources-normal/arm64 -Xcc -I/Users/Veer/Library/Developer/Xcode/DerivedData/HearifyV1-ftljoypfezvlxcgouzbpmsmxzads/Build/Intermediates.noindex/HearifyV1.build/Debug-iphoneos/HearifyV1.build/DerivedSources/arm64 -Xcc -I/Users/Veer/Library/Developer/Xcode/DerivedData/HearifyV1-ftljoypfezvlxcgouzbpmsmxzads/Build/Intermediates.noindex/HearifyV1.build/Debug-iphoneos/HearifyV1.build/DerivedSources -Xcc -DDEBUG\=1 -emit-objc-header -emit-objc-header-path /Users/Veer/Library/Developer/Xcode/DerivedData/HearifyV1-ftljoypfezvlxcgouzbpmsmxzads/Build/Intermediates.noindex/HearifyV1.build/Debug-iphoneos/HearifyV1.build/Objects-normal/arm64/HearifyV1-Swift.h -working-directory /Users/Veer/Library/Mobile\ Documents/com\~apple\~CloudDocs/HearifyV1 -experimental-emit-module-separately -disable-cmo

CompileAssetCatalogVariant thinned /Users/Veer/Library/Developer/Xcode/DerivedData/HearifyV1-ftljoypfezvlxcgouzbpmsmxzads/Build/Products/Debug-iphoneos/HearifyV1.app /Users/Veer/Library/Mobile\ Documents/com~apple~CloudDocs/HearifyV1/HearifyV1/Preview\ Content/Preview\ Assets.xcassets /Users/Veer/Library/Mobile\ Documents/com~apple~CloudDocs/HearifyV1/HearifyV1/Assets.xcassets (in target 'HearifyV1' from project 'HearifyV1')
    cd /Users/Veer/Library/Mobile\ Documents/com\~apple\~CloudDocs/HearifyV1
    /Applications/Xcode.app/Contents/Developer/usr/bin/actool /Users/Veer/Library/Mobile\ Documents/com\~apple\~CloudDocs/HearifyV1/HearifyV1/Preview\ Content/Preview\ Assets.xcassets /Users/Veer/Library/Mobile\ Documents/com\~apple\~CloudDocs/HearifyV1/HearifyV1/Assets.xcassets --compile /Users/Veer/Library/Developer/Xcode/DerivedData/HearifyV1-ftljoypfezvlxcgouzbpmsmxzads/Build/Intermediates.noindex/HearifyV1.build/Debug-iphoneos/HearifyV1.build/assetcatalog_output/thinned --output-format human-readable-text --notices --warnings --export-dependency-info /Users/Veer/Library/Developer/Xcode/DerivedData/HearifyV1-ftljoypfezvlxcgouzbpmsmxzads/Build/Intermediates.noindex/HearifyV1.build/Debug-iphoneos/HearifyV1.build/assetcatalog_dependencies_thinned --output-partial-info-plist /Users/Veer/Library/Developer/Xcode/DerivedData/HearifyV1-ftljoypfezvlxcgouzbpmsmxzads/Build/Intermediates.noindex/HearifyV1.build/Debug-iphoneos/HearifyV1.build/assetcatalog_generated_info.plist_thinned --app-icon AppIcon --include-all-app-icons --accent-color AccentColor --compress-pngs --enable-on-demand-resources YES --development-region en --target-device iphone --minimum-deployment-target 16.6 --platform iphoneos
/* com.apple.actool.compilation-results */
/Users/Veer/Library/Developer/Xcode/DerivedData/HearifyV1-ftljoypfezvlxcgouzbpmsmxzads/Build/Intermediates.noindex/HearifyV1.build/Debug-iphoneos/HearifyV1.build/assetcatalog_generated_info.plist_thinned
/Users/Veer/Library/Developer/Xcode/DerivedData/HearifyV1-ftljoypfezvlxcgouzbpmsmxzads/Build/Intermediates.noindex/HearifyV1.build/Debug-iphoneos/HearifyV1.build/assetcatalog_output/thinned/AppIcon60x60@2x.png
/Users/Veer/Library/Developer/Xcode/DerivedData/HearifyV1-ftljoypfezvlxcgouzbpmsmxzads/Build/Intermediates.noindex/HearifyV1.build/Debug-iphoneos/HearifyV1.build/assetcatalog_output/thinned/AppIcon76x76@2x~ipad.png
/Users/Veer/Library/Developer/Xcode/DerivedData/HearifyV1-ftljoypfezvlxcgouzbpmsmxzads/Build/Intermediates.noindex/HearifyV1.build/Debug-iphoneos/HearifyV1.build/assetcatalog_output/thinned/Assets.car


RegisterExecutionPolicyException /Users/Veer/Library/Developer/Xcode/DerivedData/HearifyV1-ftljoypfezvlxcgouzbpmsmxzads/Build/Products/Debug-iphoneos/FirebaseFirestore.o (in target 'FirebaseFirestore' from project 'Firebase')
    cd /Users/Veer/Library/Developer/Xcode/DerivedData/HearifyV1-ftljoypfezvlxcgouzbpmsmxzads/SourcePackages/checkouts/firebase-ios-sdk
    builtin-RegisterExecutionPolicyException /Users/Veer/Library/Developer/Xcode/DerivedData/HearifyV1-ftljoypfezvlxcgouzbpmsmxzads/Build/Products/Debug-iphoneos/FirebaseFirestore.o

Ld /Users/Veer/Library/Developer/Xcode/DerivedData/HearifyV1-ftljoypfezvlxcgouzbpmsmxzads/Build/Products/Debug-iphoneos/FirebaseFirestoreTarget.o normal (in target 'FirebaseFirestoreTarget' from project 'Firebase')
    cd /Users/Veer/Library/Developer/Xcode/DerivedData/HearifyV1-ftljoypfezvlxcgouzbpmsmxzads/SourcePackages/checkouts/firebase-ios-sdk
    /Applications/Xcode.app/Contents/Developer/Toolchains/XcodeDefault.xctoolchain/usr/bin/clang -Xlinker -reproducible -target arm64-apple-ios15.0 -r -isysroot /Applications/Xcode.app/Contents/Developer/Platforms/iPhoneOS.platform/Developer/SDKs/iPhoneOS26.2.sdk -O0 -w -L/Users/Veer/Library/Developer/Xcode/DerivedData/HearifyV1-ftljoypfezvlxcgouzbpmsmxzads/Build/Intermediates.noindex/EagerLinkingTBDs/Debug-iphoneos -L/Users/Veer/Library/Developer/Xcode/DerivedData/HearifyV1-ftljoypfezvlxcgouzbpmsmxzads/Build/Products/Debug-iphoneos -L/Applications/Xcode.app/Contents/Developer/Platforms/iPhoneOS.platform/Developer/usr/lib -F/Users/Veer/Library/Developer/Xcode/DerivedData/HearifyV1-ftljoypfezvlxcgouzbpmsmxzads/Build/Intermediates.noindex/EagerLinkingTBDs/Debug-iphoneos -F/Users/Veer/Library/Developer/Xcode/DerivedData/HearifyV1-ftljoypfezvlxcgouzbpmsmxzads/Build/Products/Debug-iphoneos/PackageFrameworks -F/Users/Veer/Library/Developer/Xcode/DerivedData/HearifyV1-ftljoypfezvlxcgouzbpmsmxzads/Build/Products/Debug-iphoneos/PackageFrameworks -F/Users/Veer/Library/Developer/Xcode/DerivedData/HearifyV1-ftljoypfezvlxcgouzbpmsmxzads/Build/Products/Debug-iphoneos/PackageFrameworks -F/Users/Veer/Library/Developer/Xcode/DerivedData/HearifyV1-ftljoypfezvlxcgouzbpmsmxzads/Build/Products/Debug-iphoneos/PackageFrameworks -F/Users/Veer/Library/Developer/Xcode/DerivedData/HearifyV1-ftljoypfezvlxcgouzbpmsmxzads/Build/Products/Debug-iphoneos/PackageFrameworks -F/Users/Veer/Library/Developer/Xcode/DerivedData/HearifyV1-ftljoypfezvlxcgouzbpmsmxzads/Build/Products/Debug-iphoneos/PackageFrameworks -F/Users/Veer/Library/Developer/Xcode/DerivedData/HearifyV1-ftljoypfezvlxcgouzbpmsmxzads/Build/Products/Debug-iphoneos/PackageFrameworks -F/Users/Veer/Library/Developer/Xcode/DerivedData/HearifyV1-ftljoypfezvlxcgouzbpmsmxzads/Build/Products/Debug-iphoneos/PackageFrameworks -F/Users/Veer/Library/Developer/Xcode/DerivedData/HearifyV1-ftljoypfezvlxcgouzbpmsmxzads/Build/Products/Debug-iphoneos/PackageFrameworks -F/Users/Veer/Library/Developer/Xcode/DerivedData/HearifyV1-ftljoypfezvlxcgouzbpmsmxzads/Build/Products/Debug-iphoneos/PackageFrameworks -F/Users/Veer/Library/Developer/Xcode/DerivedData/HearifyV1-ftljoypfezvlxcgouzbpmsmxzads/Build/Products/Debug-iphoneos/PackageFrameworks -F/Users/Veer/Library/Developer/Xcode/DerivedData/HearifyV1-ftljoypfezvlxcgouzbpmsmxzads/Build/Products/Debug-iphoneos/PackageFrameworks -F/Users/Veer/Library/Developer/Xcode/DerivedData/HearifyV1-ftljoypfezvlxcgouzbpmsmxzads/Build/Products/Debug-iphoneos/PackageFrameworks -F/Users/Veer/Library/Developer/Xcode/DerivedData/HearifyV1-ftljoypfezvlxcgouzbpmsmxzads/Build/Products/Debug-iphoneos/PackageFrameworks -F/Users/Veer/Library/Developer/Xcode/DerivedData/HearifyV1-ftljoypfezvlxcgouzbpmsmxzads/Build/Products/Debug-iphoneos/PackageFrameworks -F/Users/Veer/Library/Developer/Xcode/DerivedData/HearifyV1-ftljoypfezvlxcgouzbpmsmxzads/Build/Products/Debug-iphoneos/PackageFrameworks -F/Users/Veer/Library/Developer/Xcode/DerivedData/HearifyV1-ftljoypfezvlxcgouzbpmsmxzads/Build/Products/Debug-iphoneos/PackageFrameworks -F/Users/Veer/Library/Developer/Xcode/DerivedData/HearifyV1-ftljoypfezvlxcgouzbpmsmxzads/Build/Products/Debug-iphoneos/PackageFrameworks -F/Users/Veer/Library/Developer/Xcode/DerivedData/HearifyV1-ftljoypfezvlxcgouzbpmsmxzads/Build/Products/Debug-iphoneos -iframework /Applications/Xcode.app/Contents/Developer/Platforms/iPhoneOS.platform/Developer/Library/Frameworks -iframework /Applications/Xcode.app/Contents/Developer/Platforms/iPhoneOS.platform/Developer/SDKs/iPhoneOS26.2.sdk/Developer/Library/Frameworks -filelist /Users/Veer/Library/Developer/Xcode/DerivedData/HearifyV1-ftljoypfezvlxcgouzbpmsmxzads/Build/Intermediates.noindex/Firebase.build/Debug-iphoneos/FirebaseFirestoreTarget.build/Objects-normal/arm64/FirebaseFirestoreTarget.LinkFileList -nostdlib -Xlinker -object_path_lto -Xlinker /Users/Veer/Library/Developer/Xcode/DerivedData/HearifyV1-ftljoypfezvlxcgouzbpmsmxzads/Build/Intermediates.noindex/Firebase.build/Debug-iphoneos/FirebaseFirestoreTarget.build/Objects-normal/arm64/FirebaseFirestoreTarget_lto.o -rdynamic -Xlinker -no_deduplicate -Xlinker -debug_variant -Xlinker -dependency_info -Xlinker /Users/Veer/Library/Developer/Xcode/DerivedData/HearifyV1-ftljoypfezvlxcgouzbpmsmxzads/Build/Intermediates.noindex/Firebase.build/Debug-iphoneos/FirebaseFirestoreTarget.build/Objects-normal/arm64/FirebaseFirestoreTarget_dependency_info.dat -fobjc-arc -fobjc-link-runtime -o /Users/Veer/Library/Developer/Xcode/DerivedData/HearifyV1-ftljoypfezvlxcgouzbpmsmxzads/Build/Products/Debug-iphoneos/FirebaseFirestoreTarget.o

RegisterExecutionPolicyException /Users/Veer/Library/Developer/Xcode/DerivedData/HearifyV1-ftljoypfezvlxcgouzbpmsmxzads/Build/Products/Debug-iphoneos/FirebaseFirestoreTarget.o (in target 'FirebaseFirestoreTarget' from project 'Firebase')
    cd /Users/Veer/Library/Developer/Xcode/DerivedData/HearifyV1-ftljoypfezvlxcgouzbpmsmxzads/SourcePackages/checkouts/firebase-ios-sdk
    builtin-RegisterExecutionPolicyException /Users/Veer/Library/Developer/Xcode/DerivedData/HearifyV1-ftljoypfezvlxcgouzbpmsmxzads/Build/Products/Debug-iphoneos/FirebaseFirestoreTarget.o

SwiftEmitModule normal arm64 Emitting\ module\ for\ FirebaseAuth (in target 'FirebaseAuth' from project 'Firebase')
EmitSwiftModule normal arm64 (in target 'FirebaseAuth' from project 'Firebase')
    cd /Users/Veer/Library/Mobile\ Documents/com\~apple\~CloudDocs/HearifyV1/HearifyV1.xcodeproj
    

SwiftCompile normal arm64 Compiling\ AuthErrorUtils.swift,\ AuthErrors.swift,\ AuthInternalErrors.swift,\ AuthLog.swift,\ AuthRecaptchaVerifier.swift /Users/Veer/Library/Developer/Xcode/DerivedData/HearifyV1-ftljoypfezvlxcgouzbpmsmxzads/SourcePackages/checkouts/firebase-ios-sdk/FirebaseAuth/Sources/Swift/Utilities/AuthErrorUtils.swift /Users/Veer/Library/Developer/Xcode/DerivedData/HearifyV1-ftljoypfezvlxcgouzbpmsmxzads/SourcePackages/checkouts/firebase-ios-sdk/FirebaseAuth/Sources/Swift/Utilities/AuthErrors.swift /Users/Veer/Library/Developer/Xcode/DerivedData/HearifyV1-ftljoypfezvlxcgouzbpmsmxzads/SourcePackages/checkouts/firebase-ios-sdk/FirebaseAuth/Sources/Swift/Utilities/AuthInternalErrors.swift /Users/Veer/Library/Developer/Xcode/DerivedData/HearifyV1-ftljoypfezvlxcgouzbpmsmxzads/SourcePackages/checkouts/firebase-ios-sdk/FirebaseAuth/Sources/Swift/Utilities/AuthLog.swift /Users/Veer/Library/Developer/Xcode/DerivedData/HearifyV1-ftljoypfezvlxcgouzbpmsmxzads/SourcePackages/checkouts/firebase-ios-sdk/FirebaseAuth/Sources/Swift/Utilities/AuthRecaptchaVerifier.swift (in target 'FirebaseAuth' from project 'Firebase')

SwiftCompile normal arm64 /Users/Veer/Library/Developer/Xcode/DerivedData/HearifyV1-ftljoypfezvlxcgouzbpmsmxzads/SourcePackages/checkouts/firebase-ios-sdk/FirebaseAuth/Sources/Swift/Utilities/AuthErrorUtils.swift (in target 'FirebaseAuth' from project 'Firebase')
    cd /Users/Veer/Library/Mobile\ Documents/com\~apple\~CloudDocs/HearifyV1/HearifyV1.xcodeproj
    

SwiftCompile normal arm64 /Users/Veer/Library/Developer/Xcode/DerivedData/HearifyV1-ftljoypfezvlxcgouzbpmsmxzads/SourcePackages/checkouts/firebase-ios-sdk/FirebaseAuth/Sources/Swift/Utilities/AuthErrors.swift (in target 'FirebaseAuth' from project 'Firebase')
    cd /Users/Veer/Library/Mobile\ Documents/com\~apple\~CloudDocs/HearifyV1/HearifyV1.xcodeproj
    

SwiftCompile normal arm64 /Users/Veer/Library/Developer/Xcode/DerivedData/HearifyV1-ftljoypfezvlxcgouzbpmsmxzads/SourcePackages/checkouts/firebase-ios-sdk/FirebaseAuth/Sources/Swift/Utilities/AuthInternalErrors.swift (in target 'FirebaseAuth' from project 'Firebase')
    cd /Users/Veer/Library/Mobile\ Documents/com\~apple\~CloudDocs/HearifyV1/HearifyV1.xcodeproj
    

SwiftCompile normal arm64 /Users/Veer/Library/Developer/Xcode/DerivedData/HearifyV1-ftljoypfezvlxcgouzbpmsmxzads/SourcePackages/checkouts/firebase-ios-sdk/FirebaseAuth/Sources/Swift/Utilities/AuthLog.swift (in target 'FirebaseAuth' from project 'Firebase')
    cd /Users/Veer/Library/Mobile\ Documents/com\~apple\~CloudDocs/HearifyV1/HearifyV1.xcodeproj
    

SwiftCompile normal arm64 /Users/Veer/Library/Developer/Xcode/DerivedData/HearifyV1-ftljoypfezvlxcgouzbpmsmxzads/SourcePackages/checkouts/firebase-ios-sdk/FirebaseAuth/Sources/Swift/Utilities/AuthRecaptchaVerifier.swift (in target 'FirebaseAuth' from project 'Firebase')
    cd /Users/Veer/Library/Mobile\ Documents/com\~apple\~CloudDocs/HearifyV1/HearifyV1.xcodeproj
    

SwiftCompile normal arm64 Compiling\ GameCenterAuthProvider.swift,\ GitHubAuthProvider.swift,\ GoogleAuthProvider.swift,\ OAuthCredential.swift,\ OAuthProvider.swift,\ PhoneAuthCredential.swift /Users/Veer/Library/Developer/Xcode/DerivedData/HearifyV1-ftljoypfezvlxcgouzbpmsmxzads/SourcePackages/checkouts/firebase-ios-sdk/FirebaseAuth/Sources/Swift/AuthProvider/GameCenterAuthProvider.swift /Users/Veer/Library/Developer/Xcode/DerivedData/HearifyV1-ftljoypfezvlxcgouzbpmsmxzads/SourcePackages/checkouts/firebase-ios-sdk/FirebaseAuth/Sources/Swift/AuthProvider/GitHubAuthProvider.swift /Users/Veer/Library/Developer/Xcode/DerivedData/HearifyV1-ftljoypfezvlxcgouzbpmsmxzads/SourcePackages/checkouts/firebase-ios-sdk/FirebaseAuth/Sources/Swift/AuthProvider/GoogleAuthProvider.swift /Users/Veer/Library/Developer/Xcode/DerivedData/HearifyV1-ftljoypfezvlxcgouzbpmsmxzads/SourcePackages/checkouts/firebase-ios-sdk/FirebaseAuth/Sources/Swift/AuthProvider/OAuthCredential.swift /Users/Veer/Library/Developer/Xcode/DerivedData/HearifyV1-ftljoypfezvlxcgouzbpmsmxzads/SourcePackages/checkouts/firebase-ios-sdk/FirebaseAuth/Sources/Swift/AuthProvider/OAuthProvider.swift /Users/Veer/Library/Developer/Xcode/DerivedData/HearifyV1-ftljoypfezvlxcgouzbpmsmxzads/SourcePackages/checkouts/firebase-ios-sdk/FirebaseAuth/Sources/Swift/AuthProvider/PhoneAuthCredential.swift (in target 'FirebaseAuth' from project 'Firebase')
SwiftCompile normal arm64 /Users/Veer/Library/Developer/Xcode/DerivedData/HearifyV1-ftljoypfezvlxcgouzbpmsmxzads/SourcePackages/checkouts/firebase-ios-sdk/FirebaseAuth/Sources/Swift/AuthProvider/GameCenterAuthProvider.swift (in target 'FirebaseAuth' from project 'Firebase')
    cd /Users/Veer/Library/Mobile\ Documents/com\~apple\~CloudDocs/HearifyV1/HearifyV1.xcodeproj
    

SwiftCompile normal arm64 /Users/Veer/Library/Developer/Xcode/DerivedData/HearifyV1-ftljoypfezvlxcgouzbpmsmxzads/SourcePackages/checkouts/firebase-ios-sdk/FirebaseAuth/Sources/Swift/AuthProvider/GitHubAuthProvider.swift (in target 'FirebaseAuth' from project 'Firebase')
    cd /Users/Veer/Library/Mobile\ Documents/com\~apple\~CloudDocs/HearifyV1/HearifyV1.xcodeproj
    

SwiftCompile normal arm64 /Users/Veer/Library/Developer/Xcode/DerivedData/HearifyV1-ftljoypfezvlxcgouzbpmsmxzads/SourcePackages/checkouts/firebase-ios-sdk/FirebaseAuth/Sources/Swift/AuthProvider/GoogleAuthProvider.swift (in target 'FirebaseAuth' from project 'Firebase')
    cd /Users/Veer/Library/Mobile\ Documents/com\~apple\~CloudDocs/HearifyV1/HearifyV1.xcodeproj
    

SwiftCompile normal arm64 /Users/Veer/Library/Developer/Xcode/DerivedData/HearifyV1-ftljoypfezvlxcgouzbpmsmxzads/SourcePackages/checkouts/firebase-ios-sdk/FirebaseAuth/Sources/Swift/AuthProvider/OAuthCredential.swift (in target 'FirebaseAuth' from project 'Firebase')
    cd /Users/Veer/Library/Mobile\ Documents/com\~apple\~CloudDocs/HearifyV1/HearifyV1.xcodeproj
    

SwiftCompile normal arm64 /Users/Veer/Library/Developer/Xcode/DerivedData/HearifyV1-ftljoypfezvlxcgouzbpmsmxzads/SourcePackages/checkouts/firebase-ios-sdk/FirebaseAuth/Sources/Swift/AuthProvider/OAuthProvider.swift (in target 'FirebaseAuth' from project 'Firebase')
    cd /Users/Veer/Library/Mobile\ Documents/com\~apple\~CloudDocs/HearifyV1/HearifyV1.xcodeproj
    

SwiftCompile normal arm64 /Users/Veer/Library/Developer/Xcode/DerivedData/HearifyV1-ftljoypfezvlxcgouzbpmsmxzads/SourcePackages/checkouts/firebase-ios-sdk/FirebaseAuth/Sources/Swift/AuthProvider/PhoneAuthCredential.swift (in target 'FirebaseAuth' from project 'Firebase')
    cd /Users/Veer/Library/Mobile\ Documents/com\~apple\~CloudDocs/HearifyV1/HearifyV1.xcodeproj
    

SwiftCompile normal arm64 Compiling\ AuthAppCredential.swift,\ AuthAppCredentialManager.swift,\ AuthNotificationManager.swift,\ AuthStoredUserManager.swift,\ SecureTokenService.swift /Users/Veer/Library/Developer/Xcode/DerivedData/HearifyV1-ftljoypfezvlxcgouzbpmsmxzads/SourcePackages/checkouts/firebase-ios-sdk/FirebaseAuth/Sources/Swift/SystemService/AuthAppCredential.swift /Users/Veer/Library/Developer/Xcode/DerivedData/HearifyV1-ftljoypfezvlxcgouzbpmsmxzads/SourcePackages/checkouts/firebase-ios-sdk/FirebaseAuth/Sources/Swift/SystemService/AuthAppCredentialManager.swift /Users/Veer/Library/Developer/Xcode/DerivedData/HearifyV1-ftljoypfezvlxcgouzbpmsmxzads/SourcePackages/checkouts/firebase-ios-sdk/FirebaseAuth/Sources/Swift/SystemService/AuthNotificationManager.swift /Users/Veer/Library/Developer/Xcode/DerivedData/HearifyV1-ftljoypfezvlxcgouzbpmsmxzads/SourcePackages/checkouts/firebase-ios-sdk/FirebaseAuth/Sources/Swift/SystemService/AuthStoredUserManager.swift /Users/Veer/Library/Developer/Xcode/DerivedData/HearifyV1-ftljoypfezvlxcgouzbpmsmxzads/SourcePackages/checkouts/firebase-ios-sdk/FirebaseAuth/Sources/Swift/SystemService/SecureTokenService.swift (in target 'FirebaseAuth' from project 'Firebase')

SwiftCompile normal arm64 /Users/Veer/Library/Developer/Xcode/DerivedData/HearifyV1-ftljoypfezvlxcgouzbpmsmxzads/SourcePackages/checkouts/firebase-ios-sdk/FirebaseAuth/Sources/Swift/SystemService/AuthAppCredential.swift (in target 'FirebaseAuth' from project 'Firebase')
    cd /Users/Veer/Library/Mobile\ Documents/com\~apple\~CloudDocs/HearifyV1/HearifyV1.xcodeproj
    

SwiftCompile normal arm64 /Users/Veer/Library/Developer/Xcode/DerivedData/HearifyV1-ftljoypfezvlxcgouzbpmsmxzads/SourcePackages/checkouts/firebase-ios-sdk/FirebaseAuth/Sources/Swift/SystemService/AuthAppCredentialManager.swift (in target 'FirebaseAuth' from project 'Firebase')
    cd /Users/Veer/Library/Mobile\ Documents/com\~apple\~CloudDocs/HearifyV1/HearifyV1.xcodeproj
    

SwiftCompile normal arm64 /Users/Veer/Library/Developer/Xcode/DerivedData/HearifyV1-ftljoypfezvlxcgouzbpmsmxzads/SourcePackages/checkouts/firebase-ios-sdk/FirebaseAuth/Sources/Swift/SystemService/AuthNotificationManager.swift (in target 'FirebaseAuth' from project 'Firebase')
    cd /Users/Veer/Library/Mobile\ Documents/com\~apple\~CloudDocs/HearifyV1/HearifyV1.xcodeproj
    

SwiftCompile normal arm64 /Users/Veer/Library/Developer/Xcode/DerivedData/HearifyV1-ftljoypfezvlxcgouzbpmsmxzads/SourcePackages/checkouts/firebase-ios-sdk/FirebaseAuth/Sources/Swift/SystemService/AuthStoredUserManager.swift (in target 'FirebaseAuth' from project 'Firebase')
    cd /Users/Veer/Library/Mobile\ Documents/com\~apple\~CloudDocs/HearifyV1/HearifyV1.xcodeproj
    

SwiftCompile normal arm64 /Users/Veer/Library/Developer/Xcode/DerivedData/HearifyV1-ftljoypfezvlxcgouzbpmsmxzads/SourcePackages/checkouts/firebase-ios-sdk/FirebaseAuth/Sources/Swift/SystemService/SecureTokenService.swift (in target 'FirebaseAuth' from project 'Firebase')
    cd /Users/Veer/Library/Mobile\ Documents/com\~apple\~CloudDocs/HearifyV1/HearifyV1.xcodeproj
    

SwiftCompile normal arm64 Compiling\ PhoneAuthProvider.swift,\ TwitterAuthProvider.swift,\ AuthBackend.swift,\ AuthBackendRPCIssuer.swift,\ AuthAPNSTokenType.swift /Users/Veer/Library/Developer/Xcode/DerivedData/HearifyV1-ftljoypfezvlxcgouzbpmsmxzads/SourcePackages/checkouts/firebase-ios-sdk/FirebaseAuth/Sources/Swift/AuthProvider/PhoneAuthProvider.swift /Users/Veer/Library/Developer/Xcode/DerivedData/HearifyV1-ftljoypfezvlxcgouzbpmsmxzads/SourcePackages/checkouts/firebase-ios-sdk/FirebaseAuth/Sources/Swift/AuthProvider/TwitterAuthProvider.swift /Users/Veer/Library/Developer/Xcode/DerivedData/HearifyV1-ftljoypfezvlxcgouzbpmsmxzads/SourcePackages/checkouts/firebase-ios-sdk/FirebaseAuth/Sources/Swift/Backend/AuthBackend.swift /Users/Veer/Library/Developer/Xcode/DerivedData/HearifyV1-ftljoypfezvlxcgouzbpmsmxzads/SourcePackages/checkouts/firebase-ios-sdk/FirebaseAuth/Sources/Swift/Backend/AuthBackendRPCIssuer.swift /Users/Veer/Library/Developer/Xcode/DerivedData/HearifyV1-ftljoypfezvlxcgouzbpmsmxzads/SourcePackages/checkouts/firebase-ios-sdk/FirebaseAuth/Sources/Swift/SystemService/AuthAPNSTokenType.swift (in target 'FirebaseAuth' from project 'Firebase')

SwiftCompile normal arm64 /Users/Veer/Library/Developer/Xcode/DerivedData/HearifyV1-ftljoypfezvlxcgouzbpmsmxzads/SourcePackages/checkouts/firebase-ios-sdk/FirebaseAuth/Sources/Swift/AuthProvider/PhoneAuthProvider.swift (in target 'FirebaseAuth' from project 'Firebase')
    cd /Users/Veer/Library/Mobile\ Documents/com\~apple\~CloudDocs/HearifyV1/HearifyV1.xcodeproj
    

SwiftCompile normal arm64 /Users/Veer/Library/Developer/Xcode/DerivedData/HearifyV1-ftljoypfezvlxcgouzbpmsmxzads/SourcePackages/checkouts/firebase-ios-sdk/FirebaseAuth/Sources/Swift/AuthProvider/TwitterAuthProvider.swift (in target 'FirebaseAuth' from project 'Firebase')
    cd /Users/Veer/Library/Mobile\ Documents/com\~apple\~CloudDocs/HearifyV1/HearifyV1.xcodeproj
    

SwiftCompile normal arm64 /Users/Veer/Library/Developer/Xcode/DerivedData/HearifyV1-ftljoypfezvlxcgouzbpmsmxzads/SourcePackages/checkouts/firebase-ios-sdk/FirebaseAuth/Sources/Swift/Backend/AuthBackend.swift (in target 'FirebaseAuth' from project 'Firebase')
    cd /Users/Veer/Library/Mobile\ Documents/com\~apple\~CloudDocs/HearifyV1/HearifyV1.xcodeproj
    

SwiftCompile normal arm64 /Users/Veer/Library/Developer/Xcode/DerivedData/HearifyV1-ftljoypfezvlxcgouzbpmsmxzads/SourcePackages/checkouts/firebase-ios-sdk/FirebaseAuth/Sources/Swift/Backend/AuthBackendRPCIssuer.swift (in target 'FirebaseAuth' from project 'Firebase')
    cd /Users/Veer/Library/Mobile\ Documents/com\~apple\~CloudDocs/HearifyV1/HearifyV1.xcodeproj
    

SwiftCompile normal arm64 /Users/Veer/Library/Developer/Xcode/DerivedData/HearifyV1-ftljoypfezvlxcgouzbpmsmxzads/SourcePackages/checkouts/firebase-ios-sdk/FirebaseAuth/Sources/Swift/SystemService/AuthAPNSTokenType.swift (in target 'FirebaseAuth' from project 'Firebase')
    cd /Users/Veer/Library/Mobile\ Documents/com\~apple\~CloudDocs/HearifyV1/HearifyV1.xcodeproj
    

SwiftCompile normal arm64 Compiling\ resource_bundle_accessor.swift,\ ActionCodeInfo.swift,\ ActionCodeOperation.swift,\ ActionCodeSettings.swift,\ ActionCodeURL.swift,\ Auth.swift /Users/Veer/Library/Developer/Xcode/DerivedData/HearifyV1-ftljoypfezvlxcgouzbpmsmxzads/Build/Intermediates.noindex/Firebase.build/Debug-iphoneos/FirebaseAuth.build/DerivedSources/resource_bundle_accessor.swift /Users/Veer/Library/Developer/Xcode/DerivedData/HearifyV1-ftljoypfezvlxcgouzbpmsmxzads/SourcePackages/checkouts/firebase-ios-sdk/FirebaseAuth/Sources/Swift/ActionCode/ActionCodeInfo.swift /Users/Veer/Library/Developer/Xcode/DerivedData/HearifyV1-ftljoypfezvlxcgouzbpmsmxzads/SourcePackages/checkouts/firebase-ios-sdk/FirebaseAuth/Sources/Swift/ActionCode/ActionCodeOperation.swift /Users/Veer/Library/Developer/Xcode/DerivedData/HearifyV1-ftljoypfezvlxcgouzbpmsmxzads/SourcePackages/checkouts/firebase-ios-sdk/FirebaseAuth/Sources/Swift/ActionCode/ActionCodeSettings.swift /Users/Veer/Library/Developer/Xcode/DerivedData/HearifyV1-ftljoypfezvlxcgouzbpmsmxzads/SourcePackages/checkouts/firebase-ios-sdk/FirebaseAuth/Sources/Swift/ActionCode/ActionCodeURL.swift /Users/Veer/Library/Developer/Xcode/DerivedData/HearifyV1-ftljoypfezvlxcgouzbpmsmxzads/SourcePackages/checkouts/firebase-ios-sdk/FirebaseAuth/Sources/Swift/Auth/Auth.swift (in target 'FirebaseAuth' from project 'Firebase')
SwiftCompile normal arm64 /Users/Veer/Library/Developer/Xcode/DerivedData/HearifyV1-ftljoypfezvlxcgouzbpmsmxzads/Build/Intermediates.noindex/Firebase.build/Debug-iphoneos/FirebaseAuth.build/DerivedSources/resource_bundle_accessor.swift (in target 'FirebaseAuth' from project 'Firebase')
    cd /Users/Veer/Library/Mobile\ Documents/com\~apple\~CloudDocs/HearifyV1/HearifyV1.xcodeproj
    

SwiftCompile normal arm64 /Users/Veer/Library/Developer/Xcode/DerivedData/HearifyV1-ftljoypfezvlxcgouzbpmsmxzads/SourcePackages/checkouts/firebase-ios-sdk/FirebaseAuth/Sources/Swift/ActionCode/ActionCodeInfo.swift (in target 'FirebaseAuth' from project 'Firebase')
    cd /Users/Veer/Library/Mobile\ Documents/com\~apple\~CloudDocs/HearifyV1/HearifyV1.xcodeproj
    

SwiftCompile normal arm64 /Users/Veer/Library/Developer/Xcode/DerivedData/HearifyV1-ftljoypfezvlxcgouzbpmsmxzads/SourcePackages/checkouts/firebase-ios-sdk/FirebaseAuth/Sources/Swift/ActionCode/ActionCodeOperation.swift (in target 'FirebaseAuth' from project 'Firebase')
    cd /Users/Veer/Library/Mobile\ Documents/com\~apple\~CloudDocs/HearifyV1/HearifyV1.xcodeproj
    

SwiftCompile normal arm64 /Users/Veer/Library/Developer/Xcode/DerivedData/HearifyV1-ftljoypfezvlxcgouzbpmsmxzads/SourcePackages/checkouts/firebase-ios-sdk/FirebaseAuth/Sources/Swift/ActionCode/ActionCodeSettings.swift (in target 'FirebaseAuth' from project 'Firebase')
    cd /Users/Veer/Library/Mobile\ Documents/com\~apple\~CloudDocs/HearifyV1/HearifyV1.xcodeproj
    

SwiftCompile normal arm64 /Users/Veer/Library/Developer/Xcode/DerivedData/HearifyV1-ftljoypfezvlxcgouzbpmsmxzads/SourcePackages/checkouts/firebase-ios-sdk/FirebaseAuth/Sources/Swift/ActionCode/ActionCodeURL.swift (in target 'FirebaseAuth' from project 'Firebase')
    cd /Users/Veer/Library/Mobile\ Documents/com\~apple\~CloudDocs/HearifyV1/HearifyV1.xcodeproj
    

SwiftCompile normal arm64 /Users/Veer/Library/Developer/Xcode/DerivedData/HearifyV1-ftljoypfezvlxcgouzbpmsmxzads/SourcePackages/checkouts/firebase-ios-sdk/FirebaseAuth/Sources/Swift/Auth/Auth.swift (in target 'FirebaseAuth' from project 'Firebase')
    cd /Users/Veer/Library/Mobile\ Documents/com\~apple\~CloudDocs/HearifyV1/HearifyV1.xcodeproj
    

SwiftCompile normal arm64 Compiling\ UserMetadata.swift,\ UserProfileChangeRequest.swift,\ UserProfileUpdate.swift,\ AuthCondition.swift,\ AuthDefaultUIDelegate.swift /Users/Veer/Library/Developer/Xcode/DerivedData/HearifyV1-ftljoypfezvlxcgouzbpmsmxzads/SourcePackages/checkouts/firebase-ios-sdk/FirebaseAuth/Sources/Swift/User/UserMetadata.swift /Users/Veer/Library/Developer/Xcode/DerivedData/HearifyV1-ftljoypfezvlxcgouzbpmsmxzads/SourcePackages/checkouts/firebase-ios-sdk/FirebaseAuth/Sources/Swift/User/UserProfileChangeRequest.swift /Users/Veer/Library/Developer/Xcode/DerivedData/HearifyV1-ftljoypfezvlxcgouzbpmsmxzads/SourcePackages/checkouts/firebase-ios-sdk/FirebaseAuth/Sources/Swift/User/UserProfileUpdate.swift /Users/Veer/Library/Developer/Xcode/DerivedData/HearifyV1-ftljoypfezvlxcgouzbpmsmxzads/SourcePackages/checkouts/firebase-ios-sdk/FirebaseAuth/Sources/Swift/Utilities/AuthCondition.swift /Users/Veer/Library/Developer/Xcode/DerivedData/HearifyV1-ftljoypfezvlxcgouzbpmsmxzads/SourcePackages/checkouts/firebase-ios-sdk/FirebaseAuth/Sources/Swift/Utilities/AuthDefaultUIDelegate.swift (in target 'FirebaseAuth' from project 'Firebase')

SwiftCompile normal arm64 /Users/Veer/Library/Developer/Xcode/DerivedData/HearifyV1-ftljoypfezvlxcgouzbpmsmxzads/SourcePackages/checkouts/firebase-ios-sdk/FirebaseAuth/Sources/Swift/User/UserMetadata.swift (in target 'FirebaseAuth' from project 'Firebase')
    cd /Users/Veer/Library/Mobile\ Documents/com\~apple\~CloudDocs/HearifyV1/HearifyV1.xcodeproj
    

SwiftCompile normal arm64 /Users/Veer/Library/Developer/Xcode/DerivedData/HearifyV1-ftljoypfezvlxcgouzbpmsmxzads/SourcePackages/checkouts/firebase-ios-sdk/FirebaseAuth/Sources/Swift/User/UserProfileChangeRequest.swift (in target 'FirebaseAuth' from project 'Firebase')
    cd /Users/Veer/Library/Mobile\ Documents/com\~apple\~CloudDocs/HearifyV1/HearifyV1.xcodeproj
    

SwiftCompile normal arm64 /Users/Veer/Library/Developer/Xcode/DerivedData/HearifyV1-ftljoypfezvlxcgouzbpmsmxzads/SourcePackages/checkouts/firebase-ios-sdk/FirebaseAuth/Sources/Swift/User/UserProfileUpdate.swift (in target 'FirebaseAuth' from project 'Firebase')
    cd /Users/Veer/Library/Mobile\ Documents/com\~apple\~CloudDocs/HearifyV1/HearifyV1.xcodeproj
    

SwiftCompile normal arm64 /Users/Veer/Library/Developer/Xcode/DerivedData/HearifyV1-ftljoypfezvlxcgouzbpmsmxzads/SourcePackages/checkouts/firebase-ios-sdk/FirebaseAuth/Sources/Swift/Utilities/AuthCondition.swift (in target 'FirebaseAuth' from project 'Firebase')
    cd /Users/Veer/Library/Mobile\ Documents/com\~apple\~CloudDocs/HearifyV1/HearifyV1.xcodeproj
    

SwiftCompile normal arm64 /Users/Veer/Library/Developer/Xcode/DerivedData/HearifyV1-ftljoypfezvlxcgouzbpmsmxzads/SourcePackages/checkouts/firebase-ios-sdk/FirebaseAuth/Sources/Swift/Utilities/AuthDefaultUIDelegate.swift (in target 'FirebaseAuth' from project 'Firebase')
    cd /Users/Veer/Library/Mobile\ Documents/com\~apple\~CloudDocs/HearifyV1/HearifyV1.xcodeproj
    

SwiftCompile normal arm64 Compiling\ AuthUIDelegate.swift,\ AuthURLPresenter.swift,\ AuthWebUtils.swift,\ AuthWebView.swift,\ AuthWebViewController.swift /Users/Veer/Library/Developer/Xcode/DerivedData/HearifyV1-ftljoypfezvlxcgouzbpmsmxzads/SourcePackages/checkouts/firebase-ios-sdk/FirebaseAuth/Sources/Swift/Utilities/AuthUIDelegate.swift /Users/Veer/Library/Developer/Xcode/DerivedData/HearifyV1-ftljoypfezvlxcgouzbpmsmxzads/SourcePackages/checkouts/firebase-ios-sdk/FirebaseAuth/Sources/Swift/Utilities/AuthURLPresenter.swift /Users/Veer/Library/Developer/Xcode/DerivedData/HearifyV1-ftljoypfezvlxcgouzbpmsmxzads/SourcePackages/checkouts/firebase-ios-sdk/FirebaseAuth/Sources/Swift/Utilities/AuthWebUtils.swift /Users/Veer/Library/Developer/Xcode/DerivedData/HearifyV1-ftljoypfezvlxcgouzbpmsmxzads/SourcePackages/checkouts/firebase-ios-sdk/FirebaseAuth/Sources/Swift/Utilities/AuthWebView.swift /Users/Veer/Library/Developer/Xcode/DerivedData/HearifyV1-ftljoypfezvlxcgouzbpmsmxzads/SourcePackages/checkouts/firebase-ios-sdk/FirebaseAuth/Sources/Swift/Utilities/AuthWebViewController.swift (in target 'FirebaseAuth' from project 'Firebase')

SwiftCompile normal arm64 /Users/Veer/Library/Developer/Xcode/DerivedData/HearifyV1-ftljoypfezvlxcgouzbpmsmxzads/SourcePackages/checkouts/firebase-ios-sdk/FirebaseAuth/Sources/Swift/Utilities/AuthUIDelegate.swift (in target 'FirebaseAuth' from project 'Firebase')
    cd /Users/Veer/Library/Mobile\ Documents/com\~apple\~CloudDocs/HearifyV1/HearifyV1.xcodeproj
    

SwiftCompile normal arm64 /Users/Veer/Library/Developer/Xcode/DerivedData/HearifyV1-ftljoypfezvlxcgouzbpmsmxzads/SourcePackages/checkouts/firebase-ios-sdk/FirebaseAuth/Sources/Swift/Utilities/AuthURLPresenter.swift (in target 'FirebaseAuth' from project 'Firebase')
    cd /Users/Veer/Library/Mobile\ Documents/com\~apple\~CloudDocs/HearifyV1/HearifyV1.xcodeproj
    

SwiftCompile normal arm64 /Users/Veer/Library/Developer/Xcode/DerivedData/HearifyV1-ftljoypfezvlxcgouzbpmsmxzads/SourcePackages/checkouts/firebase-ios-sdk/FirebaseAuth/Sources/Swift/Utilities/AuthWebUtils.swift (in target 'FirebaseAuth' from project 'Firebase')
    cd /Users/Veer/Library/Mobile\ Documents/com\~apple\~CloudDocs/HearifyV1/HearifyV1.xcodeproj
    

SwiftCompile normal arm64 /Users/Veer/Library/Developer/Xcode/DerivedData/HearifyV1-ftljoypfezvlxcgouzbpmsmxzads/SourcePackages/checkouts/firebase-ios-sdk/FirebaseAuth/Sources/Swift/Utilities/AuthWebView.swift (in target 'FirebaseAuth' from project 'Firebase')
    cd /Users/Veer/Library/Mobile\ Documents/com\~apple\~CloudDocs/HearifyV1/HearifyV1.xcodeproj
    

SwiftCompile normal arm64 /Users/Veer/Library/Developer/Xcode/DerivedData/HearifyV1-ftljoypfezvlxcgouzbpmsmxzads/SourcePackages/checkouts/firebase-ios-sdk/FirebaseAuth/Sources/Swift/Utilities/AuthWebViewController.swift (in target 'FirebaseAuth' from project 'Firebase')
    cd /Users/Veer/Library/Mobile\ Documents/com\~apple\~CloudDocs/HearifyV1/HearifyV1.xcodeproj
    

SwiftCompile normal arm64 Compiling\ TokenRefreshCoalescer.swift,\ AdditionalUserInfo.swift,\ User.swift,\ UserInfo.swift,\ UserInfoImpl.swift /Users/Veer/Library/Developer/Xcode/DerivedData/HearifyV1-ftljoypfezvlxcgouzbpmsmxzads/SourcePackages/checkouts/firebase-ios-sdk/FirebaseAuth/Sources/Swift/SystemService/TokenRefreshCoalescer.swift /Users/Veer/Library/Developer/Xcode/DerivedData/HearifyV1-ftljoypfezvlxcgouzbpmsmxzads/SourcePackages/checkouts/firebase-ios-sdk/FirebaseAuth/Sources/Swift/User/AdditionalUserInfo.swift /Users/Veer/Library/Developer/Xcode/DerivedData/HearifyV1-ftljoypfezvlxcgouzbpmsmxzads/SourcePackages/checkouts/firebase-ios-sdk/FirebaseAuth/Sources/Swift/User/User.swift /Users/Veer/Library/Developer/Xcode/DerivedData/HearifyV1-ftljoypfezvlxcgouzbpmsmxzads/SourcePackages/checkouts/firebase-ios-sdk/FirebaseAuth/Sources/Swift/User/UserInfo.swift /Users/Veer/Library/Developer/Xcode/DerivedData/HearifyV1-ftljoypfezvlxcgouzbpmsmxzads/SourcePackages/checkouts/firebase-ios-sdk/FirebaseAuth/Sources/Swift/User/UserInfoImpl.swift (in target 'FirebaseAuth' from project 'Firebase')
SwiftCompile normal arm64 /Users/Veer/Library/Developer/Xcode/DerivedData/HearifyV1-ftljoypfezvlxcgouzbpmsmxzads/SourcePackages/checkouts/firebase-ios-sdk/FirebaseAuth/Sources/Swift/SystemService/TokenRefreshCoalescer.swift (in target 'FirebaseAuth' from project 'Firebase')
    cd /Users/Veer/Library/Mobile\ Documents/com\~apple\~CloudDocs/HearifyV1/HearifyV1.xcodeproj
    

SwiftCompile normal arm64 /Users/Veer/Library/Developer/Xcode/DerivedData/HearifyV1-ftljoypfezvlxcgouzbpmsmxzads/SourcePackages/checkouts/firebase-ios-sdk/FirebaseAuth/Sources/Swift/User/AdditionalUserInfo.swift (in target 'FirebaseAuth' from project 'Firebase')
    cd /Users/Veer/Library/Mobile\ Documents/com\~apple\~CloudDocs/HearifyV1/HearifyV1.xcodeproj
    

SwiftCompile normal arm64 /Users/Veer/Library/Developer/Xcode/DerivedData/HearifyV1-ftljoypfezvlxcgouzbpmsmxzads/SourcePackages/checkouts/firebase-ios-sdk/FirebaseAuth/Sources/Swift/User/User.swift (in target 'FirebaseAuth' from project 'Firebase')
    cd /Users/Veer/Library/Mobile\ Documents/com\~apple\~CloudDocs/HearifyV1/HearifyV1.xcodeproj
    

SwiftCompile normal arm64 /Users/Veer/Library/Developer/Xcode/DerivedData/HearifyV1-ftljoypfezvlxcgouzbpmsmxzads/SourcePackages/checkouts/firebase-ios-sdk/FirebaseAuth/Sources/Swift/User/UserInfo.swift (in target 'FirebaseAuth' from project 'Firebase')
    cd /Users/Veer/Library/Mobile\ Documents/com\~apple\~CloudDocs/HearifyV1/HearifyV1.xcodeproj
    

SwiftCompile normal arm64 /Users/Veer/Library/Developer/Xcode/DerivedData/HearifyV1-ftljoypfezvlxcgouzbpmsmxzads/SourcePackages/checkouts/firebase-ios-sdk/FirebaseAuth/Sources/Swift/User/UserInfoImpl.swift (in target 'FirebaseAuth' from project 'Firebase')
    cd /Users/Veer/Library/Mobile\ Documents/com\~apple\~CloudDocs/HearifyV1/HearifyV1.xcodeproj
    

SwiftExplicitDependencyGeneratePcm arm64 /Users/Veer/Library/Developer/Xcode/DerivedData/ModuleCache.noindex/_Builtin_float-1N3O6NFXSIUIX70R4LZUSG17W.pcm

SwiftDriverJobDiscovery normal arm64 Compiling UserMetadata.swift, UserProfileChangeRequest.swift, UserProfileUpdate.swift, AuthCondition.swift, AuthDefaultUIDelegate.swift (in target 'FirebaseAuth' from project 'Firebase')

SwiftExplicitDependencyGeneratePcm arm64 /Users/Veer/Library/Developer/Xcode/DerivedData/ModuleCache.noindex/SwiftShims-DOTBAPPGERJL0N2ZH1HLJZZ28.pcm

SwiftExplicitDependencyGeneratePcm arm64 /Users/Veer/Library/Developer/Xcode/DerivedData/ModuleCache.noindex/ptrcheck-7VEGY115KYVIL892JXOCL5EZK.pcm

SwiftDriverJobDiscovery normal arm64 Compiling AuthAppCredential.swift, AuthAppCredentialManager.swift, AuthNotificationManager.swift, AuthStoredUserManager.swift, SecureTokenService.swift (in target 'FirebaseAuth' from project 'Firebase')

SwiftExplicitDependencyGeneratePcm arm64 /Users/Veer/Library/Developer/Xcode/DerivedData/ModuleCache.noindex/_Builtin_stdarg-7XB4AD4Y7BA892DBB7BV5WHBV.pcm

SwiftExplicitDependencyGeneratePcm arm64 /Users/Veer/Library/Developer/Xcode/DerivedData/ModuleCache.noindex/_SwiftConcurrencyShims-8XKNI2ULGO7RFX8U1L9OT86T5.pcm

SwiftExplicitDependencyGeneratePcm arm64 /Users/Veer/Library/Developer/Xcode/DerivedData/ModuleCache.noindex/_Builtin_stddef-2LZKZPU8ZZG7YKUQPZO42RCQY.pcm

SwiftExplicitDependencyGeneratePcm arm64 /Users/Veer/Library/Developer/Xcode/DerivedData/ModuleCache.noindex/_Builtin_stdbool-3V0YNICT3RAK8TWA686OAGJMV.pcm

SwiftExplicitDependencyGeneratePcm arm64 /Users/Veer/Library/Developer/Xcode/DerivedData/ModuleCache.noindex/DeveloperToolsSupport-6S3XEGD4TV6OWPXNU2Y7NH157.pcm

SwiftExplicitDependencyGeneratePcm arm64 /Users/Veer/Library/Developer/Xcode/DerivedData/ModuleCache.noindex/_AvailabilityInternal-87M4Q2Y4L0LO1A6I7UU2I7C3L.pcm

SwiftExplicitDependencyGeneratePcm arm64 /Users/Veer/Library/Developer/Xcode/DerivedData/ModuleCache.noindex/ptrauth-46B9OPF5YR8ZT6DYEPRYREDEU.pcm

SwiftDriverJobDiscovery normal arm64 Compiling AuthErrorUtils.swift, AuthErrors.swift, AuthInternalErrors.swift, AuthLog.swift, AuthRecaptchaVerifier.swift (in target 'FirebaseAuth' from project 'Firebase')

LinkAssetCatalog /Users/Veer/Library/Mobile\ Documents/com~apple~CloudDocs/HearifyV1/HearifyV1/Preview\ Content/Preview\ Assets.xcassets /Users/Veer/Library/Mobile\ Documents/com~apple~CloudDocs/HearifyV1/HearifyV1/Assets.xcassets (in target 'HearifyV1' from project 'HearifyV1')
    cd /Users/Veer/Library/Mobile\ Documents/com\~apple\~CloudDocs/HearifyV1
    builtin-linkAssetCatalog --thinned /Users/Veer/Library/Developer/Xcode/DerivedData/HearifyV1-ftljoypfezvlxcgouzbpmsmxzads/Build/Intermediates.noindex/HearifyV1.build/Debug-iphoneos/HearifyV1.build/assetcatalog_output/thinned --thinned-dependencies /Users/Veer/Library/Developer/Xcode/DerivedData/HearifyV1-ftljoypfezvlxcgouzbpmsmxzads/Build/Intermediates.noindex/HearifyV1.build/Debug-iphoneos/HearifyV1.build/assetcatalog_dependencies_thinned --thinned-info-plist-content /Users/Veer/Library/Developer/Xcode/DerivedData/HearifyV1-ftljoypfezvlxcgouzbpmsmxzads/Build/Intermediates.noindex/HearifyV1.build/Debug-iphoneos/HearifyV1.build/assetcatalog_generated_info.plist_thinned --unthinned /Users/Veer/Library/Developer/Xcode/DerivedData/HearifyV1-ftljoypfezvlxcgouzbpmsmxzads/Build/Intermediates.noindex/HearifyV1.build/Debug-iphoneos/HearifyV1.build/assetcatalog_output/unthinned --unthinned-dependencies /Users/Veer/Library/Developer/Xcode/DerivedData/HearifyV1-ftljoypfezvlxcgouzbpmsmxzads/Build/Intermediates.noindex/HearifyV1.build/Debug-iphoneos/HearifyV1.build/assetcatalog_dependencies_unthinned --unthinned-info-plist-content /Users/Veer/Library/Developer/Xcode/DerivedData/HearifyV1-ftljoypfezvlxcgouzbpmsmxzads/Build/Intermediates.noindex/HearifyV1.build/Debug-iphoneos/HearifyV1.build/assetcatalog_generated_info.plist_unthinned --output /Users/Veer/Library/Developer/Xcode/DerivedData/HearifyV1-ftljoypfezvlxcgouzbpmsmxzads/Build/Products/Debug-iphoneos/HearifyV1.app --plist-output /Users/Veer/Library/Developer/Xcode/DerivedData/HearifyV1-ftljoypfezvlxcgouzbpmsmxzads/Build/Intermediates.noindex/HearifyV1.build/Debug-iphoneos/HearifyV1.build/assetcatalog_generated_info.plist
note: Emplaced /Users/Veer/Library/Developer/Xcode/DerivedData/HearifyV1-ftljoypfezvlxcgouzbpmsmxzads/Build/Products/Debug-iphoneos/HearifyV1.app/AppIcon76x76@2x~ipad.png (in target 'HearifyV1' from project 'HearifyV1')
note: Emplaced /Users/Veer/Library/Developer/Xcode/DerivedData/HearifyV1-ftljoypfezvlxcgouzbpmsmxzads/Build/Products/Debug-iphoneos/HearifyV1.app/Assets.car (in target 'HearifyV1' from project 'HearifyV1')
note: Emplaced /Users/Veer/Library/Developer/Xcode/DerivedData/HearifyV1-ftljoypfezvlxcgouzbpmsmxzads/Build/Products/Debug-iphoneos/HearifyV1.app/AppIcon60x60@2x.png (in target 'HearifyV1' from project 'HearifyV1')

SwiftCompile normal arm64 Compiling\ TOTPMultiFactorGenerator.swift /Users/Veer/Library/Developer/Xcode/DerivedData/HearifyV1-ftljoypfezvlxcgouzbpmsmxzads/SourcePackages/checkouts/firebase-ios-sdk/FirebaseAuth/Sources/Swift/MultiFactor/TOTP/TOTPMultiFactorGenerator.swift (in target 'FirebaseAuth' from project 'Firebase')

SwiftCompile normal arm64 /Users/Veer/Library/Developer/Xcode/DerivedData/HearifyV1-ftljoypfezvlxcgouzbpmsmxzads/SourcePackages/checkouts/firebase-ios-sdk/FirebaseAuth/Sources/Swift/MultiFactor/TOTP/TOTPMultiFactorGenerator.swift (in target 'FirebaseAuth' from project 'Firebase')
    cd /Users/Veer/Library/Mobile\ Documents/com\~apple\~CloudDocs/HearifyV1/HearifyV1.xcodeproj
    

SwiftCompile normal arm64 Compiling\ StartMFAEnrollmentResponse.swift /Users/Veer/Library/Developer/Xcode/DerivedData/HearifyV1-ftljoypfezvlxcgouzbpmsmxzads/SourcePackages/checkouts/firebase-ios-sdk/FirebaseAuth/Sources/Swift/Backend/RPC/MultiFactor/Enroll/StartMFAEnrollmentResponse.swift (in target 'FirebaseAuth' from project 'Firebase')

SwiftCompile normal arm64 /Users/Veer/Library/Developer/Xcode/DerivedData/HearifyV1-ftljoypfezvlxcgouzbpmsmxzads/SourcePackages/checkouts/firebase-ios-sdk/FirebaseAuth/Sources/Swift/Backend/RPC/MultiFactor/Enroll/StartMFAEnrollmentResponse.swift (in target 'FirebaseAuth' from project 'Firebase')
    cd /Users/Veer/Library/Mobile\ Documents/com\~apple\~CloudDocs/HearifyV1/HearifyV1.xcodeproj
    

SwiftCompile normal arm64 Compiling\ AuthKeychainServices.swift /Users/Veer/Library/Developer/Xcode/DerivedData/HearifyV1-ftljoypfezvlxcgouzbpmsmxzads/SourcePackages/checkouts/firebase-ios-sdk/FirebaseAuth/Sources/Swift/Storage/AuthKeychainServices.swift (in target 'FirebaseAuth' from project 'Firebase')

SwiftCompile normal arm64 /Users/Veer/Library/Developer/Xcode/DerivedData/HearifyV1-ftljoypfezvlxcgouzbpmsmxzads/SourcePackages/checkouts/firebase-ios-sdk/FirebaseAuth/Sources/Swift/Storage/AuthKeychainServices.swift (in target 'FirebaseAuth' from project 'Firebase')
    cd /Users/Veer/Library/Mobile\ Documents/com\~apple\~CloudDocs/HearifyV1/HearifyV1.xcodeproj
    

SwiftCompile normal arm64 Compiling\ SecureTokenResponse.swift /Users/Veer/Library/Developer/Xcode/DerivedData/HearifyV1-ftljoypfezvlxcgouzbpmsmxzads/SourcePackages/checkouts/firebase-ios-sdk/FirebaseAuth/Sources/Swift/Backend/RPC/SecureTokenResponse.swift (in target 'FirebaseAuth' from project 'Firebase')

SwiftCompile normal arm64 /Users/Veer/Library/Developer/Xcode/DerivedData/HearifyV1-ftljoypfezvlxcgouzbpmsmxzads/SourcePackages/checkouts/firebase-ios-sdk/FirebaseAuth/Sources/Swift/Backend/RPC/SecureTokenResponse.swift (in target 'FirebaseAuth' from project 'Firebase')
    cd /Users/Veer/Library/Mobile\ Documents/com\~apple\~CloudDocs/HearifyV1/HearifyV1.xcodeproj
    

SwiftExplicitDependencyGeneratePcm arm64 /Users/Veer/Library/Developer/Xcode/DerivedData/ModuleCache.noindex/_DarwinFoundation1-8RRKY76S00A3SX2ZBN1ZBKRE8.pcm

SwiftDriverJobDiscovery normal arm64 Compiling PhoneAuthProvider.swift, TwitterAuthProvider.swift, AuthBackend.swift, AuthBackendRPCIssuer.swift, AuthAPNSTokenType.swift (in target 'FirebaseAuth' from project 'Firebase')

SwiftCompile normal arm64 Compiling\ AuthAPNSTokenManager.swift /Users/Veer/Library/Developer/Xcode/DerivedData/HearifyV1-ftljoypfezvlxcgouzbpmsmxzads/SourcePackages/checkouts/firebase-ios-sdk/FirebaseAuth/Sources/Swift/SystemService/AuthAPNSTokenManager.swift (in target 'FirebaseAuth' from project 'Firebase')

SwiftCompile normal arm64 /Users/Veer/Library/Developer/Xcode/DerivedData/HearifyV1-ftljoypfezvlxcgouzbpmsmxzads/SourcePackages/checkouts/firebase-ios-sdk/FirebaseAuth/Sources/Swift/SystemService/AuthAPNSTokenManager.swift (in target 'FirebaseAuth' from project 'Firebase')
    cd /Users/Veer/Library/Mobile\ Documents/com\~apple\~CloudDocs/HearifyV1/HearifyV1.xcodeproj
    

SwiftExplicitDependencyGeneratePcm arm64 /Users/Veer/Library/Developer/Xcode/DerivedData/ModuleCache.noindex/_Builtin_limits-77A8VLY7TOX4DSPOV7DDYWOSW.pcm

SwiftDriverJobDiscovery normal arm64 Compiling StartMFAEnrollmentResponse.swift (in target 'FirebaseAuth' from project 'Firebase')

SwiftExplicitDependencyGeneratePcm arm64 /Users/Veer/Library/Developer/Xcode/DerivedData/ModuleCache.noindex/_DarwinFoundation2-7S4IT7DLXQLUSEK3NL9VO5Y1H.pcm

SwiftCompile normal arm64 Compiling\ AuthAPNSToken.swift /Users/Veer/Library/Developer/Xcode/DerivedData/HearifyV1-ftljoypfezvlxcgouzbpmsmxzads/SourcePackages/checkouts/firebase-ios-sdk/FirebaseAuth/Sources/Swift/SystemService/AuthAPNSToken.swift (in target 'FirebaseAuth' from project 'Firebase')

SwiftCompile normal arm64 /Users/Veer/Library/Developer/Xcode/DerivedData/HearifyV1-ftljoypfezvlxcgouzbpmsmxzads/SourcePackages/checkouts/firebase-ios-sdk/FirebaseAuth/Sources/Swift/SystemService/AuthAPNSToken.swift (in target 'FirebaseAuth' from project 'Firebase')
    cd /Users/Veer/Library/Mobile\ Documents/com\~apple\~CloudDocs/HearifyV1/HearifyV1.xcodeproj
    

SwiftDriverJobDiscovery normal arm64 Compiling TOTPMultiFactorGenerator.swift (in target 'FirebaseAuth' from project 'Firebase')

SwiftCompile normal arm64 Compiling\ MultiFactor.swift /Users/Veer/Library/Developer/Xcode/DerivedData/HearifyV1-ftljoypfezvlxcgouzbpmsmxzads/SourcePackages/checkouts/firebase-ios-sdk/FirebaseAuth/Sources/Swift/MultiFactor/MultiFactor.swift (in target 'FirebaseAuth' from project 'Firebase')

SwiftCompile normal arm64 /Users/Veer/Library/Developer/Xcode/DerivedData/HearifyV1-ftljoypfezvlxcgouzbpmsmxzads/SourcePackages/checkouts/firebase-ios-sdk/FirebaseAuth/Sources/Swift/MultiFactor/MultiFactor.swift (in target 'FirebaseAuth' from project 'Firebase')
    cd /Users/Veer/Library/Mobile\ Documents/com\~apple\~CloudDocs/HearifyV1/HearifyV1.xcodeproj
    

SwiftCompile normal arm64 Compiling\ TOTPSecret.swift /Users/Veer/Library/Developer/Xcode/DerivedData/HearifyV1-ftljoypfezvlxcgouzbpmsmxzads/SourcePackages/checkouts/firebase-ios-sdk/FirebaseAuth/Sources/Swift/MultiFactor/TOTP/TOTPSecret.swift (in target 'FirebaseAuth' from project 'Firebase')

SwiftCompile normal arm64 /Users/Veer/Library/Developer/Xcode/DerivedData/HearifyV1-ftljoypfezvlxcgouzbpmsmxzads/SourcePackages/checkouts/firebase-ios-sdk/FirebaseAuth/Sources/Swift/MultiFactor/TOTP/TOTPSecret.swift (in target 'FirebaseAuth' from project 'Firebase')
    cd /Users/Veer/Library/Mobile\ Documents/com\~apple\~CloudDocs/HearifyV1/HearifyV1.xcodeproj
    

SwiftDriverJobDiscovery normal arm64 Compiling SecureTokenResponse.swift (in target 'FirebaseAuth' from project 'Firebase')

SwiftCompile normal arm64 Compiling\ MultiFactorResolver.swift /Users/Veer/Library/Developer/Xcode/DerivedData/HearifyV1-ftljoypfezvlxcgouzbpmsmxzads/SourcePackages/checkouts/firebase-ios-sdk/FirebaseAuth/Sources/Swift/MultiFactor/MultiFactorResolver.swift (in target 'FirebaseAuth' from project 'Firebase')

SwiftCompile normal arm64 /Users/Veer/Library/Developer/Xcode/DerivedData/HearifyV1-ftljoypfezvlxcgouzbpmsmxzads/SourcePackages/checkouts/firebase-ios-sdk/FirebaseAuth/Sources/Swift/MultiFactor/MultiFactorResolver.swift (in target 'FirebaseAuth' from project 'Firebase')
    cd /Users/Veer/Library/Mobile\ Documents/com\~apple\~CloudDocs/HearifyV1/HearifyV1.xcodeproj
    

SwiftDriverJobDiscovery normal arm64 Compiling AuthKeychainServices.swift (in target 'FirebaseAuth' from project 'Firebase')

SwiftCompile normal arm64 Compiling\ IdentityToolkitRequest.swift /Users/Veer/Library/Developer/Xcode/DerivedData/HearifyV1-ftljoypfezvlxcgouzbpmsmxzads/SourcePackages/checkouts/firebase-ios-sdk/FirebaseAuth/Sources/Swift/Backend/IdentityToolkitRequest.swift (in target 'FirebaseAuth' from project 'Firebase')

SwiftCompile normal arm64 /Users/Veer/Library/Developer/Xcode/DerivedData/HearifyV1-ftljoypfezvlxcgouzbpmsmxzads/SourcePackages/checkouts/firebase-ios-sdk/FirebaseAuth/Sources/Swift/Backend/IdentityToolkitRequest.swift (in target 'FirebaseAuth' from project 'Firebase')
    cd /Users/Veer/Library/Mobile\ Documents/com\~apple\~CloudDocs/HearifyV1/HearifyV1.xcodeproj
    

SwiftExplicitDependencyGeneratePcm arm64 /Users/Veer/Library/Developer/Xcode/DerivedData/ModuleCache.noindex/_Builtin_tgmath-DH5JLIUREQK858026VR60DFW5.pcm

SwiftDriverJobDiscovery normal arm64 Compiling AuthAPNSToken.swift (in target 'FirebaseAuth' from project 'Firebase')

SwiftExplicitDependencyGeneratePcm arm64 /Users/Veer/Library/Developer/Xcode/DerivedData/ModuleCache.noindex/_Builtin_stdint-P0I589Q70EZTRZQAKEJP990V.pcm

SwiftExplicitDependencyGeneratePcm arm64 /Users/Veer/Library/Developer/Xcode/DerivedData/ModuleCache.noindex/sys_types-1942GU74EN4A1MQ4MMX0FVCHM.pcm

SwiftDriverJobDiscovery normal arm64 Compiling AuthUIDelegate.swift, AuthURLPresenter.swift, AuthWebUtils.swift, AuthWebView.swift, AuthWebViewController.swift (in target 'FirebaseAuth' from project 'Firebase')

SwiftCompile normal arm64 Compiling\ SendVerificationTokenRequest.swift /Users/Veer/Library/Developer/Xcode/DerivedData/HearifyV1-ftljoypfezvlxcgouzbpmsmxzads/SourcePackages/checkouts/firebase-ios-sdk/FirebaseAuth/Sources/Swift/Backend/RPC/SendVerificationTokenRequest.swift (in target 'FirebaseAuth' from project 'Firebase')

SwiftCompile normal arm64 /Users/Veer/Library/Developer/Xcode/DerivedData/HearifyV1-ftljoypfezvlxcgouzbpmsmxzads/SourcePackages/checkouts/firebase-ios-sdk/FirebaseAuth/Sources/Swift/Backend/RPC/SendVerificationTokenRequest.swift (in target 'FirebaseAuth' from project 'Firebase')
    cd /Users/Veer/Library/Mobile\ Documents/com\~apple\~CloudDocs/HearifyV1/HearifyV1.xcodeproj
    

SwiftExplicitDependencyGeneratePcm arm64 /Users/Veer/Library/Developer/Xcode/DerivedData/ModuleCache.noindex/_DarwinFoundation3-H5OCCCSLJQMMF2I3LSYN50DG.pcm

SwiftExplicitDependencyGeneratePcm arm64 /Users/Veer/Library/Developer/Xcode/DerivedData/ModuleCache.noindex/_Builtin_intrinsics-8E29G9VA2AJLJ9MAFB1FH05ER.pcm

SwiftDriverJobDiscovery normal arm64 Compiling TOTPSecret.swift (in target 'FirebaseAuth' from project 'Firebase')

SwiftExplicitDependencyGeneratePcm arm64 /Users/Veer/Library/Developer/Xcode/DerivedData/ModuleCache.noindex/_Builtin_stdatomic-5RUQ4Q5TOXKL7ZOVVT8AFB5M7.pcm

SwiftDriverJobDiscovery normal arm64 Compiling IdentityToolkitRequest.swift (in target 'FirebaseAuth' from project 'Firebase')

SwiftCompile normal arm64 Compiling\ MultiFactorSession.swift /Users/Veer/Library/Developer/Xcode/DerivedData/HearifyV1-ftljoypfezvlxcgouzbpmsmxzads/SourcePackages/checkouts/firebase-ios-sdk/FirebaseAuth/Sources/Swift/MultiFactor/MultiFactorSession.swift (in target 'FirebaseAuth' from project 'Firebase')

SwiftCompile normal arm64 /Users/Veer/Library/Developer/Xcode/DerivedData/HearifyV1-ftljoypfezvlxcgouzbpmsmxzads/SourcePackages/checkouts/firebase-ios-sdk/FirebaseAuth/Sources/Swift/MultiFactor/MultiFactorSession.swift (in target 'FirebaseAuth' from project 'Firebase')
    cd /Users/Veer/Library/Mobile\ Documents/com\~apple\~CloudDocs/HearifyV1/HearifyV1.xcodeproj
    

SwiftDriverJobDiscovery normal arm64 Compiling MultiFactorResolver.swift (in target 'FirebaseAuth' from project 'Firebase')

SwiftCompile normal arm64 Compiling\ StartMFASignInResponse.swift /Users/Veer/Library/Developer/Xcode/DerivedData/HearifyV1-ftljoypfezvlxcgouzbpmsmxzads/SourcePackages/checkouts/firebase-ios-sdk/FirebaseAuth/Sources/Swift/Backend/RPC/MultiFactor/SignIn/StartMFASignInResponse.swift (in target 'FirebaseAuth' from project 'Firebase')

SwiftCompile normal arm64 /Users/Veer/Library/Developer/Xcode/DerivedData/HearifyV1-ftljoypfezvlxcgouzbpmsmxzads/SourcePackages/checkouts/firebase-ios-sdk/FirebaseAuth/Sources/Swift/Backend/RPC/MultiFactor/SignIn/StartMFASignInResponse.swift (in target 'FirebaseAuth' from project 'Firebase')
    cd /Users/Veer/Library/Mobile\ Documents/com\~apple\~CloudDocs/HearifyV1/HearifyV1.xcodeproj
    

SwiftDriverJobDiscovery normal arm64 Compiling AuthAPNSTokenManager.swift (in target 'FirebaseAuth' from project 'Firebase')

SwiftCompile normal arm64 Compiling\ GetAccountInfoResponse.swift /Users/Veer/Library/Developer/Xcode/DerivedData/HearifyV1-ftljoypfezvlxcgouzbpmsmxzads/SourcePackages/checkouts/firebase-ios-sdk/FirebaseAuth/Sources/Swift/Backend/RPC/GetAccountInfoResponse.swift (in target 'FirebaseAuth' from project 'Firebase')
SwiftCompile normal arm64 /Users/Veer/Library/Developer/Xcode/DerivedData/HearifyV1-ftljoypfezvlxcgouzbpmsmxzads/SourcePackages/checkouts/firebase-ios-sdk/FirebaseAuth/Sources/Swift/Backend/RPC/GetAccountInfoResponse.swift (in target 'FirebaseAuth' from project 'Firebase')
    cd /Users/Veer/Library/Mobile\ Documents/com\~apple\~CloudDocs/HearifyV1/HearifyV1.xcodeproj
    

SwiftCompile normal arm64 Compiling\ AuthComponent.swift,\ AuthDataResult.swift,\ AuthDispatcher.swift,\ AuthGlobalWorkQueue.swift,\ AuthOperationType.swift,\ AuthSettings.swift /Users/Veer/Library/Developer/Xcode/DerivedData/HearifyV1-ftljoypfezvlxcgouzbpmsmxzads/SourcePackages/checkouts/firebase-ios-sdk/FirebaseAuth/Sources/Swift/Auth/AuthComponent.swift /Users/Veer/Library/Developer/Xcode/DerivedData/HearifyV1-ftljoypfezvlxcgouzbpmsmxzads/SourcePackages/checkouts/firebase-ios-sdk/FirebaseAuth/Sources/Swift/Auth/AuthDataResult.swift /Users/Veer/Library/Developer/Xcode/DerivedData/HearifyV1-ftljoypfezvlxcgouzbpmsmxzads/SourcePackages/checkouts/firebase-ios-sdk/FirebaseAuth/Sources/Swift/Auth/AuthDispatcher.swift /Users/Veer/Library/Developer/Xcode/DerivedData/HearifyV1-ftljoypfezvlxcgouzbpmsmxzads/SourcePackages/checkouts/firebase-ios-sdk/FirebaseAuth/Sources/Swift/Auth/AuthGlobalWorkQueue.swift /Users/Veer/Library/Developer/Xcode/DerivedData/HearifyV1-ftljoypfezvlxcgouzbpmsmxzads/SourcePackages/checkouts/firebase-ios-sdk/FirebaseAuth/Sources/Swift/Auth/AuthOperationType.swift /Users/Veer/Library/Developer/Xcode/DerivedData/HearifyV1-ftljoypfezvlxcgouzbpmsmxzads/SourcePackages/checkouts/firebase-ios-sdk/FirebaseAuth/Sources/Swift/Auth/AuthSettings.swift (in target 'FirebaseAuth' from project 'Firebase')
SwiftCompile normal arm64 /Users/Veer/Library/Developer/Xcode/DerivedData/HearifyV1-ftljoypfezvlxcgouzbpmsmxzads/SourcePackages/checkouts/firebase-ios-sdk/FirebaseAuth/Sources/Swift/Auth/AuthComponent.swift (in target 'FirebaseAuth' from project 'Firebase')
    cd /Users/Veer/Library/Mobile\ Documents/com\~apple\~CloudDocs/HearifyV1/HearifyV1.xcodeproj
    

SwiftCompile normal arm64 /Users/Veer/Library/Developer/Xcode/DerivedData/HearifyV1-ftljoypfezvlxcgouzbpmsmxzads/SourcePackages/checkouts/firebase-ios-sdk/FirebaseAuth/Sources/Swift/Auth/AuthDataResult.swift (in target 'FirebaseAuth' from project 'Firebase')
    cd /Users/Veer/Library/Mobile\ Documents/com\~apple\~CloudDocs/HearifyV1/HearifyV1.xcodeproj
    

SwiftCompile normal arm64 /Users/Veer/Library/Developer/Xcode/DerivedData/HearifyV1-ftljoypfezvlxcgouzbpmsmxzads/SourcePackages/checkouts/firebase-ios-sdk/FirebaseAuth/Sources/Swift/Auth/AuthDispatcher.swift (in target 'FirebaseAuth' from project 'Firebase')
    cd /Users/Veer/Library/Mobile\ Documents/com\~apple\~CloudDocs/HearifyV1/HearifyV1.xcodeproj
    

SwiftCompile normal arm64 /Users/Veer/Library/Developer/Xcode/DerivedData/HearifyV1-ftljoypfezvlxcgouzbpmsmxzads/SourcePackages/checkouts/firebase-ios-sdk/FirebaseAuth/Sources/Swift/Auth/AuthGlobalWorkQueue.swift (in target 'FirebaseAuth' from project 'Firebase')
    cd /Users/Veer/Library/Mobile\ Documents/com\~apple\~CloudDocs/HearifyV1/HearifyV1.xcodeproj
    

SwiftCompile normal arm64 /Users/Veer/Library/Developer/Xcode/DerivedData/HearifyV1-ftljoypfezvlxcgouzbpmsmxzads/SourcePackages/checkouts/firebase-ios-sdk/FirebaseAuth/Sources/Swift/Auth/AuthOperationType.swift (in target 'FirebaseAuth' from project 'Firebase')
    cd /Users/Veer/Library/Mobile\ Documents/com\~apple\~CloudDocs/HearifyV1/HearifyV1.xcodeproj
    

SwiftCompile normal arm64 /Users/Veer/Library/Developer/Xcode/DerivedData/HearifyV1-ftljoypfezvlxcgouzbpmsmxzads/SourcePackages/checkouts/firebase-ios-sdk/FirebaseAuth/Sources/Swift/Auth/AuthSettings.swift (in target 'FirebaseAuth' from project 'Firebase')
    cd /Users/Veer/Library/Mobile\ Documents/com\~apple\~CloudDocs/HearifyV1/HearifyV1.xcodeproj
    

SwiftDriverJobDiscovery normal arm64 Compiling MultiFactor.swift (in target 'FirebaseAuth' from project 'Firebase')

SwiftCompile normal arm64 Compiling\ AuthTokenResult.swift,\ AuthCredential.swift,\ AuthProviderID.swift,\ EmailAuthProvider.swift,\ FacebookAuthProvider.swift,\ FederatedAuthProvider.swift /Users/Veer/Library/Developer/Xcode/DerivedData/HearifyV1-ftljoypfezvlxcgouzbpmsmxzads/SourcePackages/checkouts/firebase-ios-sdk/FirebaseAuth/Sources/Swift/Auth/AuthTokenResult.swift /Users/Veer/Library/Developer/Xcode/DerivedData/HearifyV1-ftljoypfezvlxcgouzbpmsmxzads/SourcePackages/checkouts/firebase-ios-sdk/FirebaseAuth/Sources/Swift/AuthProvider/AuthCredential.swift /Users/Veer/Library/Developer/Xcode/DerivedData/HearifyV1-ftljoypfezvlxcgouzbpmsmxzads/SourcePackages/checkouts/firebase-ios-sdk/FirebaseAuth/Sources/Swift/AuthProvider/AuthProviderID.swift /Users/Veer/Library/Developer/Xcode/DerivedData/HearifyV1-ftljoypfezvlxcgouzbpmsmxzads/SourcePackages/checkouts/firebase-ios-sdk/FirebaseAuth/Sources/Swift/AuthProvider/EmailAuthProvider.swift /Users/Veer/Library/Developer/Xcode/DerivedData/HearifyV1-ftljoypfezvlxcgouzbpmsmxzads/SourcePackages/checkouts/firebase-ios-sdk/FirebaseAuth/Sources/Swift/AuthProvider/FacebookAuthProvider.swift /Users/Veer/Library/Developer/Xcode/DerivedData/HearifyV1-ftljoypfezvlxcgouzbpmsmxzads/SourcePackages/checkouts/firebase-ios-sdk/FirebaseAuth/Sources/Swift/AuthProvider/FederatedAuthProvider.swift (in target 'FirebaseAuth' from project 'Firebase')
SwiftCompile normal arm64 /Users/Veer/Library/Developer/Xcode/DerivedData/HearifyV1-ftljoypfezvlxcgouzbpmsmxzads/SourcePackages/checkouts/firebase-ios-sdk/FirebaseAuth/Sources/Swift/Auth/AuthTokenResult.swift (in target 'FirebaseAuth' from project 'Firebase')
    cd /Users/Veer/Library/Mobile\ Documents/com\~apple\~CloudDocs/HearifyV1/HearifyV1.xcodeproj
    

SwiftCompile normal arm64 /Users/Veer/Library/Developer/Xcode/DerivedData/HearifyV1-ftljoypfezvlxcgouzbpmsmxzads/SourcePackages/checkouts/firebase-ios-sdk/FirebaseAuth/Sources/Swift/AuthProvider/AuthCredential.swift (in target 'FirebaseAuth' from project 'Firebase')
    cd /Users/Veer/Library/Mobile\ Documents/com\~apple\~CloudDocs/HearifyV1/HearifyV1.xcodeproj
    

SwiftCompile normal arm64 /Users/Veer/Library/Developer/Xcode/DerivedData/HearifyV1-ftljoypfezvlxcgouzbpmsmxzads/SourcePackages/checkouts/firebase-ios-sdk/FirebaseAuth/Sources/Swift/AuthProvider/AuthProviderID.swift (in target 'FirebaseAuth' from project 'Firebase')
    cd /Users/Veer/Library/Mobile\ Documents/com\~apple\~CloudDocs/HearifyV1/HearifyV1.xcodeproj
    

SwiftCompile normal arm64 /Users/Veer/Library/Developer/Xcode/DerivedData/HearifyV1-ftljoypfezvlxcgouzbpmsmxzads/SourcePackages/checkouts/firebase-ios-sdk/FirebaseAuth/Sources/Swift/AuthProvider/EmailAuthProvider.swift (in target 'FirebaseAuth' from project 'Firebase')
    cd /Users/Veer/Library/Mobile\ Documents/com\~apple\~CloudDocs/HearifyV1/HearifyV1.xcodeproj
    

SwiftCompile normal arm64 /Users/Veer/Library/Developer/Xcode/DerivedData/HearifyV1-ftljoypfezvlxcgouzbpmsmxzads/SourcePackages/checkouts/firebase-ios-sdk/FirebaseAuth/Sources/Swift/AuthProvider/FacebookAuthProvider.swift (in target 'FirebaseAuth' from project 'Firebase')
    cd /Users/Veer/Library/Mobile\ Documents/com\~apple\~CloudDocs/HearifyV1/HearifyV1.xcodeproj
    

SwiftCompile normal arm64 /Users/Veer/Library/Developer/Xcode/DerivedData/HearifyV1-ftljoypfezvlxcgouzbpmsmxzads/SourcePackages/checkouts/firebase-ios-sdk/FirebaseAuth/Sources/Swift/AuthProvider/FederatedAuthProvider.swift (in target 'FirebaseAuth' from project 'Firebase')
    cd /Users/Veer/Library/Mobile\ Documents/com\~apple\~CloudDocs/HearifyV1/HearifyV1.xcodeproj
    

SwiftExplicitDependencyGeneratePcm arm64 /Users/Veer/Library/Developer/Xcode/DerivedData/ModuleCache.noindex/_Builtin_inttypes-DZ1RDK1737H8QQYHU26DDIYFX.pcm

SwiftDriverJobDiscovery normal arm64 Compiling GameCenterAuthProvider.swift, GitHubAuthProvider.swift, GoogleAuthProvider.swift, OAuthCredential.swift, OAuthProvider.swift, PhoneAuthCredential.swift (in target 'FirebaseAuth' from project 'Firebase')

SwiftExplicitDependencyGeneratePcm arm64 /Users/Veer/Library/Developer/Xcode/DerivedData/ModuleCache.noindex/CommonCrypto-2JOJDRNN4N8ZYIFOW8CKQHOXM.pcm

SwiftExplicitDependencyGeneratePcm arm64 /Users/Veer/Library/Developer/Xcode/DerivedData/ModuleCache.noindex/Darwin-59H0LJ7KY5V3QMCYCDVSEL802.pcm

SwiftCompile normal arm64 Compiling\ PhoneMultiFactorAssertion.swift /Users/Veer/Library/Developer/Xcode/DerivedData/HearifyV1-ftljoypfezvlxcgouzbpmsmxzads/SourcePackages/checkouts/firebase-ios-sdk/FirebaseAuth/Sources/Swift/MultiFactor/Phone/PhoneMultiFactorAssertion.swift (in target 'FirebaseAuth' from project 'Firebase')

SwiftCompile normal arm64 /Users/Veer/Library/Developer/Xcode/DerivedData/HearifyV1-ftljoypfezvlxcgouzbpmsmxzads/SourcePackages/checkouts/firebase-ios-sdk/FirebaseAuth/Sources/Swift/MultiFactor/Phone/PhoneMultiFactorAssertion.swift (in target 'FirebaseAuth' from project 'Firebase')
    cd /Users/Veer/Library/Mobile\ Documents/com\~apple\~CloudDocs/HearifyV1/HearifyV1.xcodeproj
    

SwiftDriverJobDiscovery normal arm64 Compiling SendVerificationTokenRequest.swift (in target 'FirebaseAuth' from project 'Firebase')

SwiftCompile normal arm64 Compiling\ PhoneMultiFactorGenerator.swift /Users/Veer/Library/Developer/Xcode/DerivedData/HearifyV1-ftljoypfezvlxcgouzbpmsmxzads/SourcePackages/checkouts/firebase-ios-sdk/FirebaseAuth/Sources/Swift/MultiFactor/Phone/PhoneMultiFactorGenerator.swift (in target 'FirebaseAuth' from project 'Firebase')

SwiftCompile normal arm64 /Users/Veer/Library/Developer/Xcode/DerivedData/HearifyV1-ftljoypfezvlxcgouzbpmsmxzads/SourcePackages/checkouts/firebase-ios-sdk/FirebaseAuth/Sources/Swift/MultiFactor/Phone/PhoneMultiFactorGenerator.swift (in target 'FirebaseAuth' from project 'Firebase')
    cd /Users/Veer/Library/Mobile\ Documents/com\~apple\~CloudDocs/HearifyV1/HearifyV1.xcodeproj
    

SwiftExplicitDependencyGeneratePcm arm64 /Users/Veer/Library/Developer/Xcode/DerivedData/ModuleCache.noindex/simd-246Q497X8X66Q8GYY79EL6COU.pcm

SwiftDriverJobDiscovery normal arm64 Compiling MultiFactorSession.swift (in target 'FirebaseAuth' from project 'Firebase')

SwiftCompile normal arm64 Compiling\ AuthProtoStartMFAPhoneRequestInfo.swift /Users/Veer/Library/Developer/Xcode/DerivedData/HearifyV1-ftljoypfezvlxcgouzbpmsmxzads/SourcePackages/checkouts/firebase-ios-sdk/FirebaseAuth/Sources/Swift/Backend/RPC/Proto/Phone/AuthProtoStartMFAPhoneRequestInfo.swift (in target 'FirebaseAuth' from project 'Firebase')

SwiftCompile normal arm64 /Users/Veer/Library/Developer/Xcode/DerivedData/HearifyV1-ftljoypfezvlxcgouzbpmsmxzads/SourcePackages/checkouts/firebase-ios-sdk/FirebaseAuth/Sources/Swift/Backend/RPC/Proto/Phone/AuthProtoStartMFAPhoneRequestInfo.swift (in target 'FirebaseAuth' from project 'Firebase')
    cd /Users/Veer/Library/Mobile\ Documents/com\~apple\~CloudDocs/HearifyV1/HearifyV1.xcodeproj
    

SwiftDriverJobDiscovery normal arm64 Compiling resource_bundle_accessor.swift, ActionCodeInfo.swift, ActionCodeOperation.swift, ActionCodeSettings.swift, ActionCodeURL.swift, Auth.swift (in target 'FirebaseAuth' from project 'Firebase')

SwiftDriverJobDiscovery normal arm64 Compiling StartMFASignInResponse.swift (in target 'FirebaseAuth' from project 'Firebase')

SwiftCompile normal arm64 Compiling\ GetOOBConfirmationCodeRequest.swift /Users/Veer/Library/Developer/Xcode/DerivedData/HearifyV1-ftljoypfezvlxcgouzbpmsmxzads/SourcePackages/checkouts/firebase-ios-sdk/FirebaseAuth/Sources/Swift/Backend/RPC/GetOOBConfirmationCodeRequest.swift (in target 'FirebaseAuth' from project 'Firebase')

SwiftCompile normal arm64 /Users/Veer/Library/Developer/Xcode/DerivedData/HearifyV1-ftljoypfezvlxcgouzbpmsmxzads/SourcePackages/checkouts/firebase-ios-sdk/FirebaseAuth/Sources/Swift/Backend/RPC/GetOOBConfirmationCodeRequest.swift (in target 'FirebaseAuth' from project 'Firebase')
    cd /Users/Veer/Library/Mobile\ Documents/com\~apple\~CloudDocs/HearifyV1/HearifyV1.xcodeproj
    

SwiftCompile normal arm64 Compiling\ SecureTokenRequest.swift /Users/Veer/Library/Developer/Xcode/DerivedData/HearifyV1-ftljoypfezvlxcgouzbpmsmxzads/SourcePackages/checkouts/firebase-ios-sdk/FirebaseAuth/Sources/Swift/Backend/RPC/SecureTokenRequest.swift (in target 'FirebaseAuth' from project 'Firebase')

SwiftCompile normal arm64 /Users/Veer/Library/Developer/Xcode/DerivedData/HearifyV1-ftljoypfezvlxcgouzbpmsmxzads/SourcePackages/checkouts/firebase-ios-sdk/FirebaseAuth/Sources/Swift/Backend/RPC/SecureTokenRequest.swift (in target 'FirebaseAuth' from project 'Firebase')
    cd /Users/Veer/Library/Mobile\ Documents/com\~apple\~CloudDocs/HearifyV1/HearifyV1.xcodeproj
    

SwiftDriverJobDiscovery normal arm64 Compiling TokenRefreshCoalescer.swift, AdditionalUserInfo.swift, User.swift, UserInfo.swift, UserInfoImpl.swift (in target 'FirebaseAuth' from project 'Firebase')

SwiftCompile normal arm64 Compiling\ AuthRequestConfiguration.swift /Users/Veer/Library/Developer/Xcode/DerivedData/HearifyV1-ftljoypfezvlxcgouzbpmsmxzads/SourcePackages/checkouts/firebase-ios-sdk/FirebaseAuth/Sources/Swift/Backend/AuthRequestConfiguration.swift (in target 'FirebaseAuth' from project 'Firebase')

SwiftCompile normal arm64 /Users/Veer/Library/Developer/Xcode/DerivedData/HearifyV1-ftljoypfezvlxcgouzbpmsmxzads/SourcePackages/checkouts/firebase-ios-sdk/FirebaseAuth/Sources/Swift/Backend/AuthRequestConfiguration.swift (in target 'FirebaseAuth' from project 'Firebase')
    cd /Users/Veer/Library/Mobile\ Documents/com\~apple\~CloudDocs/HearifyV1/HearifyV1.xcodeproj
    

SwiftDriverJobDiscovery normal arm64 Compiling GetAccountInfoResponse.swift (in target 'FirebaseAuth' from project 'Firebase')

SwiftDriverJobDiscovery normal arm64 Compiling PhoneMultiFactorGenerator.swift (in target 'FirebaseAuth' from project 'Firebase')

SwiftDriverJobDiscovery normal arm64 Compiling PhoneMultiFactorAssertion.swift (in target 'FirebaseAuth' from project 'Firebase')

SwiftDriverJobDiscovery normal arm64 Compiling AuthProtoStartMFAPhoneRequestInfo.swift (in target 'FirebaseAuth' from project 'Firebase')

SwiftDriverJobDiscovery normal arm64 Compiling AuthRequestConfiguration.swift (in target 'FirebaseAuth' from project 'Firebase')

SwiftDriverJobDiscovery normal arm64 Compiling SecureTokenRequest.swift (in target 'FirebaseAuth' from project 'Firebase')

SwiftDriverJobDiscovery normal arm64 Compiling AuthComponent.swift, AuthDataResult.swift, AuthDispatcher.swift, AuthGlobalWorkQueue.swift, AuthOperationType.swift, AuthSettings.swift (in target 'FirebaseAuth' from project 'Firebase')

SwiftDriverJobDiscovery normal arm64 Compiling GetOOBConfirmationCodeRequest.swift (in target 'FirebaseAuth' from project 'Firebase')

SwiftCompile normal arm64 Compiling\ VerifyPhoneNumberRequest.swift /Users/Veer/Library/Developer/Xcode/DerivedData/HearifyV1-ftljoypfezvlxcgouzbpmsmxzads/SourcePackages/checkouts/firebase-ios-sdk/FirebaseAuth/Sources/Swift/Backend/RPC/VerifyPhoneNumberRequest.swift (in target 'FirebaseAuth' from project 'Firebase')

SwiftCompile normal arm64 /Users/Veer/Library/Developer/Xcode/DerivedData/HearifyV1-ftljoypfezvlxcgouzbpmsmxzads/SourcePackages/checkouts/firebase-ios-sdk/FirebaseAuth/Sources/Swift/Backend/RPC/VerifyPhoneNumberRequest.swift (in target 'FirebaseAuth' from project 'Firebase')
    cd /Users/Veer/Library/Mobile\ Documents/com\~apple\~CloudDocs/HearifyV1/HearifyV1.xcodeproj
    

SwiftExplicitDependencyGeneratePcm arm64 /Users/Veer/Library/Developer/Xcode/DerivedData/ModuleCache.noindex/MachO-AIEZZCJEQUX66G576T35XJEM4.pcm

SwiftExplicitDependencyGeneratePcm arm64 /Users/Veer/Library/Developer/Xcode/DerivedData/ModuleCache.noindex/ObjectiveC-3D2DJHWAGG7MGSHHJ7M4JCW5M.pcm

SwiftExplicitDependencyGeneratePcm arm64 /Users/Veer/Library/Developer/Xcode/DerivedData/ModuleCache.noindex/os_object-A9QSWTGGNT8JSS3W8ED9DMRX6.pcm

SwiftExplicitDependencyGeneratePcm arm64 /Users/Veer/Library/Developer/Xcode/DerivedData/ModuleCache.noindex/os_workgroup-2RPZ9R4APCC2GKIZRHWIJI3P6.pcm

SwiftDriverJobDiscovery normal arm64 Compiling AuthTokenResult.swift, AuthCredential.swift, AuthProviderID.swift, EmailAuthProvider.swift, FacebookAuthProvider.swift, FederatedAuthProvider.swift (in target 'FirebaseAuth' from project 'Firebase')

SwiftDriverJobDiscovery normal arm64 Compiling VerifyPhoneNumberRequest.swift (in target 'FirebaseAuth' from project 'Firebase')

SwiftCompile normal arm64 Compiling\ RevokeTokenRequest.swift /Users/Veer/Library/Developer/Xcode/DerivedData/HearifyV1-ftljoypfezvlxcgouzbpmsmxzads/SourcePackages/checkouts/firebase-ios-sdk/FirebaseAuth/Sources/Swift/Backend/RPC/RevokeTokenRequest.swift (in target 'FirebaseAuth' from project 'Firebase')
SwiftCompile normal arm64 /Users/Veer/Library/Developer/Xcode/DerivedData/HearifyV1-ftljoypfezvlxcgouzbpmsmxzads/SourcePackages/checkouts/firebase-ios-sdk/FirebaseAuth/Sources/Swift/Backend/RPC/RevokeTokenRequest.swift (in target 'FirebaseAuth' from project 'Firebase')
    cd /Users/Veer/Library/Mobile\ Documents/com\~apple\~CloudDocs/HearifyV1/HearifyV1.xcodeproj
    

SwiftExplicitDependencyGeneratePcm arm64 /Users/Veer/Library/Developer/Xcode/DerivedData/ModuleCache.noindex/Spatial-5BTZXOS6SF4T7U14NUF21L2WG.pcm

SwiftExplicitDependencyGeneratePcm arm64 /Users/Veer/Library/Developer/Xcode/DerivedData/ModuleCache.noindex/Dispatch-4J74QOZNY6KRU5U81G7IG09PD.pcm

SwiftExplicitDependencyGeneratePcm arm64 /Users/Veer/Library/Developer/Xcode/DerivedData/ModuleCache.noindex/dnssd-B1WUVK0JHI2VCMXZ56JHKMTIC.pcm

SwiftExplicitDependencyGeneratePcm arm64 /Users/Veer/Library/Developer/Xcode/DerivedData/ModuleCache.noindex/CoreFoundation-6U3Y3NG82K37RC03E8Q69X20I.pcm

SwiftExplicitDependencyGeneratePcm arm64 /Users/Veer/Library/Developer/Xcode/DerivedData/ModuleCache.noindex/XPC-2JX81GGSJWZZFPOLKEYFLVRSB.pcm

SwiftDriverJobDiscovery normal arm64 Compiling RevokeTokenRequest.swift (in target 'FirebaseAuth' from project 'Firebase')

SwiftDriver\ Compilation FirebaseAuth normal arm64 com.apple.xcode.tools.swift.compiler (in target 'FirebaseAuth' from project 'Firebase')
    cd /Users/Veer/Library/Mobile\ Documents/com\~apple\~CloudDocs/HearifyV1/HearifyV1.xcodeproj
    builtin-Swift-Compilation -- /Applications/Xcode.app/Contents/Developer/Toolchains/XcodeDefault.xctoolchain/usr/bin/swiftc -module-name FirebaseAuth -Onone -enforce-exclusivity\=checked @/Users/Veer/Library/Developer/Xcode/DerivedData/HearifyV1-ftljoypfezvlxcgouzbpmsmxzads/Build/Intermediates.noindex/Firebase.build/Debug-iphoneos/FirebaseAuth.build/Objects-normal/arm64/FirebaseAuth.SwiftFileList -DSWIFT_PACKAGE -DDEBUG -DSWIFT_MODULE_RESOURCE_BUNDLE_AVAILABLE -Xcc -fmodule-map-file\=/Users/Veer/Library/Developer/Xcode/DerivedData/HearifyV1-ftljoypfezvlxcgouzbpmsmxzads/Build/Intermediates.noindex/GeneratedModuleMaps-iphoneos/RecaptchaInterop.modulemap -Xcc -fmodule-map-file\=/Users/Veer/Library/Developer/Xcode/DerivedData/HearifyV1-ftljoypfezvlxcgouzbpmsmxzads/Build/Intermediates.noindex/GeneratedModuleMaps-iphoneos/GoogleUtilities-Network.modulemap -Xcc -fmodule-map-file\=/Users/Veer/Library/Developer/Xcode/DerivedData/HearifyV1-ftljoypfezvlxcgouzbpmsmxzads/Build/Intermediates.noindex/GeneratedModuleMaps-iphoneos/GoogleUtilities-Reachability.modulemap -Xcc -fmodule-map-file\=/Users/Veer/Library/Developer/Xcode/DerivedData/HearifyV1-ftljoypfezvlxcgouzbpmsmxzads/Build/Intermediates.noindex/GeneratedModuleMaps-iphoneos/GoogleUtilities-NSData.modulemap -Xcc -fmodule-map-file\=/Users/Veer/Library/Developer/Xcode/DerivedData/HearifyV1-ftljoypfezvlxcgouzbpmsmxzads/Build/Intermediates.noindex/GeneratedModuleMaps-iphoneos/GoogleUtilities-Logger.modulemap -Xcc -fmodule-map-file\=/Users/Veer/Library/Developer/Xcode/DerivedData/HearifyV1-ftljoypfezvlxcgouzbpmsmxzads/Build/Intermediates.noindex/GeneratedModuleMaps-iphoneos/GoogleUtilities-Environment.modulemap -Xcc -fmodule-map-file\=/Users/Veer/Library/Developer/Xcode/DerivedData/HearifyV1-ftljoypfezvlxcgouzbpmsmxzads/Build/Intermediates.noindex/GeneratedModuleMaps-iphoneos/third-party-IsAppEncrypted.modulemap -Xcc -fmodule-map-file\=/Users/Veer/Library/Developer/Xcode/DerivedData/HearifyV1-ftljoypfezvlxcgouzbpmsmxzads/Build/Intermediates.noindex/GeneratedModuleMaps-iphoneos/GoogleUtilities-AppDelegateSwizzler.modulemap -Xcc -fmodule-map-file\=/Users/Veer/Library/Developer/Xcode/DerivedData/HearifyV1-ftljoypfezvlxcgouzbpmsmxzads/Build/Intermediates.noindex/GeneratedModuleMaps-iphoneos/GTMSessionFetcherCore.modulemap -Xcc -fmodule-map-file\=/Users/Veer/Library/Developer/Xcode/DerivedData/HearifyV1-ftljoypfezvlxcgouzbpmsmxzads/Build/Intermediates.noindex/GeneratedModuleMaps-iphoneos/FirebaseCoreExtension.modulemap -Xcc -fmodule-map-file\=/Users/Veer/Library/Developer/Xcode/DerivedData/HearifyV1-ftljoypfezvlxcgouzbpmsmxzads/Build/Intermediates.noindex/GeneratedModuleMaps-iphoneos/FirebaseCore.modulemap -Xcc -fmodule-map-file\=/Users/Veer/Library/Developer/Xcode/DerivedData/HearifyV1-ftljoypfezvlxcgouzbpmsmxzads/Build/Intermediates.noindex/GeneratedModuleMaps-iphoneos/FirebaseAuthInternal.modulemap -Xcc -fmodule-map-file\=/Users/Veer/Library/Developer/Xcode/DerivedData/HearifyV1-ftljoypfezvlxcgouzbpmsmxzads/Build/Intermediates.noindex/GeneratedModuleMaps-iphoneos/FirebaseAuthInterop.modulemap -Xcc -fmodule-map-file\=/Users/Veer/Library/Developer/Xcode/DerivedData/HearifyV1-ftljoypfezvlxcgouzbpmsmxzads/Build/Intermediates.noindex/GeneratedModuleMaps-iphoneos/FirebaseAppCheckInterop.modulemap -DXcode -plugin-path /Applications/Xcode.app/Contents/Developer/Toolchains/XcodeDefault.xctoolchain/usr/lib/swift/host/plugins/testing -enable-experimental-feature DebugDescriptionMacro -sdk /Applications/Xcode.app/Contents/Developer/Platforms/iPhoneOS.platform/Developer/SDKs/iPhoneOS26.2.sdk -target arm64-apple-ios15.0 -g -module-cache-path /Users/Veer/Library/Developer/Xcode/DerivedData/ModuleCache.noindex -Xfrontend -serialize-debugging-options -profile-coverage-mapping -profile-generate -enable-testing -suppress-warnings -index-store-path /Users/Veer/Library/Developer/Xcode/DerivedData/HearifyV1-ftljoypfezvlxcgouzbpmsmxzads/Index.noindex/DataStore -Xcc -D_LIBCPP_HARDENING_MODE\=_LIBCPP_HARDENING_MODE_DEBUG -swift-version 5 -I /Users/Veer/Library/Developer/Xcode/DerivedData/HearifyV1-ftljoypfezvlxcgouzbpmsmxzads/Build/Products/Debug-iphoneos -Isystem /Applications/Xcode.app/Contents/Developer/Platforms/iPhoneOS.platform/Developer/usr/lib -F /Users/Veer/Library/Developer/Xcode/DerivedData/HearifyV1-ftljoypfezvlxcgouzbpmsmxzads/Build/Products/Debug-iphoneos/PackageFrameworks -F /Users/Veer/Library/Developer/Xcode/DerivedData/HearifyV1-ftljoypfezvlxcgouzbpmsmxzads/Build/Products/Debug-iphoneos/PackageFrameworks -F /Users/Veer/Library/Developer/Xcode/DerivedData/HearifyV1-ftljoypfezvlxcgouzbpmsmxzads/Build/Products/Debug-iphoneos/PackageFrameworks -F /Users/Veer/Library/Developer/Xcode/DerivedData/HearifyV1-ftljoypfezvlxcgouzbpmsmxzads/Build/Products/Debug-iphoneos/PackageFrameworks -F /Users/Veer/Library/Developer/Xcode/DerivedData/HearifyV1-ftljoypfezvlxcgouzbpmsmxzads/Build/Products/Debug-iphoneos/PackageFrameworks -F /Users/Veer/Library/Developer/Xcode/DerivedData/HearifyV1-ftljoypfezvlxcgouzbpmsmxzads/Build/Products/Debug-iphoneos/PackageFrameworks -F /Users/Veer/Library/Developer/Xcode/DerivedData/HearifyV1-ftljoypfezvlxcgouzbpmsmxzads/Build/Products/Debug-iphoneos/PackageFrameworks -F /Users/Veer/Library/Developer/Xcode/DerivedData/HearifyV1-ftljoypfezvlxcgouzbpmsmxzads/Build/Products/Debug-iphoneos/PackageFrameworks -F /Users/Veer/Library/Developer/Xcode/DerivedData/HearifyV1-ftljoypfezvlxcgouzbpmsmxzads/Build/Products/Debug-iphoneos/PackageFrameworks -F /Users/Veer/Library/Developer/Xcode/DerivedData/HearifyV1-ftljoypfezvlxcgouzbpmsmxzads/Build/Products/Debug-iphoneos/PackageFrameworks -F /Users/Veer/Library/Developer/Xcode/DerivedData/HearifyV1-ftljoypfezvlxcgouzbpmsmxzads/Build/Products/Debug-iphoneos/PackageFrameworks -F /Users/Veer/Library/Developer/Xcode/DerivedData/HearifyV1-ftljoypfezvlxcgouzbpmsmxzads/Build/Products/Debug-iphoneos/PackageFrameworks -F /Users/Veer/Library/Developer/Xcode/DerivedData/HearifyV1-ftljoypfezvlxcgouzbpmsmxzads/Build/Products/Debug-iphoneos/PackageFrameworks -F /Users/Veer/Library/Developer/Xcode/DerivedData/HearifyV1-ftljoypfezvlxcgouzbpmsmxzads/Build/Products/Debug-iphoneos/PackageFrameworks -F /Users/Veer/Library/Developer/Xcode/DerivedData/HearifyV1-ftljoypfezvlxcgouzbpmsmxzads/Build/Products/Debug-iphoneos/PackageFrameworks -F /Users/Veer/Library/Developer/Xcode/DerivedData/HearifyV1-ftljoypfezvlxcgouzbpmsmxzads/Build/Products/Debug-iphoneos/PackageFrameworks -F /Users/Veer/Library/Developer/Xcode/DerivedData/HearifyV1-ftljoypfezvlxcgouzbpmsmxzads/Build/Products/Debug-iphoneos -F /Applications/Xcode.app/Contents/Developer/Platforms/iPhoneOS.platform/Developer/Library/Frameworks -F /Applications/Xcode.app/Contents/Developer/Platforms/iPhoneOS.platform/Developer/SDKs/iPhoneOS26.2.sdk/Developer/Library/Frameworks -c -j10 -enable-batch-mode -incremental -Xcc -ivfsstatcache -Xcc /Users/Veer/Library/Developer/Xcode/DerivedData/SDKStatCaches.noindex/iphoneos26.2-23C53-3794476bd08197c3e2abd9bb477ef7f7.sdkstatcache -output-file-map /Users/Veer/Library/Developer/Xcode/DerivedData/HearifyV1-ftljoypfezvlxcgouzbpmsmxzads/Build/Intermediates.noindex/Firebase.build/Debug-iphoneos/FirebaseAuth.build/Objects-normal/arm64/FirebaseAuth-OutputFileMap.json -use-frontend-parseable-output -save-temps -no-color-diagnostics -explicit-module-build -module-cache-path /Users/Veer/Library/Developer/Xcode/DerivedData/HearifyV1-ftljoypfezvlxcgouzbpmsmxzads/Build/Intermediates.noindex/SwiftExplicitPrecompiledModules -clang-scanner-module-cache-path /Users/Veer/Library/Developer/Xcode/DerivedData/ModuleCache.noindex -sdk-module-cache-path /Users/Veer/Library/Developer/Xcode/DerivedData/ModuleCache.noindex -serialize-diagnostics -emit-dependencies -emit-module -emit-module-path /Users/Veer/Library/Developer/Xcode/DerivedData/HearifyV1-ftljoypfezvlxcgouzbpmsmxzads/Build/Intermediates.noindex/Firebase.build/Debug-iphoneos/FirebaseAuth.build/Objects-normal/arm64/FirebaseAuth.swiftmodule -user-module-version 12.8.0 -validate-clang-modules-once -clang-build-session-file /Users/Veer/Library/Developer/Xcode/DerivedData/ModuleCache.noindex/Session.modulevalidation -package-name firebase_ios_sdk -Xcc -I/Users/Veer/Library/Developer/Xcode/DerivedData/HearifyV1-ftljoypfezvlxcgouzbpmsmxzads/Build/Intermediates.noindex/Firebase.build/Debug-iphoneos/FirebaseAuth.build/swift-overrides.hmap -emit-const-values -Xfrontend -const-gather-protocols-file -Xfrontend /Users/Veer/Library/Developer/Xcode/DerivedData/HearifyV1-ftljoypfezvlxcgouzbpmsmxzads/Build/Intermediates.noindex/Firebase.build/Debug-iphoneos/FirebaseAuth.build/Objects-normal/arm64/FirebaseAuth_const_extract_protocols.json -Xcc -I/Users/Veer/Library/Developer/Xcode/DerivedData/HearifyV1-ftljoypfezvlxcgouzbpmsmxzads/SourcePackages/checkouts/interop-ios-for-google-sdks/RecaptchaEnterprise/RecaptchaInterop/Public -Xcc -I/Users/Veer/Library/Developer/Xcode/DerivedData/HearifyV1-ftljoypfezvlxcgouzbpmsmxzads/SourcePackages/checkouts/GoogleUtilities/GoogleUtilities/Network/Public -Xcc -I/Users/Veer/Library/Developer/Xcode/DerivedData/HearifyV1-ftljoypfezvlxcgouzbpmsmxzads/SourcePackages/checkouts/GoogleUtilities/GoogleUtilities/Reachability/Public -Xcc -I/Users/Veer/Library/Developer/Xcode/DerivedData/HearifyV1-ftljoypfezvlxcgouzbpmsmxzads/SourcePackages/checkouts/GoogleUtilities/GoogleUtilities/NSData+zlib/Public -Xcc -I/Users/Veer/Library/Developer/Xcode/DerivedData/HearifyV1-ftljoypfezvlxcgouzbpmsmxzads/SourcePackages/checkouts/GoogleUtilities/GoogleUtilities/Logger/Public -Xcc -I/Users/Veer/Library/Developer/Xcode/DerivedData/HearifyV1-ftljoypfezvlxcgouzbpmsmxzads/SourcePackages/checkouts/GoogleUtilities/GoogleUtilities/Environment/Public -Xcc -I/Users/Veer/Library/Developer/Xcode/DerivedData/HearifyV1-ftljoypfezvlxcgouzbpmsmxzads/SourcePackages/checkouts/GoogleUtilities/third_party/IsAppEncrypted/Public -Xcc -I/Users/Veer/Library/Developer/Xcode/DerivedData/HearifyV1-ftljoypfezvlxcgouzbpmsmxzads/SourcePackages/checkouts/GoogleUtilities/GoogleUtilities/AppDelegateSwizzler/Public -Xcc -I/Users/Veer/Library/Developer/Xcode/DerivedData/HearifyV1-ftljoypfezvlxcgouzbpmsmxzads/SourcePackages/checkouts/gtm-session-fetcher/Sources/Core/Public -Xcc -I/Users/Veer/Library/Developer/Xcode/DerivedData/HearifyV1-ftljoypfezvlxcgouzbpmsmxzads/SourcePackages/checkouts/firebase-ios-sdk/FirebaseCore/Extension -Xcc -I/Users/Veer/Library/Developer/Xcode/DerivedData/HearifyV1-ftljoypfezvlxcgouzbpmsmxzads/SourcePackages/checkouts/firebase-ios-sdk/FirebaseCore/Sources/Public -Xcc -I/Users/Veer/Library/Developer/Xcode/DerivedData/HearifyV1-ftljoypfezvlxcgouzbpmsmxzads/SourcePackages/checkouts/firebase-ios-sdk/CoreOnly/Sources -Xcc -I/Users/Veer/Library/Developer/Xcode/DerivedData/HearifyV1-ftljoypfezvlxcgouzbpmsmxzads/SourcePackages/checkouts/firebase-ios-sdk/FirebaseAuth/Sources/Public -Xcc -I/Users/Veer/Library/Developer/Xcode/DerivedData/HearifyV1-ftljoypfezvlxcgouzbpmsmxzads/SourcePackages/checkouts/firebase-ios-sdk/FirebaseAuth/Interop/Public -Xcc -I/Users/Veer/Library/Developer/Xcode/DerivedData/HearifyV1-ftljoypfezvlxcgouzbpmsmxzads/SourcePackages/checkouts/firebase-ios-sdk/FirebaseAppCheck/Interop/Public -Xcc -I/Users/Veer/Library/Developer/Xcode/DerivedData/HearifyV1-ftljoypfezvlxcgouzbpmsmxzads/Build/Products/Debug-iphoneos/include -Xcc -I/Users/Veer/Library/Developer/Xcode/DerivedData/HearifyV1-ftljoypfezvlxcgouzbpmsmxzads/Build/Intermediates.noindex/Firebase.build/Debug-iphoneos/FirebaseAuth.build/DerivedSources-normal/arm64 -Xcc -I/Users/Veer/Library/Developer/Xcode/DerivedData/HearifyV1-ftljoypfezvlxcgouzbpmsmxzads/Build/Intermediates.noindex/Firebase.build/Debug-iphoneos/FirebaseAuth.build/DerivedSources/arm64 -Xcc -I/Users/Veer/Library/Developer/Xcode/DerivedData/HearifyV1-ftljoypfezvlxcgouzbpmsmxzads/Build/Intermediates.noindex/Firebase.build/Debug-iphoneos/FirebaseAuth.build/DerivedSources -Xcc -DSWIFT_PACKAGE -Xcc -DDEBUG\=1 -emit-objc-header -emit-objc-header-path /Users/Veer/Library/Developer/Xcode/DerivedData/HearifyV1-ftljoypfezvlxcgouzbpmsmxzads/Build/Intermediates.noindex/Firebase.build/Debug-iphoneos/FirebaseAuth.build/Objects-normal/arm64/FirebaseAuth-Swift.h -working-directory /Users/Veer/Library/Mobile\ Documents/com\~apple\~CloudDocs/HearifyV1/HearifyV1.xcodeproj -experimental-emit-module-separately -disable-cmo

SwiftExplicitDependencyGeneratePcm arm64 /Users/Veer/Library/Developer/Xcode/DerivedData/ModuleCache.noindex/os-5M0XPNJ86I9PK79UNWDI7L8NQ.pcm

Ld /Users/Veer/Library/Developer/Xcode/DerivedData/HearifyV1-ftljoypfezvlxcgouzbpmsmxzads/Build/Products/Debug-iphoneos/FirebaseAuth.o normal (in target 'FirebaseAuth' from project 'Firebase')
    cd /Users/Veer/Library/Developer/Xcode/DerivedData/HearifyV1-ftljoypfezvlxcgouzbpmsmxzads/SourcePackages/checkouts/firebase-ios-sdk
    /Applications/Xcode.app/Contents/Developer/Toolchains/XcodeDefault.xctoolchain/usr/bin/clang -Xlinker -reproducible -target arm64-apple-ios15.0 -r -isysroot /Applications/Xcode.app/Contents/Developer/Platforms/iPhoneOS.platform/Developer/SDKs/iPhoneOS26.2.sdk -O0 -w -L/Users/Veer/Library/Developer/Xcode/DerivedData/HearifyV1-ftljoypfezvlxcgouzbpmsmxzads/Build/Intermediates.noindex/EagerLinkingTBDs/Debug-iphoneos -L/Users/Veer/Library/Developer/Xcode/DerivedData/HearifyV1-ftljoypfezvlxcgouzbpmsmxzads/Build/Products/Debug-iphoneos -L/Applications/Xcode.app/Contents/Developer/Platforms/iPhoneOS.platform/Developer/usr/lib -F/Users/Veer/Library/Developer/Xcode/DerivedData/HearifyV1-ftljoypfezvlxcgouzbpmsmxzads/Build/Intermediates.noindex/EagerLinkingTBDs/Debug-iphoneos -F/Users/Veer/Library/Developer/Xcode/DerivedData/HearifyV1-ftljoypfezvlxcgouzbpmsmxzads/Build/Products/Debug-iphoneos/PackageFrameworks -F/Users/Veer/Library/Developer/Xcode/DerivedData/HearifyV1-ftljoypfezvlxcgouzbpmsmxzads/Build/Products/Debug-iphoneos/PackageFrameworks -F/Users/Veer/Library/Developer/Xcode/DerivedData/HearifyV1-ftljoypfezvlxcgouzbpmsmxzads/Build/Products/Debug-iphoneos/PackageFrameworks -F/Users/Veer/Library/Developer/Xcode/DerivedData/HearifyV1-ftljoypfezvlxcgouzbpmsmxzads/Build/Products/Debug-iphoneos/PackageFrameworks -F/Users/Veer/Library/Developer/Xcode/DerivedData/HearifyV1-ftljoypfezvlxcgouzbpmsmxzads/Build/Products/Debug-iphoneos/PackageFrameworks -F/Users/Veer/Library/Developer/Xcode/DerivedData/HearifyV1-ftljoypfezvlxcgouzbpmsmxzads/Build/Products/Debug-iphoneos/PackageFrameworks -F/Users/Veer/Library/Developer/Xcode/DerivedData/HearifyV1-ftljoypfezvlxcgouzbpmsmxzads/Build/Products/Debug-iphoneos/PackageFrameworks -F/Users/Veer/Library/Developer/Xcode/DerivedData/HearifyV1-ftljoypfezvlxcgouzbpmsmxzads/Build/Products/Debug-iphoneos/PackageFrameworks -F/Users/Veer/Library/Developer/Xcode/DerivedData/HearifyV1-ftljoypfezvlxcgouzbpmsmxzads/Build/Products/Debug-iphoneos/PackageFrameworks -F/Users/Veer/Library/Developer/Xcode/DerivedData/HearifyV1-ftljoypfezvlxcgouzbpmsmxzads/Build/Products/Debug-iphoneos/PackageFrameworks -F/Users/Veer/Library/Developer/Xcode/DerivedData/HearifyV1-ftljoypfezvlxcgouzbpmsmxzads/Build/Products/Debug-iphoneos/PackageFrameworks -F/Users/Veer/Library/Developer/Xcode/DerivedData/HearifyV1-ftljoypfezvlxcgouzbpmsmxzads/Build/Products/Debug-iphoneos/PackageFrameworks -F/Users/Veer/Library/Developer/Xcode/DerivedData/HearifyV1-ftljoypfezvlxcgouzbpmsmxzads/Build/Products/Debug-iphoneos/PackageFrameworks -F/Users/Veer/Library/Developer/Xcode/DerivedData/HearifyV1-ftljoypfezvlxcgouzbpmsmxzads/Build/Products/Debug-iphoneos/PackageFrameworks -F/Users/Veer/Library/Developer/Xcode/DerivedData/HearifyV1-ftljoypfezvlxcgouzbpmsmxzads/Build/Products/Debug-iphoneos/PackageFrameworks -F/Users/Veer/Library/Developer/Xcode/DerivedData/HearifyV1-ftljoypfezvlxcgouzbpmsmxzads/Build/Products/Debug-iphoneos/PackageFrameworks -F/Users/Veer/Library/Developer/Xcode/DerivedData/HearifyV1-ftljoypfezvlxcgouzbpmsmxzads/Build/Products/Debug-iphoneos -iframework /Applications/Xcode.app/Contents/Developer/Platforms/iPhoneOS.platform/Developer/Library/Frameworks -iframework /Applications/Xcode.app/Contents/Developer/Platforms/iPhoneOS.platform/Developer/SDKs/iPhoneOS26.2.sdk/Developer/Library/Frameworks -filelist /Users/Veer/Library/Developer/Xcode/DerivedData/HearifyV1-ftljoypfezvlxcgouzbpmsmxzads/Build/Intermediates.noindex/Firebase.build/Debug-iphoneos/FirebaseAuth.build/Objects-normal/arm64/FirebaseAuth.LinkFileList -nostdlib -Xlinker -object_path_lto -Xlinker /Users/Veer/Library/Developer/Xcode/DerivedData/HearifyV1-ftljoypfezvlxcgouzbpmsmxzads/Build/Intermediates.noindex/Firebase.build/Debug-iphoneos/FirebaseAuth.build/Objects-normal/arm64/FirebaseAuth_lto.o -rdynamic -Xlinker -no_deduplicate -Xlinker -debug_variant -Xlinker -dependency_info -Xlinker /Users/Veer/Library/Developer/Xcode/DerivedData/HearifyV1-ftljoypfezvlxcgouzbpmsmxzads/Build/Intermediates.noindex/Firebase.build/Debug-iphoneos/FirebaseAuth.build/Objects-normal/arm64/FirebaseAuth_dependency_info.dat -fobjc-link-runtime -L/Applications/Xcode.app/Contents/Developer/Toolchains/XcodeDefault.xctoolchain/usr/lib/swift/iphoneos -L/usr/lib/swift -Xlinker -add_ast_path -Xlinker /Users/Veer/Library/Developer/Xcode/DerivedData/HearifyV1-ftljoypfezvlxcgouzbpmsmxzads/Build/Intermediates.noindex/Firebase.build/Debug-iphoneos/FirebaseAuth.build/Objects-normal/arm64/FirebaseAuth.swiftmodule @/Users/Veer/Library/Developer/Xcode/DerivedData/HearifyV1-ftljoypfezvlxcgouzbpmsmxzads/Build/Intermediates.noindex/Firebase.build/Debug-iphoneos/FirebaseAuth.build/Objects-normal/arm64/FirebaseAuth-linker-args.resp -o /Users/Veer/Library/Developer/Xcode/DerivedData/HearifyV1-ftljoypfezvlxcgouzbpmsmxzads/Build/Products/Debug-iphoneos/FirebaseAuth.o

SwiftExplicitDependencyGeneratePcm arm64 /Users/Veer/Library/Developer/Xcode/DerivedData/ModuleCache.noindex/CoreServices-3GLJODWKEOC3SOTIT6GRX139L.pcm

SwiftExplicitDependencyGeneratePcm arm64 /Users/Veer/Library/Developer/Xcode/DerivedData/ModuleCache.noindex/CFNetwork-C8KGENCB0G4OFJXBM4291H83X.pcm

SwiftExplicitDependencyGeneratePcm arm64 /Users/Veer/Library/Developer/Xcode/DerivedData/ModuleCache.noindex/CoreAudioTypes-4ZC2MWYHRL5003RXE232H885E.pcm

SwiftExplicitDependencyGeneratePcm arm64 /Users/Veer/Library/Developer/Xcode/DerivedData/ModuleCache.noindex/CoreGraphics-63VW4F3NPR5OWQGAV4V1LQJLY.pcm

SwiftExplicitDependencyGeneratePcm arm64 /Users/Veer/Library/Developer/Xcode/DerivedData/ModuleCache.noindex/Security-6AODPWB5VR19KZW59KDBOEYUZ.pcm

SwiftExplicitDependencyGeneratePcm arm64 /Users/Veer/Library/Developer/Xcode/DerivedData/ModuleCache.noindex/CoreAudio-T3MTIF8R1Q7NKY7EDXX50L6O.pcm

ExtractAppIntentsMetadata (in target 'FirebaseAuth' from project 'Firebase')
    cd /Users/Veer/Library/Developer/Xcode/DerivedData/HearifyV1-ftljoypfezvlxcgouzbpmsmxzads/SourcePackages/checkouts/firebase-ios-sdk
    /Applications/Xcode.app/Contents/Developer/Toolchains/XcodeDefault.xctoolchain/usr/bin/appintentsmetadataprocessor --toolchain-dir /Applications/Xcode.app/Contents/Developer/Toolchains/XcodeDefault.xctoolchain --module-name FirebaseAuth --sdk-root /Applications/Xcode.app/Contents/Developer/Platforms/iPhoneOS.platform/Developer/SDKs/iPhoneOS26.2.sdk --xcode-version 17C52 --platform-family iOS --deployment-target 15.0 --bundle-identifier firebase-ios-sdk.FirebaseAuth --output /Users/Veer/Library/Developer/Xcode/DerivedData/HearifyV1-ftljoypfezvlxcgouzbpmsmxzads/Build/Products/Debug-iphoneos/FirebaseAuth.appintents --target-triple arm64-apple-ios15.0 --binary-file /Users/Veer/Library/Developer/Xcode/DerivedData/HearifyV1-ftljoypfezvlxcgouzbpmsmxzads/Build/Products/Debug-iphoneos/FirebaseAuth.o --dependency-file /Users/Veer/Library/Developer/Xcode/DerivedData/HearifyV1-ftljoypfezvlxcgouzbpmsmxzads/Build/Intermediates.noindex/Firebase.build/Debug-iphoneos/FirebaseAuth.build/Objects-normal/arm64/FirebaseAuth_dependency_info.dat --stringsdata-file /Users/Veer/Library/Developer/Xcode/DerivedData/HearifyV1-ftljoypfezvlxcgouzbpmsmxzads/Build/Intermediates.noindex/Firebase.build/Debug-iphoneos/FirebaseAuth.build/Objects-normal/arm64/ExtractedAppShortcutsMetadata.stringsdata --source-file-list /Users/Veer/Library/Developer/Xcode/DerivedData/HearifyV1-ftljoypfezvlxcgouzbpmsmxzads/Build/Intermediates.noindex/Firebase.build/Debug-iphoneos/FirebaseAuth.build/Objects-normal/arm64/FirebaseAuth.SwiftFileList --metadata-file-list /Users/Veer/Library/Developer/Xcode/DerivedData/HearifyV1-ftljoypfezvlxcgouzbpmsmxzads/Build/Intermediates.noindex/Firebase.build/Debug-iphoneos/FirebaseAuth.build/FirebaseAuth.DependencyMetadataFileList --static-metadata-file-list /Users/Veer/Library/Developer/Xcode/DerivedData/HearifyV1-ftljoypfezvlxcgouzbpmsmxzads/Build/Intermediates.noindex/Firebase.build/Debug-iphoneos/FirebaseAuth.build/FirebaseAuth.DependencyStaticMetadataFileList --swift-const-vals-list /Users/Veer/Library/Developer/Xcode/DerivedData/HearifyV1-ftljoypfezvlxcgouzbpmsmxzads/Build/Intermediates.noindex/Firebase.build/Debug-iphoneos/FirebaseAuth.build/Objects-normal/arm64/FirebaseAuth.SwiftConstValuesFileList --force --compile-time-extraction --deployment-aware-processing --validate-assistant-intents --no-app-shortcuts-localization
2026-02-02 01:08:09.141 appintentsmetadataprocessor[56074:9882203] Starting appintentsmetadataprocessor export
2026-02-02 01:08:10.172 appintentsmetadataprocessor[56074:9882203] Extracted no relevant App Intents symbols, skipping writing output

SwiftExplicitDependencyGeneratePcm arm64 /Users/Veer/Library/Developer/Xcode/DerivedData/ModuleCache.noindex/MobileCoreServices-8T78OCHNOQXMX18MS9L2A2ED6.pcm

SwiftExplicitDependencyGeneratePcm arm64 /Users/Veer/Library/Developer/Xcode/DerivedData/ModuleCache.noindex/Foundation-AWZDAOTZUDN8CUHYPW4LYWCZJ.pcm

SwiftExplicitDependencyGeneratePcm arm64 /Users/Veer/Library/Developer/Xcode/DerivedData/ModuleCache.noindex/ImageIO-B4ZQSBM8OCM89WFJQWHTXJLRE.pcm

SwiftExplicitDependencyGeneratePcm arm64 /Users/Veer/Library/Developer/Xcode/DerivedData/ModuleCache.noindex/CoreText-E1EF2MUZ7E142I2DZRWDXIHNE.pcm

RegisterExecutionPolicyException /Users/Veer/Library/Developer/Xcode/DerivedData/HearifyV1-ftljoypfezvlxcgouzbpmsmxzads/Build/Products/Debug-iphoneos/FirebaseAuth.o (in target 'FirebaseAuth' from project 'Firebase')
    cd /Users/Veer/Library/Developer/Xcode/DerivedData/HearifyV1-ftljoypfezvlxcgouzbpmsmxzads/SourcePackages/checkouts/firebase-ios-sdk
    builtin-RegisterExecutionPolicyException /Users/Veer/Library/Developer/Xcode/DerivedData/HearifyV1-ftljoypfezvlxcgouzbpmsmxzads/Build/Products/Debug-iphoneos/FirebaseAuth.o

Ld /Users/Veer/Library/Developer/Xcode/DerivedData/HearifyV1-ftljoypfezvlxcgouzbpmsmxzads/Build/Products/Debug-iphoneos/HearifyV1.app/__preview.dylib normal (in target 'HearifyV1' from project 'HearifyV1')
    cd /Users/Veer/Library/Mobile\ Documents/com\~apple\~CloudDocs/HearifyV1
    /Applications/Xcode.app/Contents/Developer/Toolchains/XcodeDefault.xctoolchain/usr/bin/clang -Xlinker -reproducible -target arm64-apple-ios16.6 -dynamiclib -isysroot /Applications/Xcode.app/Contents/Developer/Platforms/iPhoneOS.platform/Developer/SDKs/iPhoneOS26.2.sdk -O0 -L/Users/Veer/Library/Developer/Xcode/DerivedData/HearifyV1-ftljoypfezvlxcgouzbpmsmxzads/Build/Products/Debug-iphoneos -F/Users/Veer/Library/Developer/Xcode/DerivedData/HearifyV1-ftljoypfezvlxcgouzbpmsmxzads/Build/Products/Debug-iphoneos/PackageFrameworks -F/Users/Veer/Library/Developer/Xcode/DerivedData/HearifyV1-ftljoypfezvlxcgouzbpmsmxzads/Build/Products/Debug-iphoneos/PackageFrameworks -F/Users/Veer/Library/Developer/Xcode/DerivedData/HearifyV1-ftljoypfezvlxcgouzbpmsmxzads/Build/Products/Debug-iphoneos/PackageFrameworks -F/Users/Veer/Library/Developer/Xcode/DerivedData/HearifyV1-ftljoypfezvlxcgouzbpmsmxzads/Build/Products/Debug-iphoneos/PackageFrameworks -F/Users/Veer/Library/Developer/Xcode/DerivedData/HearifyV1-ftljoypfezvlxcgouzbpmsmxzads/Build/Products/Debug-iphoneos/PackageFrameworks -F/Users/Veer/Library/Developer/Xcode/DerivedData/HearifyV1-ftljoypfezvlxcgouzbpmsmxzads/Build/Products/Debug-iphoneos/PackageFrameworks -F/Users/Veer/Library/Developer/Xcode/DerivedData/HearifyV1-ftljoypfezvlxcgouzbpmsmxzads/Build/Products/Debug-iphoneos/PackageFrameworks -F/Users/Veer/Library/Developer/Xcode/DerivedData/HearifyV1-ftljoypfezvlxcgouzbpmsmxzads/Build/Products/Debug-iphoneos/PackageFrameworks -F/Users/Veer/Library/Developer/Xcode/DerivedData/HearifyV1-ftljoypfezvlxcgouzbpmsmxzads/Build/Products/Debug-iphoneos/PackageFrameworks -F/Users/Veer/Library/Developer/Xcode/DerivedData/HearifyV1-ftljoypfezvlxcgouzbpmsmxzads/Build/Products/Debug-iphoneos/PackageFrameworks -F/Users/Veer/Library/Developer/Xcode/DerivedData/HearifyV1-ftljoypfezvlxcgouzbpmsmxzads/Build/Products/Debug-iphoneos/PackageFrameworks -F/Users/Veer/Library/Developer/Xcode/DerivedData/HearifyV1-ftljoypfezvlxcgouzbpmsmxzads/Build/Products/Debug-iphoneos/PackageFrameworks -F/Users/Veer/Library/Developer/Xcode/DerivedData/HearifyV1-ftljoypfezvlxcgouzbpmsmxzads/Build/Products/Debug-iphoneos/PackageFrameworks -F/Users/Veer/Library/Developer/Xcode/DerivedData/HearifyV1-ftljoypfezvlxcgouzbpmsmxzads/Build/Products/Debug-iphoneos/PackageFrameworks -F/Users/Veer/Library/Developer/Xcode/DerivedData/HearifyV1-ftljoypfezvlxcgouzbpmsmxzads/Build/Products/Debug-iphoneos/PackageFrameworks -F/Users/Veer/Library/Developer/Xcode/DerivedData/HearifyV1-ftljoypfezvlxcgouzbpmsmxzads/Build/Products/Debug-iphoneos/PackageFrameworks -F/Users/Veer/Library/Developer/Xcode/DerivedData/HearifyV1-ftljoypfezvlxcgouzbpmsmxzads/Build/Products/Debug-iphoneos/PackageFrameworks -F/Users/Veer/Library/Developer/Xcode/DerivedData/HearifyV1-ftljoypfezvlxcgouzbpmsmxzads/Build/Products/Debug-iphoneos/PackageFrameworks -F/Users/Veer/Library/Developer/Xcode/DerivedData/HearifyV1-ftljoypfezvlxcgouzbpmsmxzads/Build/Products/Debug-iphoneos/PackageFrameworks -F/Users/Veer/Library/Developer/Xcode/DerivedData/HearifyV1-ftljoypfezvlxcgouzbpmsmxzads/Build/Products/Debug-iphoneos/PackageFrameworks -F/Users/Veer/Library/Developer/Xcode/DerivedData/HearifyV1-ftljoypfezvlxcgouzbpmsmxzads/Build/Products/Debug-iphoneos/PackageFrameworks -F/Users/Veer/Library/Developer/Xcode/DerivedData/HearifyV1-ftljoypfezvlxcgouzbpmsmxzads/Build/Products/Debug-iphoneos/PackageFrameworks -F/Users/Veer/Library/Developer/Xcode/DerivedData/HearifyV1-ftljoypfezvlxcgouzbpmsmxzads/Build/Products/Debug-iphoneos/PackageFrameworks -F/Users/Veer/Library/Developer/Xcode/DerivedData/HearifyV1-ftljoypfezvlxcgouzbpmsmxzads/Build/Products/Debug-iphoneos/PackageFrameworks -F/Users/Veer/Library/Developer/Xcode/DerivedData/HearifyV1-ftljoypfezvlxcgouzbpmsmxzads/Build/Products/Debug-iphoneos/PackageFrameworks -F/Users/Veer/Library/Developer/Xcode/DerivedData/HearifyV1-ftljoypfezvlxcgouzbpmsmxzads/Build/Products/Debug-iphoneos/PackageFrameworks -F/Users/Veer/Library/Developer/Xcode/DerivedData/HearifyV1-ftljoypfezvlxcgouzbpmsmxzads/Build/Products/Debug-iphoneos/PackageFrameworks -F/Users/Veer/Library/Developer/Xcode/DerivedData/HearifyV1-ftljoypfezvlxcgouzbpmsmxzads/Build/Products/Debug-iphoneos/PackageFrameworks -F/Users/Veer/Library/Developer/Xcode/DerivedData/HearifyV1-ftljoypfezvlxcgouzbpmsmxzads/Build/Products/Debug-iphoneos -install_name @rpath/HearifyV1.debug.dylib -dead_strip -rdynamic -Xlinker -no_deduplicate -Xlinker -debug_variant -Xlinker -dependency_info -Xlinker /Users/Veer/Library/Developer/Xcode/DerivedData/HearifyV1-ftljoypfezvlxcgouzbpmsmxzads/Build/Intermediates.noindex/HearifyV1.build/Debug-iphoneos/HearifyV1.build/Objects-normal/arm64/HearifyV1_dependency_info.dat -Xlinker -no_adhoc_codesign -o /Users/Veer/Library/Developer/Xcode/DerivedData/HearifyV1-ftljoypfezvlxcgouzbpmsmxzads/Build/Products/Debug-iphoneos/HearifyV1.app/__preview.dylib

ValidateDevelopmentAssets /Users/Veer/Library/Developer/Xcode/DerivedData/HearifyV1-ftljoypfezvlxcgouzbpmsmxzads/Build/Intermediates.noindex/HearifyV1.build/Debug-iphoneos/HearifyV1.build (in target 'HearifyV1' from project 'HearifyV1')
    cd /Users/Veer/Library/Mobile\ Documents/com\~apple\~CloudDocs/HearifyV1
    builtin-validate-development-assets --validate YES_ERROR /Users/Veer/Library/Mobile\ Documents/com\~apple\~CloudDocs/HearifyV1/HearifyV1/Preview\ Content

CpResource /Users/Veer/Library/Developer/Xcode/DerivedData/HearifyV1-ftljoypfezvlxcgouzbpmsmxzads/Build/Products/Debug-iphoneos/HearifyV1.app/buttonpressMale1.mp3 /Users/Veer/Library/Mobile\ Documents/com~apple~CloudDocs/HearifyV1/HearifyV1/Audio/FC\ Folder/buttonpressMale1.mp3 (in target 'HearifyV1' from project 'HearifyV1')
    cd /Users/Veer/Library/Mobile\ Documents/com\~apple\~CloudDocs/HearifyV1
    builtin-copy -exclude .DS_Store -exclude CVS -exclude .svn -exclude .git -exclude .hg -resolve-src-symlinks /Users/Veer/Library/Mobile\ Documents/com\~apple\~CloudDocs/HearifyV1/HearifyV1/Audio/FC\ Folder/buttonpressMale1.mp3 /Users/Veer/Library/Developer/Xcode/DerivedData/HearifyV1-ftljoypfezvlxcgouzbpmsmxzads/Build/Products/Debug-iphoneos/HearifyV1.app

CpResource /Users/Veer/Library/Developer/Xcode/DerivedData/HearifyV1-ftljoypfezvlxcgouzbpmsmxzads/Build/Products/Debug-iphoneos/HearifyV1.app/ZooMale1.mp3 /Users/Veer/Library/Mobile\ Documents/com~apple~CloudDocs/HearifyV1/HearifyV1/Audio/CV\ Data/ZooMale1.mp3 (in target 'HearifyV1' from project 'HearifyV1')
    cd /Users/Veer/Library/Mobile\ Documents/com\~apple\~CloudDocs/HearifyV1
    builtin-copy -exclude .DS_Store -exclude CVS -exclude .svn -exclude .git -exclude .hg -resolve-src-symlinks /Users/Veer/Library/Mobile\ Documents/com\~apple\~CloudDocs/HearifyV1/HearifyV1/Audio/CV\ Data/ZooMale1.mp3 /Users/Veer/Library/Developer/Xcode/DerivedData/HearifyV1-ftljoypfezvlxcgouzbpmsmxzads/Build/Products/Debug-iphoneos/HearifyV1.app

CpResource /Users/Veer/Library/Developer/Xcode/DerivedData/HearifyV1-ftljoypfezvlxcgouzbpmsmxzads/Build/Products/Debug-iphoneos/HearifyV1.app/ZipMale1.mp3 /Users/Veer/Library/Mobile\ Documents/com~apple~CloudDocs/HearifyV1/HearifyV1/Audio/CV\ Data/ZipMale1.mp3 (in target 'HearifyV1' from project 'HearifyV1')
    cd /Users/Veer/Library/Mobile\ Documents/com\~apple\~CloudDocs/HearifyV1
    builtin-copy -exclude .DS_Store -exclude CVS -exclude .svn -exclude .git -exclude .hg -resolve-src-symlinks /Users/Veer/Library/Mobile\ Documents/com\~apple\~CloudDocs/HearifyV1/HearifyV1/Audio/CV\ Data/ZipMale1.mp3 /Users/Veer/Library/Developer/Xcode/DerivedData/HearifyV1-ftljoypfezvlxcgouzbpmsmxzads/Build/Products/Debug-iphoneos/HearifyV1.app

CpResource /Users/Veer/Library/Developer/Xcode/DerivedData/HearifyV1-ftljoypfezvlxcgouzbpmsmxzads/Build/Products/Debug-iphoneos/HearifyV1.app/ZachMale1.mp3 /Users/Veer/Library/Mobile\ Documents/com~apple~CloudDocs/HearifyV1/HearifyV1/Audio/CV\ Data/ZachMale1.mp3 (in target 'HearifyV1' from project 'HearifyV1')
    cd /Users/Veer/Library/Mobile\ Documents/com\~apple\~CloudDocs/HearifyV1
    builtin-copy -exclude .DS_Store -exclude CVS -exclude .svn -exclude .git -exclude .hg -resolve-src-symlinks /Users/Veer/Library/Mobile\ Documents/com\~apple\~CloudDocs/HearifyV1/HearifyV1/Audio/CV\ Data/ZachMale1.mp3 /Users/Veer/Library/Developer/Xcode/DerivedData/HearifyV1-ftljoypfezvlxcgouzbpmsmxzads/Build/Products/Debug-iphoneos/HearifyV1.app

CpResource /Users/Veer/Library/Developer/Xcode/DerivedData/HearifyV1-ftljoypfezvlxcgouzbpmsmxzads/Build/Products/Debug-iphoneos/HearifyV1.app/ZMale1.mp3 /Users/Veer/Library/Mobile\ Documents/com~apple~CloudDocs/HearifyV1/HearifyV1/Audio/CV\ Data/ZMale1.mp3 (in target 'HearifyV1' from project 'HearifyV1')
    cd /Users/Veer/Library/Mobile\ Documents/com\~apple\~CloudDocs/HearifyV1
    builtin-copy -exclude .DS_Store -exclude CVS -exclude .svn -exclude .git -exclude .hg -resolve-src-symlinks /Users/Veer/Library/Mobile\ Documents/com\~apple\~CloudDocs/HearifyV1/HearifyV1/Audio/CV\ Data/ZMale1.mp3 /Users/Veer/Library/Developer/Xcode/DerivedData/HearifyV1-ftljoypfezvlxcgouzbpmsmxzads/Build/Products/Debug-iphoneos/HearifyV1.app

CpResource /Users/Veer/Library/Developer/Xcode/DerivedData/HearifyV1-ftljoypfezvlxcgouzbpmsmxzads/Build/Products/Debug-iphoneos/HearifyV1.app/YouMale1.mp3 /Users/Veer/Library/Mobile\ Documents/com~apple~CloudDocs/HearifyV1/HearifyV1/Audio/CM\ Folder/YouMale1.mp3 (in target 'HearifyV1' from project 'HearifyV1')
    cd /Users/Veer/Library/Mobile\ Documents/com\~apple\~CloudDocs/HearifyV1
    builtin-copy -exclude .DS_Store -exclude CVS -exclude .svn -exclude .git -exclude .hg -resolve-src-symlinks /Users/Veer/Library/Mobile\ Documents/com\~apple\~CloudDocs/HearifyV1/HearifyV1/Audio/CM\ Folder/YouMale1.mp3 /Users/Veer/Library/Developer/Xcode/DerivedData/HearifyV1-ftljoypfezvlxcgouzbpmsmxzads/Build/Products/Debug-iphoneos/HearifyV1.app

CpResource /Users/Veer/Library/Developer/Xcode/DerivedData/HearifyV1-ftljoypfezvlxcgouzbpmsmxzads/Build/Products/Debug-iphoneos/HearifyV1.app/YakMale1.mp3 /Users/Veer/Library/Mobile\ Documents/com~apple~CloudDocs/HearifyV1/HearifyV1/Audio/CM\ Folder/YakMale1.mp3 (in target 'HearifyV1' from project 'HearifyV1')
    cd /Users/Veer/Library/Mobile\ Documents/com\~apple\~CloudDocs/HearifyV1
    builtin-copy -exclude .DS_Store -exclude CVS -exclude .svn -exclude .git -exclude .hg -resolve-src-symlinks /Users/Veer/Library/Mobile\ Documents/com\~apple\~CloudDocs/HearifyV1/HearifyV1/Audio/CM\ Folder/YakMale1.mp3 /Users/Veer/Library/Developer/Xcode/DerivedData/HearifyV1-ftljoypfezvlxcgouzbpmsmxzads/Build/Products/Debug-iphoneos/HearifyV1.app

CpResource /Users/Veer/Library/Developer/Xcode/DerivedData/HearifyV1-ftljoypfezvlxcgouzbpmsmxzads/Build/Products/Debug-iphoneos/HearifyV1.app/Would\ you\ like\ some\ coffee\ or\ teaMale1.mp3 /Users/Veer/Library/Mobile\ Documents/com~apple~CloudDocs/HearifyV1/HearifyV1/Audio/Sentences/Would\ you\ like\ some\ coffee\ or\ teaMale1.mp3 (in target 'HearifyV1' from project 'HearifyV1')
    cd /Users/Veer/Library/Mobile\ Documents/com\~apple\~CloudDocs/HearifyV1
    builtin-copy -exclude .DS_Store -exclude CVS -exclude .svn -exclude .git -exclude .hg -resolve-src-symlinks /Users/Veer/Library/Mobile\ Documents/com\~apple\~CloudDocs/HearifyV1/HearifyV1/Audio/Sentences/Would\ you\ like\ some\ coffee\ or\ teaMale1.mp3 /Users/Veer/Library/Developer/Xcode/DerivedData/HearifyV1-ftljoypfezvlxcgouzbpmsmxzads/Build/Products/Debug-iphoneos/HearifyV1.app

CpResource /Users/Veer/Library/Developer/Xcode/DerivedData/HearifyV1-ftljoypfezvlxcgouzbpmsmxzads/Build/Products/Debug-iphoneos/HearifyV1.app/WordRecognitionData.csv /Users/Veer/Library/Mobile\ Documents/com~apple~CloudDocs/HearifyV1/HearifyV1/WordRecognitionData.csv (in target 'HearifyV1' from project 'HearifyV1')
    cd /Users/Veer/Library/Mobile\ Documents/com\~apple\~CloudDocs/HearifyV1
    builtin-copy -exclude .DS_Store -exclude CVS -exclude .svn -exclude .git -exclude .hg -resolve-src-symlinks /Users/Veer/Library/Mobile\ Documents/com\~apple\~CloudDocs/HearifyV1/HearifyV1/WordRecognitionData.csv /Users/Veer/Library/Developer/Xcode/DerivedData/HearifyV1-ftljoypfezvlxcgouzbpmsmxzads/Build/Products/Debug-iphoneos/HearifyV1.app

CpResource /Users/Veer/Library/Developer/Xcode/DerivedData/HearifyV1-ftljoypfezvlxcgouzbpmsmxzads/Build/Products/Debug-iphoneos/HearifyV1.app/WordRecognitionData\ 2.csv /Users/Veer/Library/Mobile\ Documents/com~apple~CloudDocs/HearifyV1/HearifyV1/WordRecognitionData\ 2.csv (in target 'HearifyV1' from project 'HearifyV1')
    cd /Users/Veer/Library/Mobile\ Documents/com\~apple\~CloudDocs/HearifyV1
    builtin-copy -exclude .DS_Store -exclude CVS -exclude .svn -exclude .git -exclude .hg -resolve-src-symlinks /Users/Veer/Library/Mobile\ Documents/com\~apple\~CloudDocs/HearifyV1/HearifyV1/WordRecognitionData\ 2.csv /Users/Veer/Library/Developer/Xcode/DerivedData/HearifyV1-ftljoypfezvlxcgouzbpmsmxzads/Build/Products/Debug-iphoneos/HearifyV1.app

CpResource /Users/Veer/Library/Developer/Xcode/DerivedData/HearifyV1-ftljoypfezvlxcgouzbpmsmxzads/Build/Products/Debug-iphoneos/HearifyV1.app/WokeMale1.mp3 /Users/Veer/Library/Mobile\ Documents/com~apple~CloudDocs/HearifyV1/HearifyV1/Audio/Vowels\ Folder/WokeMale1.mp3 (in target 'HearifyV1' from project 'HearifyV1')
    cd /Users/Veer/Library/Mobile\ Documents/com\~apple\~CloudDocs/HearifyV1
    builtin-copy -exclude .DS_Store -exclude CVS -exclude .svn -exclude .git -exclude .hg -resolve-src-symlinks /Users/Veer/Library/Mobile\ Documents/com\~apple\~CloudDocs/HearifyV1/HearifyV1/Audio/Vowels\ Folder/WokeMale1.mp3 /Users/Veer/Library/Developer/Xcode/DerivedData/HearifyV1-ftljoypfezvlxcgouzbpmsmxzads/Build/Products/Debug-iphoneos/HearifyV1.app

CpResource /Users/Veer/Library/Developer/Xcode/DerivedData/HearifyV1-ftljoypfezvlxcgouzbpmsmxzads/Build/Products/Debug-iphoneos/HearifyV1.app/WinkMale1.mp3 /Users/Veer/Library/Mobile\ Documents/com~apple~CloudDocs/HearifyV1/HearifyV1/Audio/CM\ Folder/WinkMale1.mp3 (in target 'HearifyV1' from project 'HearifyV1')
    cd /Users/Veer/Library/Mobile\ Documents/com\~apple\~CloudDocs/HearifyV1
    builtin-copy -exclude .DS_Store -exclude CVS -exclude .svn -exclude .git -exclude .hg -resolve-src-symlinks /Users/Veer/Library/Mobile\ Documents/com\~apple\~CloudDocs/HearifyV1/HearifyV1/Audio/CM\ Folder/WinkMale1.mp3 /Users/Veer/Library/Developer/Xcode/DerivedData/HearifyV1-ftljoypfezvlxcgouzbpmsmxzads/Build/Products/Debug-iphoneos/HearifyV1.app

CpResource /Users/Veer/Library/Developer/Xcode/DerivedData/HearifyV1-ftljoypfezvlxcgouzbpmsmxzads/Build/Products/Debug-iphoneos/HearifyV1.app/WindMale1.mp3 /Users/Veer/Library/Mobile\ Documents/com~apple~CloudDocs/HearifyV1/HearifyV1/Audio/Word\ Recognition/WindMale1.mp3 (in target 'HearifyV1' from project 'HearifyV1')
    cd /Users/Veer/Library/Mobile\ Documents/com\~apple\~CloudDocs/HearifyV1
    builtin-copy -exclude .DS_Store -exclude CVS -exclude .svn -exclude .git -exclude .hg -resolve-src-symlinks /Users/Veer/Library/Mobile\ Documents/com\~apple\~CloudDocs/HearifyV1/HearifyV1/Audio/Word\ Recognition/WindMale1.mp3 /Users/Veer/Library/Developer/Xcode/DerivedData/HearifyV1-ftljoypfezvlxcgouzbpmsmxzads/Build/Products/Debug-iphoneos/HearifyV1.app

CpResource /Users/Veer/Library/Developer/Xcode/DerivedData/HearifyV1-ftljoypfezvlxcgouzbpmsmxzads/Build/Products/Debug-iphoneos/HearifyV1.app/WinMale1.mp3 /Users/Veer/Library/Mobile\ Documents/com~apple~CloudDocs/HearifyV1/HearifyV1/Audio/CM\ Folder/WinMale1.mp3 (in target 'HearifyV1' from project 'HearifyV1')
    cd /Users/Veer/Library/Mobile\ Documents/com\~apple\~CloudDocs/HearifyV1
    builtin-copy -exclude .DS_Store -exclude CVS -exclude .svn -exclude .git -exclude .hg -resolve-src-symlinks /Users/Veer/Library/Mobile\ Documents/com\~apple\~CloudDocs/HearifyV1/HearifyV1/Audio/CM\ Folder/WinMale1.mp3 /Users/Veer/Library/Developer/Xcode/DerivedData/HearifyV1-ftljoypfezvlxcgouzbpmsmxzads/Build/Products/Debug-iphoneos/HearifyV1.app

CpResource /Users/Veer/Library/Developer/Xcode/DerivedData/HearifyV1-ftljoypfezvlxcgouzbpmsmxzads/Build/Products/Debug-iphoneos/HearifyV1.app/WickMale1.mp3 /Users/Veer/Library/Mobile\ Documents/com~apple~CloudDocs/HearifyV1/HearifyV1/Audio/Vowels\ Folder/WickMale1.mp3 (in target 'HearifyV1' from project 'HearifyV1')
    cd /Users/Veer/Library/Mobile\ Documents/com\~apple\~CloudDocs/HearifyV1
    builtin-copy -exclude .DS_Store -exclude CVS -exclude .svn -exclude .git -exclude .hg -resolve-src-symlinks /Users/Veer/Library/Mobile\ Documents/com\~apple\~CloudDocs/HearifyV1/HearifyV1/Audio/Vowels\ Folder/WickMale1.mp3 /Users/Veer/Library/Developer/Xcode/DerivedData/HearifyV1-ftljoypfezvlxcgouzbpmsmxzads/Build/Products/Debug-iphoneos/HearifyV1.app

CpResource /Users/Veer/Library/Developer/Xcode/DerivedData/HearifyV1-ftljoypfezvlxcgouzbpmsmxzads/Build/Products/Debug-iphoneos/HearifyV1.app/WhiteMale1.mp3 /Users/Veer/Library/Mobile\ Documents/com~apple~CloudDocs/HearifyV1/HearifyV1/Audio/CM\ Folder/WhiteMale1.mp3 (in target 'HearifyV1' from project 'HearifyV1')
    cd /Users/Veer/Library/Mobile\ Documents/com\~apple\~CloudDocs/HearifyV1
    builtin-copy -exclude .DS_Store -exclude CVS -exclude .svn -exclude .git -exclude .hg -resolve-src-symlinks /Users/Veer/Library/Mobile\ Documents/com\~apple\~CloudDocs/HearifyV1/HearifyV1/Audio/CM\ Folder/WhiteMale1.mp3 /Users/Veer/Library/Developer/Xcode/DerivedData/HearifyV1-ftljoypfezvlxcgouzbpmsmxzads/Build/Products/Debug-iphoneos/HearifyV1.app

CpResource /Users/Veer/Library/Developer/Xcode/DerivedData/HearifyV1-ftljoypfezvlxcgouzbpmsmxzads/Build/Products/Debug-iphoneos/HearifyV1.app/WheelMale1.mp3 /Users/Veer/Library/Mobile\ Documents/com~apple~CloudDocs/HearifyV1/HearifyV1/Audio/Word\ Recognition/WheelMale1.mp3 (in target 'HearifyV1' from project 'HearifyV1')
    cd /Users/Veer/Library/Mobile\ Documents/com\~apple\~CloudDocs/HearifyV1
    builtin-copy -exclude .DS_Store -exclude CVS -exclude .svn -exclude .git -exclude .hg -resolve-src-symlinks /Users/Veer/Library/Mobile\ Documents/com\~apple\~CloudDocs/HearifyV1/HearifyV1/Audio/Word\ Recognition/WheelMale1.mp3 /Users/Veer/Library/Developer/Xcode/DerivedData/HearifyV1-ftljoypfezvlxcgouzbpmsmxzads/Build/Products/Debug-iphoneos/HearifyV1.app

CpResource /Users/Veer/Library/Developer/Xcode/DerivedData/HearifyV1-ftljoypfezvlxcgouzbpmsmxzads/Build/Products/Debug-iphoneos/HearifyV1.app/WhaleMale1.mp3 /Users/Veer/Library/Mobile\ Documents/com~apple~CloudDocs/HearifyV1/HearifyV1/Audio/CM\ Folder/WhaleMale1.mp3 (in target 'HearifyV1' from project 'HearifyV1')
    cd /Users/Veer/Library/Mobile\ Documents/com\~apple\~CloudDocs/HearifyV1
    builtin-copy -exclude .DS_Store -exclude CVS -exclude .svn -exclude .git -exclude .hg -resolve-src-symlinks /Users/Veer/Library/Mobile\ Documents/com\~apple\~CloudDocs/HearifyV1/HearifyV1/Audio/CM\ Folder/WhaleMale1.mp3 /Users/Veer/Library/Developer/Xcode/DerivedData/HearifyV1-ftljoypfezvlxcgouzbpmsmxzads/Build/Products/Debug-iphoneos/HearifyV1.app

CpResource /Users/Veer/Library/Developer/Xcode/DerivedData/HearifyV1-ftljoypfezvlxcgouzbpmsmxzads/Build/Products/Debug-iphoneos/HearifyV1.app/WetMale3.mp3 /Users/Veer/Library/Mobile\ Documents/com~apple~CloudDocs/HearifyV1/HearifyV1/Audio/FC\ Folder/WetMale3.mp3 (in target 'HearifyV1' from project 'HearifyV1')
    cd /Users/Veer/Library/Mobile\ Documents/com\~apple\~CloudDocs/HearifyV1
    builtin-copy -exclude .DS_Store -exclude CVS -exclude .svn -exclude .git -exclude .hg -resolve-src-symlinks /Users/Veer/Library/Mobile\ Documents/com\~apple\~CloudDocs/HearifyV1/HearifyV1/Audio/FC\ Folder/WetMale3.mp3 /Users/Veer/Library/Developer/Xcode/DerivedData/HearifyV1-ftljoypfezvlxcgouzbpmsmxzads/Build/Products/Debug-iphoneos/HearifyV1.app

CpResource /Users/Veer/Library/Developer/Xcode/DerivedData/HearifyV1-ftljoypfezvlxcgouzbpmsmxzads/Build/Products/Debug-iphoneos/HearifyV1.app/WetMale2.mp3 /Users/Veer/Library/Mobile\ Documents/com~apple~CloudDocs/HearifyV1/HearifyV1/Audio/FC\ Folder/WetMale2.mp3 (in target 'HearifyV1' from project 'HearifyV1')
    cd /Users/Veer/Library/Mobile\ Documents/com\~apple\~CloudDocs/HearifyV1
    builtin-copy -exclude .DS_Store -exclude CVS -exclude .svn -exclude .git -exclude .hg -resolve-src-symlinks /Users/Veer/Library/Mobile\ Documents/com\~apple\~CloudDocs/HearifyV1/HearifyV1/Audio/FC\ Folder/WetMale2.mp3 /Users/Veer/Library/Developer/Xcode/DerivedData/HearifyV1-ftljoypfezvlxcgouzbpmsmxzads/Build/Products/Debug-iphoneos/HearifyV1.app

CpResource /Users/Veer/Library/Developer/Xcode/DerivedData/HearifyV1-ftljoypfezvlxcgouzbpmsmxzads/Build/Products/Debug-iphoneos/HearifyV1.app/WetMale1.mp3 /Users/Veer/Library/Mobile\ Documents/com~apple~CloudDocs/HearifyV1/HearifyV1/Audio/FC\ Folder/WetMale1.mp3 (in target 'HearifyV1' from project 'HearifyV1')
    cd /Users/Veer/Library/Mobile\ Documents/com\~apple\~CloudDocs/HearifyV1
    builtin-copy -exclude .DS_Store -exclude CVS -exclude .svn -exclude .git -exclude .hg -resolve-src-symlinks /Users/Veer/Library/Mobile\ Documents/com\~apple\~CloudDocs/HearifyV1/HearifyV1/Audio/FC\ Folder/WetMale1.mp3 /Users/Veer/Library/Developer/Xcode/DerivedData/HearifyV1-ftljoypfezvlxcgouzbpmsmxzads/Build/Products/Debug-iphoneos/HearifyV1.app

CpResource /Users/Veer/Library/Developer/Xcode/DerivedData/HearifyV1-ftljoypfezvlxcgouzbpmsmxzads/Build/Products/Debug-iphoneos/HearifyV1.app/WetFemale3.mp3 /Users/Veer/Library/Mobile\ Documents/com~apple~CloudDocs/HearifyV1/HearifyV1/Audio/FC\ Folder/WetFemale3.mp3 (in target 'HearifyV1' from project 'HearifyV1')
    cd /Users/Veer/Library/Mobile\ Documents/com\~apple\~CloudDocs/HearifyV1
    builtin-copy -exclude .DS_Store -exclude CVS -exclude .svn -exclude .git -exclude .hg -resolve-src-symlinks /Users/Veer/Library/Mobile\ Documents/com\~apple\~CloudDocs/HearifyV1/HearifyV1/Audio/FC\ Folder/WetFemale3.mp3 /Users/Veer/Library/Developer/Xcode/DerivedData/HearifyV1-ftljoypfezvlxcgouzbpmsmxzads/Build/Products/Debug-iphoneos/HearifyV1.app

CpResource /Users/Veer/Library/Developer/Xcode/DerivedData/HearifyV1-ftljoypfezvlxcgouzbpmsmxzads/Build/Products/Debug-iphoneos/HearifyV1.app/WetFemale2.mp3 /Users/Veer/Library/Mobile\ Documents/com~apple~CloudDocs/HearifyV1/HearifyV1/Audio/FC\ Folder/WetFemale2.mp3 (in target 'HearifyV1' from project 'HearifyV1')
    cd /Users/Veer/Library/Mobile\ Documents/com\~apple\~CloudDocs/HearifyV1
    builtin-copy -exclude .DS_Store -exclude CVS -exclude .svn -exclude .git -exclude .hg -resolve-src-symlinks /Users/Veer/Library/Mobile\ Documents/com\~apple\~CloudDocs/HearifyV1/HearifyV1/Audio/FC\ Folder/WetFemale2.mp3 /Users/Veer/Library/Developer/Xcode/DerivedData/HearifyV1-ftljoypfezvlxcgouzbpmsmxzads/Build/Products/Debug-iphoneos/HearifyV1.app

CpResource /Users/Veer/Library/Developer/Xcode/DerivedData/HearifyV1-ftljoypfezvlxcgouzbpmsmxzads/Build/Products/Debug-iphoneos/HearifyV1.app/WetFemale1.mp3 /Users/Veer/Library/Mobile\ Documents/com~apple~CloudDocs/HearifyV1/HearifyV1/Audio/FC\ Folder/WetFemale1.mp3 (in target 'HearifyV1' from project 'HearifyV1')
    cd /Users/Veer/Library/Mobile\ Documents/com\~apple\~CloudDocs/HearifyV1
    builtin-copy -exclude .DS_Store -exclude CVS -exclude .svn -exclude .git -exclude .hg -resolve-src-symlinks /Users/Veer/Library/Mobile\ Documents/com\~apple\~CloudDocs/HearifyV1/HearifyV1/Audio/FC\ Folder/WetFemale1.mp3 /Users/Veer/Library/Developer/Xcode/DerivedData/HearifyV1-ftljoypfezvlxcgouzbpmsmxzads/Build/Products/Debug-iphoneos/HearifyV1.app

CpResource /Users/Veer/Library/Developer/Xcode/DerivedData/HearifyV1-ftljoypfezvlxcgouzbpmsmxzads/Build/Products/Debug-iphoneos/HearifyV1.app/WellMale1.mp3 /Users/Veer/Library/Mobile\ Documents/com~apple~CloudDocs/HearifyV1/HearifyV1/Audio/CM\ Folder/WellMale1.mp3 (in target 'HearifyV1' from project 'HearifyV1')
    cd /Users/Veer/Library/Mobile\ Documents/com\~apple\~CloudDocs/HearifyV1
    builtin-copy -exclude .DS_Store -exclude CVS -exclude .svn -exclude .git -exclude .hg -resolve-src-symlinks /Users/Veer/Library/Mobile\ Documents/com\~apple\~CloudDocs/HearifyV1/HearifyV1/Audio/CM\ Folder/WellMale1.mp3 /Users/Veer/Library/Developer/Xcode/DerivedData/HearifyV1-ftljoypfezvlxcgouzbpmsmxzads/Build/Products/Debug-iphoneos/HearifyV1.app

CpResource /Users/Veer/Library/Developer/Xcode/DerivedData/HearifyV1-ftljoypfezvlxcgouzbpmsmxzads/Build/Products/Debug-iphoneos/HearifyV1.app/WeedMale1.mp3 /Users/Veer/Library/Mobile\ Documents/com~apple~CloudDocs/HearifyV1/HearifyV1/Audio/CM\ Folder/WeedMale1.mp3 (in target 'HearifyV1' from project 'HearifyV1')
    cd /Users/Veer/Library/Mobile\ Documents/com\~apple\~CloudDocs/HearifyV1
    builtin-copy -exclude .DS_Store -exclude CVS -exclude .svn -exclude .git -exclude .hg -resolve-src-symlinks /Users/Veer/Library/Mobile\ Documents/com\~apple\~CloudDocs/HearifyV1/HearifyV1/Audio/CM\ Folder/WeedMale1.mp3 /Users/Veer/Library/Developer/Xcode/DerivedData/HearifyV1-ftljoypfezvlxcgouzbpmsmxzads/Build/Products/Debug-iphoneos/HearifyV1.app

CpResource /Users/Veer/Library/Developer/Xcode/DerivedData/HearifyV1-ftljoypfezvlxcgouzbpmsmxzads/Build/Products/Debug-iphoneos/HearifyV1.app/WebMale3.mp3 /Users/Veer/Library/Mobile\ Documents/com~apple~CloudDocs/HearifyV1/HearifyV1/Audio/FC\ Folder/WebMale3.mp3 (in target 'HearifyV1' from project 'HearifyV1')
    cd /Users/Veer/Library/Mobile\ Documents/com\~apple\~CloudDocs/HearifyV1
    builtin-copy -exclude .DS_Store -exclude CVS -exclude .svn -exclude .git -exclude .hg -resolve-src-symlinks /Users/Veer/Library/Mobile\ Documents/com\~apple\~CloudDocs/HearifyV1/HearifyV1/Audio/FC\ Folder/WebMale3.mp3 /Users/Veer/Library/Developer/Xcode/DerivedData/HearifyV1-ftljoypfezvlxcgouzbpmsmxzads/Build/Products/Debug-iphoneos/HearifyV1.app

CpResource /Users/Veer/Library/Developer/Xcode/DerivedData/HearifyV1-ftljoypfezvlxcgouzbpmsmxzads/Build/Products/Debug-iphoneos/HearifyV1.app/WebMale2.mp3 /Users/Veer/Library/Mobile\ Documents/com~apple~CloudDocs/HearifyV1/HearifyV1/Audio/FC\ Folder/WebMale2.mp3 (in target 'HearifyV1' from project 'HearifyV1')
    cd /Users/Veer/Library/Mobile\ Documents/com\~apple\~CloudDocs/HearifyV1
    builtin-copy -exclude .DS_Store -exclude CVS -exclude .svn -exclude .git -exclude .hg -resolve-src-symlinks /Users/Veer/Library/Mobile\ Documents/com\~apple\~CloudDocs/HearifyV1/HearifyV1/Audio/FC\ Folder/WebMale2.mp3 /Users/Veer/Library/Developer/Xcode/DerivedData/HearifyV1-ftljoypfezvlxcgouzbpmsmxzads/Build/Products/Debug-iphoneos/HearifyV1.app

CpResource /Users/Veer/Library/Developer/Xcode/DerivedData/HearifyV1-ftljoypfezvlxcgouzbpmsmxzads/Build/Products/Debug-iphoneos/HearifyV1.app/WebMale1.mp3 /Users/Veer/Library/Mobile\ Documents/com~apple~CloudDocs/HearifyV1/HearifyV1/Audio/FC\ Folder/WebMale1.mp3 (in target 'HearifyV1' from project 'HearifyV1')
    cd /Users/Veer/Library/Mobile\ Documents/com\~apple\~CloudDocs/HearifyV1
    builtin-copy -exclude .DS_Store -exclude CVS -exclude .svn -exclude .git -exclude .hg -resolve-src-symlinks /Users/Veer/Library/Mobile\ Documents/com\~apple\~CloudDocs/HearifyV1/HearifyV1/Audio/FC\ Folder/WebMale1.mp3 /Users/Veer/Library/Developer/Xcode/DerivedData/HearifyV1-ftljoypfezvlxcgouzbpmsmxzads/Build/Products/Debug-iphoneos/HearifyV1.app

CpResource /Users/Veer/Library/Developer/Xcode/DerivedData/HearifyV1-ftljoypfezvlxcgouzbpmsmxzads/Build/Products/Debug-iphoneos/HearifyV1.app/WebFemale3.mp3 /Users/Veer/Library/Mobile\ Documents/com~apple~CloudDocs/HearifyV1/HearifyV1/Audio/FC\ Folder/WebFemale3.mp3 (in target 'HearifyV1' from project 'HearifyV1')
    cd /Users/Veer/Library/Mobile\ Documents/com\~apple\~CloudDocs/HearifyV1
    builtin-copy -exclude .DS_Store -exclude CVS -exclude .svn -exclude .git -exclude .hg -resolve-src-symlinks /Users/Veer/Library/Mobile\ Documents/com\~apple\~CloudDocs/HearifyV1/HearifyV1/Audio/FC\ Folder/WebFemale3.mp3 /Users/Veer/Library/Developer/Xcode/DerivedData/HearifyV1-ftljoypfezvlxcgouzbpmsmxzads/Build/Products/Debug-iphoneos/HearifyV1.app

CpResource /Users/Veer/Library/Developer/Xcode/DerivedData/HearifyV1-ftljoypfezvlxcgouzbpmsmxzads/Build/Products/Debug-iphoneos/HearifyV1.app/WebFemale2.mp3 /Users/Veer/Library/Mobile\ Documents/com~apple~CloudDocs/HearifyV1/HearifyV1/Audio/FC\ Folder/WebFemale2.mp3 (in target 'HearifyV1' from project 'HearifyV1')
    cd /Users/Veer/Library/Mobile\ Documents/com\~apple\~CloudDocs/HearifyV1
    builtin-copy -exclude .DS_Store -exclude CVS -exclude .svn -exclude .git -exclude .hg -resolve-src-symlinks /Users/Veer/Library/Mobile\ Documents/com\~apple\~CloudDocs/HearifyV1/HearifyV1/Audio/FC\ Folder/WebFemale2.mp3 /Users/Veer/Library/Developer/Xcode/DerivedData/HearifyV1-ftljoypfezvlxcgouzbpmsmxzads/Build/Products/Debug-iphoneos/HearifyV1.app

CpResource /Users/Veer/Library/Developer/Xcode/DerivedData/HearifyV1-ftljoypfezvlxcgouzbpmsmxzads/Build/Products/Debug-iphoneos/HearifyV1.app/WebFemale1.mp3 /Users/Veer/Library/Mobile\ Documents/com~apple~CloudDocs/HearifyV1/HearifyV1/Audio/FC\ Folder/WebFemale1.mp3 (in target 'HearifyV1' from project 'HearifyV1')
    cd /Users/Veer/Library/Mobile\ Documents/com\~apple\~CloudDocs/HearifyV1
    builtin-copy -exclude .DS_Store -exclude CVS -exclude .svn -exclude .git -exclude .hg -resolve-src-symlinks /Users/Veer/Library/Mobile\ Documents/com\~apple\~CloudDocs/HearifyV1/HearifyV1/Audio/FC\ Folder/WebFemale1.mp3 /Users/Veer/Library/Developer/Xcode/DerivedData/HearifyV1-ftljoypfezvlxcgouzbpmsmxzads/Build/Products/Debug-iphoneos/HearifyV1.app

CpResource /Users/Veer/Library/Developer/Xcode/DerivedData/HearifyV1-ftljoypfezvlxcgouzbpmsmxzads/Build/Products/Debug-iphoneos/HearifyV1.app/WeakMale1.mp3 /Users/Veer/Library/Mobile\ Documents/com~apple~CloudDocs/HearifyV1/HearifyV1/Audio/Vowels\ Folder/WeakMale1.mp3 (in target 'HearifyV1' from project 'HearifyV1')
    cd /Users/Veer/Library/Mobile\ Documents/com\~apple\~CloudDocs/HearifyV1
    builtin-copy -exclude .DS_Store -exclude CVS -exclude .svn -exclude .git -exclude .hg -resolve-src-symlinks /Users/Veer/Library/Mobile\ Documents/com\~apple\~CloudDocs/HearifyV1/HearifyV1/Audio/Vowels\ Folder/WeakMale1.mp3 /Users/Veer/Library/Developer/Xcode/DerivedData/HearifyV1-ftljoypfezvlxcgouzbpmsmxzads/Build/Products/Debug-iphoneos/HearifyV1.app

CpResource /Users/Veer/Library/Developer/Xcode/DerivedData/HearifyV1-ftljoypfezvlxcgouzbpmsmxzads/Build/Products/Debug-iphoneos/HearifyV1.app/We\ need\ to\ buy\ groceries\ this\ afternoonMale1.mp3 /Users/Veer/Library/Mobile\ Documents/com~apple~CloudDocs/HearifyV1/HearifyV1/Audio/Sentences/We\ need\ to\ buy\ groceries\ this\ afternoonMale1.mp3 (in target 'HearifyV1' from project 'HearifyV1')
    cd /Users/Veer/Library/Mobile\ Documents/com\~apple\~CloudDocs/HearifyV1
    builtin-copy -exclude .DS_Store -exclude CVS -exclude .svn -exclude .git -exclude .hg -resolve-src-symlinks /Users/Veer/Library/Mobile\ Documents/com\~apple\~CloudDocs/HearifyV1/HearifyV1/Audio/Sentences/We\ need\ to\ buy\ groceries\ this\ afternoonMale1.mp3 /Users/Veer/Library/Developer/Xcode/DerivedData/HearifyV1-ftljoypfezvlxcgouzbpmsmxzads/Build/Products/Debug-iphoneos/HearifyV1.app

CpResource /Users/Veer/Library/Developer/Xcode/DerivedData/HearifyV1-ftljoypfezvlxcgouzbpmsmxzads/Build/Products/Debug-iphoneos/HearifyV1.app/WayneMale1.mp3 /Users/Veer/Library/Mobile\ Documents/com~apple~CloudDocs/HearifyV1/HearifyV1/Audio/CM\ Folder/WayneMale1.mp3 (in target 'HearifyV1' from project 'HearifyV1')
    cd /Users/Veer/Library/Mobile\ Documents/com\~apple\~CloudDocs/HearifyV1
    builtin-copy -exclude .DS_Store -exclude CVS -exclude .svn -exclude .git -exclude .hg -resolve-src-symlinks /Users/Veer/Library/Mobile\ Documents/com\~apple\~CloudDocs/HearifyV1/HearifyV1/Audio/CM\ Folder/WayneMale1.mp3 /Users/Veer/Library/Developer/Xcode/DerivedData/HearifyV1-ftljoypfezvlxcgouzbpmsmxzads/Build/Products/Debug-iphoneos/HearifyV1.app

CpResource /Users/Veer/Library/Developer/Xcode/DerivedData/HearifyV1-ftljoypfezvlxcgouzbpmsmxzads/Build/Products/Debug-iphoneos/HearifyV1.app/WaveMale1.mp3 /Users/Veer/Library/Mobile\ Documents/com~apple~CloudDocs/HearifyV1/HearifyV1/Audio/CM\ Folder/WaveMale1.mp3 (in target 'HearifyV1' from project 'HearifyV1')
    cd /Users/Veer/Library/Mobile\ Documents/com\~apple\~CloudDocs/HearifyV1
    builtin-copy -exclude .DS_Store -exclude CVS -exclude .svn -exclude .git -exclude .hg -resolve-src-symlinks /Users/Veer/Library/Mobile\ Documents/com\~apple\~CloudDocs/HearifyV1/HearifyV1/Audio/CM\ Folder/WaveMale1.mp3 /Users/Veer/Library/Developer/Xcode/DerivedData/HearifyV1-ftljoypfezvlxcgouzbpmsmxzads/Build/Products/Debug-iphoneos/HearifyV1.app

CpResource /Users/Veer/Library/Developer/Xcode/DerivedData/HearifyV1-ftljoypfezvlxcgouzbpmsmxzads/Build/Products/Debug-iphoneos/HearifyV1.app/WaterMale1.mp3 /Users/Veer/Library/Mobile\ Documents/com~apple~CloudDocs/HearifyV1/HearifyV1/Audio/Syllables/Supra\ 1\ v\ 2/WaterMale1.mp3 (in target 'HearifyV1' from project 'HearifyV1')
    cd /Users/Veer/Library/Mobile\ Documents/com\~apple\~CloudDocs/HearifyV1
    builtin-copy -exclude .DS_Store -exclude CVS -exclude .svn -exclude .git -exclude .hg -resolve-src-symlinks /Users/Veer/Library/Mobile\ Documents/com\~apple\~CloudDocs/HearifyV1/HearifyV1/Audio/Syllables/Supra\ 1\ v\ 2/WaterMale1.mp3 /Users/Veer/Library/Developer/Xcode/DerivedData/HearifyV1-ftljoypfezvlxcgouzbpmsmxzads/Build/Products/Debug-iphoneos/HearifyV1.app

CpResource /Users/Veer/Library/Developer/Xcode/DerivedData/HearifyV1-ftljoypfezvlxcgouzbpmsmxzads/Build/Products/Debug-iphoneos/HearifyV1.app/WalkMale1.mp3 /Users/Veer/Library/Mobile\ Documents/com~apple~CloudDocs/HearifyV1/HearifyV1/Audio/PD\ Folder/WalkMale1.mp3 (in target 'HearifyV1' from project 'HearifyV1')
    cd /Users/Veer/Library/Mobile\ Documents/com\~apple\~CloudDocs/HearifyV1
    builtin-copy -exclude .DS_Store -exclude CVS -exclude .svn -exclude .git -exclude .hg -resolve-src-symlinks /Users/Veer/Library/Mobile\ Documents/com\~apple\~CloudDocs/HearifyV1/HearifyV1/Audio/PD\ Folder/WalkMale1.mp3 /Users/Veer/Library/Developer/Xcode/DerivedData/HearifyV1-ftljoypfezvlxcgouzbpmsmxzads/Build/Products/Debug-iphoneos/HearifyV1.app

CpResource /Users/Veer/Library/Developer/Xcode/DerivedData/HearifyV1-ftljoypfezvlxcgouzbpmsmxzads/Build/Products/Debug-iphoneos/HearifyV1.app/WakeMale1.mp3 /Users/Veer/Library/Mobile\ Documents/com~apple~CloudDocs/HearifyV1/HearifyV1/Audio/CM\ Folder/WakeMale1.mp3 (in target 'HearifyV1' from project 'HearifyV1')
    cd /Users/Veer/Library/Mobile\ Documents/com\~apple\~CloudDocs/HearifyV1
    builtin-copy -exclude .DS_Store -exclude CVS -exclude .svn -exclude .git -exclude .hg -resolve-src-symlinks /Users/Veer/Library/Mobile\ Documents/com\~apple\~CloudDocs/HearifyV1/HearifyV1/Audio/CM\ Folder/WakeMale1.mp3 /Users/Veer/Library/Developer/Xcode/DerivedData/HearifyV1-ftljoypfezvlxcgouzbpmsmxzads/Build/Products/Debug-iphoneos/HearifyV1.app

CpResource /Users/Veer/Library/Developer/Xcode/DerivedData/HearifyV1-ftljoypfezvlxcgouzbpmsmxzads/Build/Products/Debug-iphoneos/HearifyV1.app/WagonMale1.mp3 /Users/Veer/Library/Mobile\ Documents/com~apple~CloudDocs/HearifyV1/HearifyV1/Audio/PD\ Folder/WagonMale1.mp3 (in target 'HearifyV1' from project 'HearifyV1')
    cd /Users/Veer/Library/Mobile\ Documents/com\~apple\~CloudDocs/HearifyV1
    builtin-copy -exclude .DS_Store -exclude CVS -exclude .svn -exclude .git -exclude .hg -resolve-src-symlinks /Users/Veer/Library/Mobile\ Documents/com\~apple\~CloudDocs/HearifyV1/HearifyV1/Audio/PD\ Folder/WagonMale1.mp3 /Users/Veer/Library/Developer/Xcode/DerivedData/HearifyV1-ftljoypfezvlxcgouzbpmsmxzads/Build/Products/Debug-iphoneos/HearifyV1.app

CpResource /Users/Veer/Library/Developer/Xcode/DerivedData/HearifyV1-ftljoypfezvlxcgouzbpmsmxzads/Build/Products/Debug-iphoneos/HearifyV1.app/Vowels.csv /Users/Veer/Library/Mobile\ Documents/com~apple~CloudDocs/HearifyV1/HearifyV1/Vowels.csv (in target 'HearifyV1' from project 'HearifyV1')
    cd /Users/Veer/Library/Mobile\ Documents/com\~apple\~CloudDocs/HearifyV1
    builtin-copy -exclude .DS_Store -exclude CVS -exclude .svn -exclude .git -exclude .hg -resolve-src-symlinks /Users/Veer/Library/Mobile\ Documents/com\~apple\~CloudDocs/HearifyV1/HearifyV1/Vowels.csv /Users/Veer/Library/Developer/Xcode/DerivedData/HearifyV1-ftljoypfezvlxcgouzbpmsmxzads/Build/Products/Debug-iphoneos/HearifyV1.app

CpResource /Users/Veer/Library/Developer/Xcode/DerivedData/HearifyV1-ftljoypfezvlxcgouzbpmsmxzads/Build/Products/Debug-iphoneos/HearifyV1.app/Vowels\ 2.csv /Users/Veer/Library/Mobile\ Documents/com~apple~CloudDocs/HearifyV1/HearifyV1/Vowels\ 2.csv (in target 'HearifyV1' from project 'HearifyV1')
    cd /Users/Veer/Library/Mobile\ Documents/com\~apple\~CloudDocs/HearifyV1
    builtin-copy -exclude .DS_Store -exclude CVS -exclude .svn -exclude .git -exclude .hg -resolve-src-symlinks /Users/Veer/Library/Mobile\ Documents/com\~apple\~CloudDocs/HearifyV1/HearifyV1/Vowels\ 2.csv /Users/Veer/Library/Developer/Xcode/DerivedData/HearifyV1-ftljoypfezvlxcgouzbpmsmxzads/Build/Products/Debug-iphoneos/HearifyV1.app

CpResource /Users/Veer/Library/Developer/Xcode/DerivedData/HearifyV1-ftljoypfezvlxcgouzbpmsmxzads/Build/Products/Debug-iphoneos/HearifyV1.app/VineMale1.mp3 /Users/Veer/Library/Mobile\ Documents/com~apple~CloudDocs/HearifyV1/HearifyV1/Audio/CM\ Folder/VineMale1.mp3 (in target 'HearifyV1' from project 'HearifyV1')
    cd /Users/Veer/Library/Mobile\ Documents/com\~apple\~CloudDocs/HearifyV1
    builtin-copy -exclude .DS_Store -exclude CVS -exclude .svn -exclude .git -exclude .hg -resolve-src-symlinks /Users/Veer/Library/Mobile\ Documents/com\~apple\~CloudDocs/HearifyV1/HearifyV1/Audio/CM\ Folder/VineMale1.mp3 /Users/Veer/Library/Developer/Xcode/DerivedData/HearifyV1-ftljoypfezvlxcgouzbpmsmxzads/Build/Products/Debug-iphoneos/HearifyV1.app

CpResource /Users/Veer/Library/Developer/Xcode/DerivedData/HearifyV1-ftljoypfezvlxcgouzbpmsmxzads/Build/Products/Debug-iphoneos/HearifyV1.app/ViewMale1.mp3 /Users/Veer/Library/Mobile\ Documents/com~apple~CloudDocs/HearifyV1/HearifyV1/Audio/CV\ Data/ViewMale1.mp3 (in target 'HearifyV1' from project 'HearifyV1')
    cd /Users/Veer/Library/Mobile\ Documents/com\~apple\~CloudDocs/HearifyV1
    builtin-copy -exclude .DS_Store -exclude CVS -exclude .svn -exclude .git -exclude .hg -resolve-src-symlinks /Users/Veer/Library/Mobile\ Documents/com\~apple\~CloudDocs/HearifyV1/HearifyV1/Audio/CV\ Data/ViewMale1.mp3 /Users/Veer/Library/Developer/Xcode/DerivedData/HearifyV1-ftljoypfezvlxcgouzbpmsmxzads/Build/Products/Debug-iphoneos/HearifyV1.app

CpResource /Users/Veer/Library/Developer/Xcode/DerivedData/HearifyV1-ftljoypfezvlxcgouzbpmsmxzads/Build/Products/Debug-iphoneos/HearifyV1.app/VetMale1.mp3 /Users/Veer/Library/Mobile\ Documents/com~apple~CloudDocs/HearifyV1/HearifyV1/Audio/CM\ Folder/VetMale1.mp3 (in target 'HearifyV1' from project 'HearifyV1')
    cd /Users/Veer/Library/Mobile\ Documents/com\~apple\~CloudDocs/HearifyV1
    builtin-copy -exclude .DS_Store -exclude CVS -exclude .svn -exclude .git -exclude .hg -resolve-src-symlinks /Users/Veer/Library/Mobile\ Documents/com\~apple\~CloudDocs/HearifyV1/HearifyV1/Audio/CM\ Folder/VetMale1.mp3 /Users/Veer/Library/Developer/Xcode/DerivedData/HearifyV1-ftljoypfezvlxcgouzbpmsmxzads/Build/Products/Debug-iphoneos/HearifyV1.app

CpResource /Users/Veer/Library/Developer/Xcode/DerivedData/HearifyV1-ftljoypfezvlxcgouzbpmsmxzads/Build/Products/Debug-iphoneos/HearifyV1.app/VatMale1.mp3 /Users/Veer/Library/Mobile\ Documents/com~apple~CloudDocs/HearifyV1/HearifyV1/Audio/CV\ Data/VatMale1.mp3 (in target 'HearifyV1' from project 'HearifyV1')
    cd /Users/Veer/Library/Mobile\ Documents/com\~apple\~CloudDocs/HearifyV1
    builtin-copy -exclude .DS_Store -exclude CVS -exclude .svn -exclude .git -exclude .hg -resolve-src-symlinks /Users/Veer/Library/Mobile\ Documents/com\~apple\~CloudDocs/HearifyV1/HearifyV1/Audio/CV\ Data/VatMale1.mp3 /Users/Veer/Library/Developer/Xcode/DerivedData/HearifyV1-ftljoypfezvlxcgouzbpmsmxzads/Build/Products/Debug-iphoneos/HearifyV1.app

CpResource /Users/Veer/Library/Developer/Xcode/DerivedData/HearifyV1-ftljoypfezvlxcgouzbpmsmxzads/Build/Products/Debug-iphoneos/HearifyV1.app/VaseMale1.mp3 /Users/Veer/Library/Mobile\ Documents/com~apple~CloudDocs/HearifyV1/HearifyV1/Audio/CV\ Data/VaseMale1.mp3 (in target 'HearifyV1' from project 'HearifyV1')
    cd /Users/Veer/Library/Mobile\ Documents/com\~apple\~CloudDocs/HearifyV1
    builtin-copy -exclude .DS_Store -exclude CVS -exclude .svn -exclude .git -exclude .hg -resolve-src-symlinks /Users/Veer/Library/Mobile\ Documents/com\~apple\~CloudDocs/HearifyV1/HearifyV1/Audio/CV\ Data/VaseMale1.mp3 /Users/Veer/Library/Developer/Xcode/DerivedData/HearifyV1-ftljoypfezvlxcgouzbpmsmxzads/Build/Products/Debug-iphoneos/HearifyV1.app

CpResource /Users/Veer/Library/Developer/Xcode/DerivedData/HearifyV1-ftljoypfezvlxcgouzbpmsmxzads/Build/Products/Debug-iphoneos/HearifyV1.app/VanMale1.mp3 /Users/Veer/Library/Mobile\ Documents/com~apple~CloudDocs/HearifyV1/HearifyV1/Audio/CV\ Data/VanMale1.mp3 (in target 'HearifyV1' from project 'HearifyV1')
    cd /Users/Veer/Library/Mobile\ Documents/com\~apple\~CloudDocs/HearifyV1
    builtin-copy -exclude .DS_Store -exclude CVS -exclude .svn -exclude .git -exclude .hg -resolve-src-symlinks /Users/Veer/Library/Mobile\ Documents/com\~apple\~CloudDocs/HearifyV1/HearifyV1/Audio/CV\ Data/VanMale1.mp3 /Users/Veer/Library/Developer/Xcode/DerivedData/HearifyV1-ftljoypfezvlxcgouzbpmsmxzads/Build/Products/Debug-iphoneos/HearifyV1.app

CpResource /Users/Veer/Library/Developer/Xcode/DerivedData/HearifyV1-ftljoypfezvlxcgouzbpmsmxzads/Build/Products/Debug-iphoneos/HearifyV1.app/VOICE_ERRORS_EXPLAINED.md /Users/Veer/Library/Mobile\ Documents/com~apple~CloudDocs/HearifyV1/HearifyV1/Docs/VOICE_ERRORS_EXPLAINED.md (in target 'HearifyV1' from project 'HearifyV1')
    cd /Users/Veer/Library/Mobile\ Documents/com\~apple\~CloudDocs/HearifyV1
    builtin-copy -exclude .DS_Store -exclude CVS -exclude .svn -exclude .git -exclude .hg -resolve-src-symlinks /Users/Veer/Library/Mobile\ Documents/com\~apple\~CloudDocs/HearifyV1/HearifyV1/Docs/VOICE_ERRORS_EXPLAINED.md /Users/Veer/Library/Developer/Xcode/DerivedData/HearifyV1-ftljoypfezvlxcgouzbpmsmxzads/Build/Products/Debug-iphoneos/HearifyV1.app

CpResource /Users/Veer/Library/Developer/Xcode/DerivedData/HearifyV1-ftljoypfezvlxcgouzbpmsmxzads/Build/Products/Debug-iphoneos/HearifyV1.app/UpMale1.mp3 /Users/Veer/Library/Mobile\ Documents/com~apple~CloudDocs/HearifyV1/HearifyV1/Audio/PD\ Folder/UpMale1.mp3 (in target 'HearifyV1' from project 'HearifyV1')
    cd /Users/Veer/Library/Mobile\ Documents/com\~apple\~CloudDocs/HearifyV1
    builtin-copy -exclude .DS_Store -exclude CVS -exclude .svn -exclude .git -exclude .hg -resolve-src-symlinks /Users/Veer/Library/Mobile\ Documents/com\~apple\~CloudDocs/HearifyV1/HearifyV1/Audio/PD\ Folder/UpMale1.mp3 /Users/Veer/Library/Developer/Xcode/DerivedData/HearifyV1-ftljoypfezvlxcgouzbpmsmxzads/Build/Products/Debug-iphoneos/HearifyV1.app

CpResource /Users/Veer/Library/Developer/Xcode/DerivedData/HearifyV1-ftljoypfezvlxcgouzbpmsmxzads/Build/Products/Debug-iphoneos/HearifyV1.app/TwoMale1.mp3 /Users/Veer/Library/Mobile\ Documents/com~apple~CloudDocs/HearifyV1/HearifyV1/Audio/CM\ Folder/TwoMale1.mp3 (in target 'HearifyV1' from project 'HearifyV1')
    cd /Users/Veer/Library/Mobile\ Documents/com\~apple\~CloudDocs/HearifyV1
    builtin-copy -exclude .DS_Store -exclude CVS -exclude .svn -exclude .git -exclude .hg -resolve-src-symlinks /Users/Veer/Library/Mobile\ Documents/com\~apple\~CloudDocs/HearifyV1/HearifyV1/Audio/CM\ Folder/TwoMale1.mp3 /Users/Veer/Library/Developer/Xcode/DerivedData/HearifyV1-ftljoypfezvlxcgouzbpmsmxzads/Build/Products/Debug-iphoneos/HearifyV1.app

CpResource /Users/Veer/Library/Developer/Xcode/DerivedData/HearifyV1-ftljoypfezvlxcgouzbpmsmxzads/Build/Products/Debug-iphoneos/HearifyV1.app/TurtleMale1.mp3 /Users/Veer/Library/Mobile\ Documents/com~apple~CloudDocs/HearifyV1/HearifyV1/Audio/PD\ Folder/TurtleMale1.mp3 (in target 'HearifyV1' from project 'HearifyV1')
    cd /Users/Veer/Library/Mobile\ Documents/com\~apple\~CloudDocs/HearifyV1
    builtin-copy -exclude .DS_Store -exclude CVS -exclude .svn -exclude .git -exclude .hg -resolve-src-symlinks /Users/Veer/Library/Mobile\ Documents/com\~apple\~CloudDocs/HearifyV1/HearifyV1/Audio/PD\ Folder/TurtleMale1.mp3 /Users/Veer/Library/Developer/Xcode/DerivedData/HearifyV1-ftljoypfezvlxcgouzbpmsmxzads/Build/Products/Debug-iphoneos/HearifyV1.app

CpResource /Users/Veer/Library/Developer/Xcode/DerivedData/HearifyV1-ftljoypfezvlxcgouzbpmsmxzads/Build/Products/Debug-iphoneos/HearifyV1.app/Turn\ left\ at\ the\ next\ traffic\ lightMale1.mp3 /Users/Veer/Library/Mobile\ Documents/com~apple~CloudDocs/HearifyV1/HearifyV1/Audio/Sentences/Turn\ left\ at\ the\ next\ traffic\ lightMale1.mp3 (in target 'HearifyV1' from project 'HearifyV1')
    cd /Users/Veer/Library/Mobile\ Documents/com\~apple\~CloudDocs/HearifyV1
    builtin-copy -exclude .DS_Store -exclude CVS -exclude .svn -exclude .git -exclude .hg -resolve-src-symlinks /Users/Veer/Library/Mobile\ Documents/com\~apple\~CloudDocs/HearifyV1/HearifyV1/Audio/Sentences/Turn\ left\ at\ the\ next\ traffic\ lightMale1.mp3 /Users/Veer/Library/Developer/Xcode/DerivedData/HearifyV1-ftljoypfezvlxcgouzbpmsmxzads/Build/Products/Debug-iphoneos/HearifyV1.app

CpResource /Users/Veer/Library/Developer/Xcode/DerivedData/HearifyV1-ftljoypfezvlxcgouzbpmsmxzads/Build/Products/Debug-iphoneos/HearifyV1.app/TugMale1.mp3 /Users/Veer/Library/Mobile\ Documents/com~apple~CloudDocs/HearifyV1/HearifyV1/Audio/CV\ Data/TugMale1.mp3 (in target 'HearifyV1' from project 'HearifyV1')
    cd /Users/Veer/Library/Mobile\ Documents/com\~apple\~CloudDocs/HearifyV1
    builtin-copy -exclude .DS_Store -exclude CVS -exclude .svn -exclude .git -exclude .hg -resolve-src-symlinks /Users/Veer/Library/Mobile\ Documents/com\~apple\~CloudDocs/HearifyV1/HearifyV1/Audio/CV\ Data/TugMale1.mp3 /Users/Veer/Library/Developer/Xcode/DerivedData/HearifyV1-ftljoypfezvlxcgouzbpmsmxzads/Build/Products/Debug-iphoneos/HearifyV1.app

CpResource /Users/Veer/Library/Developer/Xcode/DerivedData/HearifyV1-ftljoypfezvlxcgouzbpmsmxzads/Build/Products/Debug-iphoneos/HearifyV1.app/TreeMale1.mp3 /Users/Veer/Library/Mobile\ Documents/com~apple~CloudDocs/HearifyV1/HearifyV1/Audio/TreeMale1.mp3 (in target 'HearifyV1' from project 'HearifyV1')
    cd /Users/Veer/Library/Mobile\ Documents/com\~apple\~CloudDocs/HearifyV1
    builtin-copy -exclude .DS_Store -exclude CVS -exclude .svn -exclude .git -exclude .hg -resolve-src-symlinks /Users/Veer/Library/Mobile\ Documents/com\~apple\~CloudDocs/HearifyV1/HearifyV1/Audio/TreeMale1.mp3 /Users/Veer/Library/Developer/Xcode/DerivedData/HearifyV1-ftljoypfezvlxcgouzbpmsmxzads/Build/Products/Debug-iphoneos/HearifyV1.app

CpResource /Users/Veer/Library/Developer/Xcode/DerivedData/HearifyV1-ftljoypfezvlxcgouzbpmsmxzads/Build/Products/Debug-iphoneos/HearifyV1.app/TrackMale1.mp3 /Users/Veer/Library/Mobile\ Documents/com~apple~CloudDocs/HearifyV1/HearifyV1/Audio/Word\ Recognition/TrackMale1.mp3 (in target 'HearifyV1' from project 'HearifyV1')
    cd /Users/Veer/Library/Mobile\ Documents/com\~apple\~CloudDocs/HearifyV1
    builtin-copy -exclude .DS_Store -exclude CVS -exclude .svn -exclude .git -exclude .hg -resolve-src-symlinks /Users/Veer/Library/Mobile\ Documents/com\~apple\~CloudDocs/HearifyV1/HearifyV1/Audio/Word\ Recognition/TrackMale1.mp3 /Users/Veer/Library/Developer/Xcode/DerivedData/HearifyV1-ftljoypfezvlxcgouzbpmsmxzads/Build/Products/Debug-iphoneos/HearifyV1.app

CpResource /Users/Veer/Library/Developer/Xcode/DerivedData/HearifyV1-ftljoypfezvlxcgouzbpmsmxzads/Build/Products/Debug-iphoneos/HearifyV1.app/TopMale1.mp3 /Users/Veer/Library/Mobile\ Documents/com~apple~CloudDocs/HearifyV1/HearifyV1/Audio/Vowels\ Folder/TopMale1.mp3 (in target 'HearifyV1' from project 'HearifyV1')
    cd /Users/Veer/Library/Mobile\ Documents/com\~apple\~CloudDocs/HearifyV1
    builtin-copy -exclude .DS_Store -exclude CVS -exclude .svn -exclude .git -exclude .hg -resolve-src-symlinks /Users/Veer/Library/Mobile\ Documents/com\~apple\~CloudDocs/HearifyV1/HearifyV1/Audio/Vowels\ Folder/TopMale1.mp3 /Users/Veer/Library/Developer/Xcode/DerivedData/HearifyV1-ftljoypfezvlxcgouzbpmsmxzads/Build/Products/Debug-iphoneos/HearifyV1.app

CpResource /Users/Veer/Library/Developer/Xcode/DerivedData/HearifyV1-ftljoypfezvlxcgouzbpmsmxzads/Build/Products/Debug-iphoneos/HearifyV1.app/ToothMale1.mp3 /Users/Veer/Library/Mobile\ Documents/com~apple~CloudDocs/HearifyV1/HearifyV1/Audio/Word\ Recognition/ToothMale1.mp3 (in target 'HearifyV1' from project 'HearifyV1')
    cd /Users/Veer/Library/Mobile\ Documents/com\~apple\~CloudDocs/HearifyV1
    builtin-copy -exclude .DS_Store -exclude CVS -exclude .svn -exclude .git -exclude .hg -resolve-src-symlinks /Users/Veer/Library/Mobile\ Documents/com\~apple\~CloudDocs/HearifyV1/HearifyV1/Audio/Word\ Recognition/ToothMale1.mp3 /Users/Veer/Library/Developer/Xcode/DerivedData/HearifyV1-ftljoypfezvlxcgouzbpmsmxzads/Build/Products/Debug-iphoneos/HearifyV1.app

CpResource /Users/Veer/Library/Developer/Xcode/DerivedData/HearifyV1-ftljoypfezvlxcgouzbpmsmxzads/Build/Products/Debug-iphoneos/HearifyV1.app/ToastMale1.mp3 /Users/Veer/Library/Mobile\ Documents/com~apple~CloudDocs/HearifyV1/HearifyV1/Audio/Word\ Recognition/ToastMale1.mp3 (in target 'HearifyV1' from project 'HearifyV1')
    cd /Users/Veer/Library/Mobile\ Documents/com\~apple\~CloudDocs/HearifyV1
    builtin-copy -exclude .DS_Store -exclude CVS -exclude .svn -exclude .git -exclude .hg -resolve-src-symlinks /Users/Veer/Library/Mobile\ Documents/com\~apple\~CloudDocs/HearifyV1/HearifyV1/Audio/Word\ Recognition/ToastMale1.mp3 /Users/Veer/Library/Developer/Xcode/DerivedData/HearifyV1-ftljoypfezvlxcgouzbpmsmxzads/Build/Products/Debug-iphoneos/HearifyV1.app

CpResource /Users/Veer/Library/Developer/Xcode/DerivedData/HearifyV1-ftljoypfezvlxcgouzbpmsmxzads/Build/Products/Debug-iphoneos/HearifyV1.app/TireMale1.mp3 /Users/Veer/Library/Mobile\ Documents/com~apple~CloudDocs/HearifyV1/HearifyV1/Audio/CM\ Folder/TireMale1.mp3 (in target 'HearifyV1' from project 'HearifyV1')
    cd /Users/Veer/Library/Mobile\ Documents/com\~apple\~CloudDocs/HearifyV1
    builtin-copy -exclude .DS_Store -exclude CVS -exclude .svn -exclude .git -exclude .hg -resolve-src-symlinks /Users/Veer/Library/Mobile\ Documents/com\~apple\~CloudDocs/HearifyV1/HearifyV1/Audio/CM\ Folder/TireMale1.mp3 /Users/Veer/Library/Developer/Xcode/DerivedData/HearifyV1-ftljoypfezvlxcgouzbpmsmxzads/Build/Products/Debug-iphoneos/HearifyV1.app

CpResource /Users/Veer/Library/Developer/Xcode/DerivedData/HearifyV1-ftljoypfezvlxcgouzbpmsmxzads/Build/Products/Debug-iphoneos/HearifyV1.app/TinMale1.mp3 /Users/Veer/Library/Mobile\ Documents/com~apple~CloudDocs/HearifyV1/HearifyV1/Audio/Vowels\ Folder/TinMale1.mp3 (in target 'HearifyV1' from project 'HearifyV1')
    cd /Users/Veer/Library/Mobile\ Documents/com\~apple\~CloudDocs/HearifyV1
    builtin-copy -exclude .DS_Store -exclude CVS -exclude .svn -exclude .git -exclude .hg -resolve-src-symlinks /Users/Veer/Library/Mobile\ Documents/com\~apple\~CloudDocs/HearifyV1/HearifyV1/Audio/Vowels\ Folder/TinMale1.mp3 /Users/Veer/Library/Developer/Xcode/DerivedData/HearifyV1-ftljoypfezvlxcgouzbpmsmxzads/Build/Products/Debug-iphoneos/HearifyV1.app

CpResource /Users/Veer/Library/Developer/Xcode/DerivedData/HearifyV1-ftljoypfezvlxcgouzbpmsmxzads/Build/Products/Debug-iphoneos/HearifyV1.app/TimeMale1.mp3 /Users/Veer/Library/Mobile\ Documents/com~apple~CloudDocs/HearifyV1/HearifyV1/Audio/CV\ Data/TimeMale1.mp3 (in target 'HearifyV1' from project 'HearifyV1')
    cd /Users/Veer/Library/Mobile\ Documents/com\~apple\~CloudDocs/HearifyV1
    builtin-copy -exclude .DS_Store -exclude CVS -exclude .svn -exclude .git -exclude .hg -resolve-src-symlinks /Users/Veer/Library/Mobile\ Documents/com\~apple\~CloudDocs/HearifyV1/HearifyV1/Audio/CV\ Data/TimeMale1.mp3 /Users/Veer/Library/Developer/Xcode/DerivedData/HearifyV1-ftljoypfezvlxcgouzbpmsmxzads/Build/Products/Debug-iphoneos/HearifyV1.app

CpResource /Users/Veer/Library/Developer/Xcode/DerivedData/HearifyV1-ftljoypfezvlxcgouzbpmsmxzads/Build/Products/Debug-iphoneos/HearifyV1.app/TightMale1.mp3 /Users/Veer/Library/Mobile\ Documents/com~apple~CloudDocs/HearifyV1/HearifyV1/Audio/CP\ Folder/TightMale1.mp3 (in target 'HearifyV1' from project 'HearifyV1')
    cd /Users/Veer/Library/Mobile\ Documents/com\~apple\~CloudDocs/HearifyV1
    builtin-copy -exclude .DS_Store -exclude CVS -exclude .svn -exclude .git -exclude .hg -resolve-src-symlinks /Users/Veer/Library/Mobile\ Documents/com\~apple\~CloudDocs/HearifyV1/HearifyV1/Audio/CP\ Folder/TightMale1.mp3 /Users/Veer/Library/Developer/Xcode/DerivedData/HearifyV1-ftljoypfezvlxcgouzbpmsmxzads/Build/Products/Debug-iphoneos/HearifyV1.app

CpResource /Users/Veer/Library/Developer/Xcode/DerivedData/HearifyV1-ftljoypfezvlxcgouzbpmsmxzads/Build/Products/Debug-iphoneos/HearifyV1.app/TieMale1.mp3 /Users/Veer/Library/Mobile\ Documents/com~apple~CloudDocs/HearifyV1/HearifyV1/Audio/CP\ Folder/TieMale1.mp3 (in target 'HearifyV1' from project 'HearifyV1')
    cd /Users/Veer/Library/Mobile\ Documents/com\~apple\~CloudDocs/HearifyV1
    builtin-copy -exclude .DS_Store -exclude CVS -exclude .svn -exclude .git -exclude .hg -resolve-src-symlinks /Users/Veer/Library/Mobile\ Documents/com\~apple\~CloudDocs/HearifyV1/HearifyV1/Audio/CP\ Folder/TieMale1.mp3 /Users/Veer/Library/Developer/Xcode/DerivedData/HearifyV1-ftljoypfezvlxcgouzbpmsmxzads/Build/Products/Debug-iphoneos/HearifyV1.app

CpResource /Users/Veer/Library/Developer/Xcode/DerivedData/HearifyV1-ftljoypfezvlxcgouzbpmsmxzads/Build/Products/Debug-iphoneos/HearifyV1.app/ThumbMale1.mp3 /Users/Veer/Library/Mobile\ Documents/com~apple~CloudDocs/HearifyV1/HearifyV1/Audio/CM\ Folder/ThumbMale1.mp3 (in target 'HearifyV1' from project 'HearifyV1')
    cd /Users/Veer/Library/Mobile\ Documents/com\~apple\~CloudDocs/HearifyV1
    builtin-copy -exclude .DS_Store -exclude CVS -exclude .svn -exclude .git -exclude .hg -resolve-src-symlinks /Users/Veer/Library/Mobile\ Documents/com\~apple\~CloudDocs/HearifyV1/HearifyV1/Audio/CM\ Folder/ThumbMale1.mp3 /Users/Veer/Library/Developer/Xcode/DerivedData/HearifyV1-ftljoypfezvlxcgouzbpmsmxzads/Build/Products/Debug-iphoneos/HearifyV1.app

CpResource /Users/Veer/Library/Developer/Xcode/DerivedData/HearifyV1-ftljoypfezvlxcgouzbpmsmxzads/Build/Products/Debug-iphoneos/HearifyV1.app/ThinkMale1.mp3 /Users/Veer/Library/Mobile\ Documents/com~apple~CloudDocs/HearifyV1/HearifyV1/Audio/CM\ Folder/ThinkMale1.mp3 (in target 'HearifyV1' from project 'HearifyV1')
    cd /Users/Veer/Library/Mobile\ Documents/com\~apple\~CloudDocs/HearifyV1
    builtin-copy -exclude .DS_Store -exclude CVS -exclude .svn -exclude .git -exclude .hg -resolve-src-symlinks /Users/Veer/Library/Mobile\ Documents/com\~apple\~CloudDocs/HearifyV1/HearifyV1/Audio/CM\ Folder/ThinkMale1.mp3 /Users/Veer/Library/Developer/Xcode/DerivedData/HearifyV1-ftljoypfezvlxcgouzbpmsmxzads/Build/Products/Debug-iphoneos/HearifyV1.app

CpResource /Users/Veer/Library/Developer/Xcode/DerivedData/HearifyV1-ftljoypfezvlxcgouzbpmsmxzads/Build/Products/Debug-iphoneos/HearifyV1.app/The\ temperature\ will\ drop\ below\ freezing\ tonightMale1.mp3 /Users/Veer/Library/Mobile\ Documents/com~apple~CloudDocs/HearifyV1/HearifyV1/Audio/Sentences/The\ temperature\ will\ drop\ below\ freezing\ tonightMale1.mp3 (in target 'HearifyV1' from project 'HearifyV1')
    cd /Users/Veer/Library/Mobile\ Documents/com\~apple\~CloudDocs/HearifyV1
    builtin-copy -exclude .DS_Store -exclude CVS -exclude .svn -exclude .git -exclude .hg -resolve-src-symlinks /Users/Veer/Library/Mobile\ Documents/com\~apple\~CloudDocs/HearifyV1/HearifyV1/Audio/Sentences/The\ temperature\ will\ drop\ below\ freezing\ tonightMale1.mp3 /Users/Veer/Library/Developer/Xcode/DerivedData/HearifyV1-ftljoypfezvlxcgouzbpmsmxzads/Build/Products/Debug-iphoneos/HearifyV1.app

CpResource /Users/Veer/Library/Developer/Xcode/DerivedData/HearifyV1-ftljoypfezvlxcgouzbpmsmxzads/Build/Products/Debug-iphoneos/HearifyV1.app/The\ store\ closes\ in\ fifteen\ minutesMale1.mp3 /Users/Veer/Library/Mobile\ Documents/com~apple~CloudDocs/HearifyV1/HearifyV1/Audio/Sentences/The\ store\ closes\ in\ fifteen\ minutesMale1.mp3 (in target 'HearifyV1' from project 'HearifyV1')
    cd /Users/Veer/Library/Mobile\ Documents/com\~apple\~CloudDocs/HearifyV1
    builtin-copy -exclude .DS_Store -exclude CVS -exclude .svn -exclude .git -exclude .hg -resolve-src-symlinks /Users/Veer/Library/Mobile\ Documents/com\~apple\~CloudDocs/HearifyV1/HearifyV1/Audio/Sentences/The\ store\ closes\ in\ fifteen\ minutesMale1.mp3 /Users/Veer/Library/Developer/Xcode/DerivedData/HearifyV1-ftljoypfezvlxcgouzbpmsmxzads/Build/Products/Debug-iphoneos/HearifyV1.app

CpResource /Users/Veer/Library/Developer/Xcode/DerivedData/HearifyV1-ftljoypfezvlxcgouzbpmsmxzads/Build/Products/Debug-iphoneos/HearifyV1.app/The\ recipe\ calls\ for\ two\ cups\ of\ flourMale1.mp3 /Users/Veer/Library/Mobile\ Documents/com~apple~CloudDocs/HearifyV1/HearifyV1/Audio/Sentences/The\ recipe\ calls\ for\ two\ cups\ of\ flourMale1.mp3 (in target 'HearifyV1' from project 'HearifyV1')
    cd /Users/Veer/Library/Mobile\ Documents/com\~apple\~CloudDocs/HearifyV1
    builtin-copy -exclude .DS_Store -exclude CVS -exclude .svn -exclude .git -exclude .hg -resolve-src-symlinks /Users/Veer/Library/Mobile\ Documents/com\~apple\~CloudDocs/HearifyV1/HearifyV1/Audio/Sentences/The\ recipe\ calls\ for\ two\ cups\ of\ flourMale1.mp3 /Users/Veer/Library/Developer/Xcode/DerivedData/HearifyV1-ftljoypfezvlxcgouzbpmsmxzads/Build/Products/Debug-iphoneos/HearifyV1.app

CpResource /Users/Veer/Library/Developer/Xcode/DerivedData/HearifyV1-ftljoypfezvlxcgouzbpmsmxzads/Build/Products/Debug-iphoneos/HearifyV1.app/The\ meeting\ starts\ at\ three\ o\'clockMale1.mp3 /Users/Veer/Library/Mobile\ Documents/com~apple~CloudDocs/HearifyV1/HearifyV1/Audio/Sentences/The\ meeting\ starts\ at\ three\ o\'clockMale1.mp3 (in target 'HearifyV1' from project 'HearifyV1')
    cd /Users/Veer/Library/Mobile\ Documents/com\~apple\~CloudDocs/HearifyV1
    builtin-copy -exclude .DS_Store -exclude CVS -exclude .svn -exclude .git -exclude .hg -resolve-src-symlinks /Users/Veer/Library/Mobile\ Documents/com\~apple\~CloudDocs/HearifyV1/HearifyV1/Audio/Sentences/The\ meeting\ starts\ at\ three\ o\'clockMale1.mp3 /Users/Veer/Library/Developer/Xcode/DerivedData/HearifyV1-ftljoypfezvlxcgouzbpmsmxzads/Build/Products/Debug-iphoneos/HearifyV1.app

CpResource /Users/Veer/Library/Developer/Xcode/DerivedData/HearifyV1-ftljoypfezvlxcgouzbpmsmxzads/Build/Products/Debug-iphoneos/HearifyV1.app/The\ game\ was\ postponed\ due\ to\ rainMale1.mp3 /Users/Veer/Library/Mobile\ Documents/com~apple~CloudDocs/HearifyV1/HearifyV1/Audio/Sentences/The\ game\ was\ postponed\ due\ to\ rainMale1.mp3 (in target 'HearifyV1' from project 'HearifyV1')
    cd /Users/Veer/Library/Mobile\ Documents/com\~apple\~CloudDocs/HearifyV1
    builtin-copy -exclude .DS_Store -exclude CVS -exclude .svn -exclude .git -exclude .hg -resolve-src-symlinks /Users/Veer/Library/Mobile\ Documents/com\~apple\~CloudDocs/HearifyV1/HearifyV1/Audio/Sentences/The\ game\ was\ postponed\ due\ to\ rainMale1.mp3 /Users/Veer/Library/Developer/Xcode/DerivedData/HearifyV1-ftljoypfezvlxcgouzbpmsmxzads/Build/Products/Debug-iphoneos/HearifyV1.app

CpResource /Users/Veer/Library/Developer/Xcode/DerivedData/HearifyV1-ftljoypfezvlxcgouzbpmsmxzads/Build/Products/Debug-iphoneos/HearifyV1.app/The\ flight\ departs\ from\ gate\ twelveMale1.mp3 /Users/Veer/Library/Mobile\ Documents/com~apple~CloudDocs/HearifyV1/HearifyV1/Audio/Sentences/The\ flight\ departs\ from\ gate\ twelveMale1.mp3 (in target 'HearifyV1' from project 'HearifyV1')
    cd /Users/Veer/Library/Mobile\ Documents/com\~apple\~CloudDocs/HearifyV1
    builtin-copy -exclude .DS_Store -exclude CVS -exclude .svn -exclude .git -exclude .hg -resolve-src-symlinks /Users/Veer/Library/Mobile\ Documents/com\~apple\~CloudDocs/HearifyV1/HearifyV1/Audio/Sentences/The\ flight\ departs\ from\ gate\ twelveMale1.mp3 /Users/Veer/Library/Developer/Xcode/DerivedData/HearifyV1-ftljoypfezvlxcgouzbpmsmxzads/Build/Products/Debug-iphoneos/HearifyV1.app

CpResource /Users/Veer/Library/Developer/Xcode/DerivedData/HearifyV1-ftljoypfezvlxcgouzbpmsmxzads/Build/Products/Debug-iphoneos/HearifyV1.app/The\ computer\ needs\ to\ be\ restartedMale1.mp3 /Users/Veer/Library/Mobile\ Documents/com~apple~CloudDocs/HearifyV1/HearifyV1/Audio/Sentences/The\ computer\ needs\ to\ be\ restartedMale1.mp3 (in target 'HearifyV1' from project 'HearifyV1')
    cd /Users/Veer/Library/Mobile\ Documents/com\~apple\~CloudDocs/HearifyV1
    builtin-copy -exclude .DS_Store -exclude CVS -exclude .svn -exclude .git -exclude .hg -resolve-src-symlinks /Users/Veer/Library/Mobile\ Documents/com\~apple\~CloudDocs/HearifyV1/HearifyV1/Audio/Sentences/The\ computer\ needs\ to\ be\ restartedMale1.mp3 /Users/Veer/Library/Developer/Xcode/DerivedData/HearifyV1-ftljoypfezvlxcgouzbpmsmxzads/Build/Products/Debug-iphoneos/HearifyV1.app

CpResource /Users/Veer/Library/Developer/Xcode/DerivedData/HearifyV1-ftljoypfezvlxcgouzbpmsmxzads/Build/Products/Debug-iphoneos/HearifyV1.app/The\ bridge\ connects\ the\ two\ islandsMale1.mp3 /Users/Veer/Library/Mobile\ Documents/com~apple~CloudDocs/HearifyV1/HearifyV1/Audio/Sentences/The\ bridge\ connects\ the\ two\ islandsMale1.mp3 (in target 'HearifyV1' from project 'HearifyV1')
    cd /Users/Veer/Library/Mobile\ Documents/com\~apple\~CloudDocs/HearifyV1
    builtin-copy -exclude .DS_Store -exclude CVS -exclude .svn -exclude .git -exclude .hg -resolve-src-symlinks /Users/Veer/Library/Mobile\ Documents/com\~apple\~CloudDocs/HearifyV1/HearifyV1/Audio/Sentences/The\ bridge\ connects\ the\ two\ islandsMale1.mp3 /Users/Veer/Library/Developer/Xcode/DerivedData/HearifyV1-ftljoypfezvlxcgouzbpmsmxzads/Build/Products/Debug-iphoneos/HearifyV1.app

CpResource /Users/Veer/Library/Developer/Xcode/DerivedData/HearifyV1-ftljoypfezvlxcgouzbpmsmxzads/Build/Products/Debug-iphoneos/HearifyV1.app/The\ appointment\ has\ been\ rescheduled\ to\ FridayMale1.mp3 /Users/Veer/Library/Mobile\ Documents/com~apple~CloudDocs/HearifyV1/HearifyV1/Audio/Sentences/The\ appointment\ has\ been\ rescheduled\ to\ FridayMale1.mp3 (in target 'HearifyV1' from project 'HearifyV1')
    cd /Users/Veer/Library/Mobile\ Documents/com\~apple\~CloudDocs/HearifyV1
    builtin-copy -exclude .DS_Store -exclude CVS -exclude .svn -exclude .git -exclude .hg -resolve-src-symlinks /Users/Veer/Library/Mobile\ Documents/com\~apple\~CloudDocs/HearifyV1/HearifyV1/Audio/Sentences/The\ appointment\ has\ been\ rescheduled\ to\ FridayMale1.mp3 /Users/Veer/Library/Developer/Xcode/DerivedData/HearifyV1-ftljoypfezvlxcgouzbpmsmxzads/Build/Products/Debug-iphoneos/HearifyV1.app

CpResource /Users/Veer/Library/Developer/Xcode/DerivedData/HearifyV1-ftljoypfezvlxcgouzbpmsmxzads/Build/Products/Debug-iphoneos/HearifyV1.app/TentMale1.mp3 /Users/Veer/Library/Mobile\ Documents/com~apple~CloudDocs/HearifyV1/HearifyV1/Audio/Word\ Recognition/TentMale1.mp3 (in target 'HearifyV1' from project 'HearifyV1')
    cd /Users/Veer/Library/Mobile\ Documents/com\~apple\~CloudDocs/HearifyV1
    builtin-copy -exclude .DS_Store -exclude CVS -exclude .svn -exclude .git -exclude .hg -resolve-src-symlinks /Users/Veer/Library/Mobile\ Documents/com\~apple\~CloudDocs/HearifyV1/HearifyV1/Audio/Word\ Recognition/TentMale1.mp3 /Users/Veer/Library/Developer/Xcode/DerivedData/HearifyV1-ftljoypfezvlxcgouzbpmsmxzads/Build/Products/Debug-iphoneos/HearifyV1.app

CpResource /Users/Veer/Library/Developer/Xcode/DerivedData/HearifyV1-ftljoypfezvlxcgouzbpmsmxzads/Build/Products/Debug-iphoneos/HearifyV1.app/TenMale1.mp3 /Users/Veer/Library/Mobile\ Documents/com~apple~CloudDocs/HearifyV1/HearifyV1/Audio/Vowels\ Folder/TenMale1.mp3 (in target 'HearifyV1' from project 'HearifyV1')
    cd /Users/Veer/Library/Mobile\ Documents/com\~apple\~CloudDocs/HearifyV1
    builtin-copy -exclude .DS_Store -exclude CVS -exclude .svn -exclude .git -exclude .hg -resolve-src-symlinks /Users/Veer/Library/Mobile\ Documents/com\~apple\~CloudDocs/HearifyV1/HearifyV1/Audio/Vowels\ Folder/TenMale1.mp3 /Users/Veer/Library/Developer/Xcode/DerivedData/HearifyV1-ftljoypfezvlxcgouzbpmsmxzads/Build/Products/Debug-iphoneos/HearifyV1.app

CpResource /Users/Veer/Library/Developer/Xcode/DerivedData/HearifyV1-ftljoypfezvlxcgouzbpmsmxzads/Build/Products/Debug-iphoneos/HearifyV1.app/TedMale1.mp3 /Users/Veer/Library/Mobile\ Documents/com~apple~CloudDocs/HearifyV1/HearifyV1/Audio/CM\ Folder/TedMale1.mp3 (in target 'HearifyV1' from project 'HearifyV1')
    cd /Users/Veer/Library/Mobile\ Documents/com\~apple\~CloudDocs/HearifyV1
    builtin-copy -exclude .DS_Store -exclude CVS -exclude .svn -exclude .git -exclude .hg -resolve-src-symlinks /Users/Veer/Library/Mobile\ Documents/com\~apple\~CloudDocs/HearifyV1/HearifyV1/Audio/CM\ Folder/TedMale1.mp3 /Users/Veer/Library/Developer/Xcode/DerivedData/HearifyV1-ftljoypfezvlxcgouzbpmsmxzads/Build/Products/Debug-iphoneos/HearifyV1.app

CpResource /Users/Veer/Library/Developer/Xcode/DerivedData/HearifyV1-ftljoypfezvlxcgouzbpmsmxzads/Build/Products/Debug-iphoneos/HearifyV1.app/TearMale1.mp3 /Users/Veer/Library/Mobile\ Documents/com~apple~CloudDocs/HearifyV1/HearifyV1/Audio/CV\ Data/TearMale1.mp3 (in target 'HearifyV1' from project 'HearifyV1')
    cd /Users/Veer/Library/Mobile\ Documents/com\~apple\~CloudDocs/HearifyV1
    builtin-copy -exclude .DS_Store -exclude CVS -exclude .svn -exclude .git -exclude .hg -resolve-src-symlinks /Users/Veer/Library/Mobile\ Documents/com\~apple\~CloudDocs/HearifyV1/HearifyV1/Audio/CV\ Data/TearMale1.mp3 /Users/Veer/Library/Developer/Xcode/DerivedData/HearifyV1-ftljoypfezvlxcgouzbpmsmxzads/Build/Products/Debug-iphoneos/HearifyV1.app

CpResource /Users/Veer/Library/Developer/Xcode/DerivedData/HearifyV1-ftljoypfezvlxcgouzbpmsmxzads/Build/Products/Debug-iphoneos/HearifyV1.app/TeacherMale1.mp3 /Users/Veer/Library/Mobile\ Documents/com~apple~CloudDocs/HearifyV1/HearifyV1/Audio/PD\ Folder/TeacherMale1.mp3 (in target 'HearifyV1' from project 'HearifyV1')
    cd /Users/Veer/Library/Mobile\ Documents/com\~apple\~CloudDocs/HearifyV1
    builtin-copy -exclude .DS_Store -exclude CVS -exclude .svn -exclude .git -exclude .hg -resolve-src-symlinks /Users/Veer/Library/Mobile\ Documents/com\~apple\~CloudDocs/HearifyV1/HearifyV1/Audio/PD\ Folder/TeacherMale1.mp3 /Users/Veer/Library/Developer/Xcode/DerivedData/HearifyV1-ftljoypfezvlxcgouzbpmsmxzads/Build/Products/Debug-iphoneos/HearifyV1.app

CpResource /Users/Veer/Library/Developer/Xcode/DerivedData/HearifyV1-ftljoypfezvlxcgouzbpmsmxzads/Build/Products/Debug-iphoneos/HearifyV1.app/TeaMale1.mp3 /Users/Veer/Library/Mobile\ Documents/com~apple~CloudDocs/HearifyV1/HearifyV1/Audio/CV\ Data/TeaMale1.mp3 (in target 'HearifyV1' from project 'HearifyV1')
    cd /Users/Veer/Library/Mobile\ Documents/com\~apple\~CloudDocs/HearifyV1
    builtin-copy -exclude .DS_Store -exclude CVS -exclude .svn -exclude .git -exclude .hg -resolve-src-symlinks /Users/Veer/Library/Mobile\ Documents/com\~apple\~CloudDocs/HearifyV1/HearifyV1/Audio/CV\ Data/TeaMale1.mp3 /Users/Veer/Library/Developer/Xcode/DerivedData/HearifyV1-ftljoypfezvlxcgouzbpmsmxzads/Build/Products/Debug-iphoneos/HearifyV1.app

CpResource /Users/Veer/Library/Developer/Xcode/DerivedData/HearifyV1-ftljoypfezvlxcgouzbpmsmxzads/Build/Products/Debug-iphoneos/HearifyV1.app/TapMale1.mp3 /Users/Veer/Library/Mobile\ Documents/com~apple~CloudDocs/HearifyV1/HearifyV1/Audio/Vowels\ Folder/TapMale1.mp3 (in target 'HearifyV1' from project 'HearifyV1')
    cd /Users/Veer/Library/Mobile\ Documents/com\~apple\~CloudDocs/HearifyV1
    builtin-copy -exclude .DS_Store -exclude CVS -exclude .svn -exclude .git -exclude .hg -resolve-src-symlinks /Users/Veer/Library/Mobile\ Documents/com\~apple\~CloudDocs/HearifyV1/HearifyV1/Audio/Vowels\ Folder/TapMale1.mp3 /Users/Veer/Library/Developer/Xcode/DerivedData/HearifyV1-ftljoypfezvlxcgouzbpmsmxzads/Build/Products/Debug-iphoneos/HearifyV1.app

CpResource /Users/Veer/Library/Developer/Xcode/DerivedData/HearifyV1-ftljoypfezvlxcgouzbpmsmxzads/Build/Products/Debug-iphoneos/HearifyV1.app/TanMale1.mp3 /Users/Veer/Library/Mobile\ Documents/com~apple~CloudDocs/HearifyV1/HearifyV1/Audio/CV\ Data/TanMale1.mp3 (in target 'HearifyV1' from project 'HearifyV1')
    cd /Users/Veer/Library/Mobile\ Documents/com\~apple\~CloudDocs/HearifyV1
    builtin-copy -exclude .DS_Store -exclude CVS -exclude .svn -exclude .git -exclude .hg -resolve-src-symlinks /Users/Veer/Library/Mobile\ Documents/com\~apple\~CloudDocs/HearifyV1/HearifyV1/Audio/CV\ Data/TanMale1.mp3 /Users/Veer/Library/Developer/Xcode/DerivedData/HearifyV1-ftljoypfezvlxcgouzbpmsmxzads/Build/Products/Debug-iphoneos/HearifyV1.app

CpResource /Users/Veer/Library/Developer/Xcode/DerivedData/HearifyV1-ftljoypfezvlxcgouzbpmsmxzads/Build/Products/Debug-iphoneos/HearifyV1.app/TallMale1.mp3 /Users/Veer/Library/Mobile\ Documents/com~apple~CloudDocs/HearifyV1/HearifyV1/Audio/CP\ Folder/TallMale1.mp3 (in target 'HearifyV1' from project 'HearifyV1')
    cd /Users/Veer/Library/Mobile\ Documents/com\~apple\~CloudDocs/HearifyV1
    builtin-copy -exclude .DS_Store -exclude CVS -exclude .svn -exclude .git -exclude .hg -resolve-src-symlinks /Users/Veer/Library/Mobile\ Documents/com\~apple\~CloudDocs/HearifyV1/HearifyV1/Audio/CP\ Folder/TallMale1.mp3 /Users/Veer/Library/Developer/Xcode/DerivedData/HearifyV1-ftljoypfezvlxcgouzbpmsmxzads/Build/Products/Debug-iphoneos/HearifyV1.app

CpResource /Users/Veer/Library/Developer/Xcode/DerivedData/HearifyV1-ftljoypfezvlxcgouzbpmsmxzads/Build/Products/Debug-iphoneos/HearifyV1.app/TailMale1.mp3 /Users/Veer/Library/Mobile\ Documents/com~apple~CloudDocs/HearifyV1/HearifyV1/Audio/CP\ Folder/TailMale1.mp3 (in target 'HearifyV1' from project 'HearifyV1')
    cd /Users/Veer/Library/Mobile\ Documents/com\~apple\~CloudDocs/HearifyV1
    builtin-copy -exclude .DS_Store -exclude CVS -exclude .svn -exclude .git -exclude .hg -resolve-src-symlinks /Users/Veer/Library/Mobile\ Documents/com\~apple\~CloudDocs/HearifyV1/HearifyV1/Audio/CP\ Folder/TailMale1.mp3 /Users/Veer/Library/Developer/Xcode/DerivedData/HearifyV1-ftljoypfezvlxcgouzbpmsmxzads/Build/Products/Debug-iphoneos/HearifyV1.app

CpResource /Users/Veer/Library/Developer/Xcode/DerivedData/HearifyV1-ftljoypfezvlxcgouzbpmsmxzads/Build/Products/Debug-iphoneos/HearifyV1.app/TackMale3.mp3 /Users/Veer/Library/Mobile\ Documents/com~apple~CloudDocs/HearifyV1/HearifyV1/Audio/FC\ Folder/TackMale3.mp3 (in target 'HearifyV1' from project 'HearifyV1')
    cd /Users/Veer/Library/Mobile\ Documents/com\~apple\~CloudDocs/HearifyV1
    builtin-copy -exclude .DS_Store -exclude CVS -exclude .svn -exclude .git -exclude .hg -resolve-src-symlinks /Users/Veer/Library/Mobile\ Documents/com\~apple\~CloudDocs/HearifyV1/HearifyV1/Audio/FC\ Folder/TackMale3.mp3 /Users/Veer/Library/Developer/Xcode/DerivedData/HearifyV1-ftljoypfezvlxcgouzbpmsmxzads/Build/Products/Debug-iphoneos/HearifyV1.app

CpResource /Users/Veer/Library/Developer/Xcode/DerivedData/HearifyV1-ftljoypfezvlxcgouzbpmsmxzads/Build/Products/Debug-iphoneos/HearifyV1.app/TackMale2.mp3 /Users/Veer/Library/Mobile\ Documents/com~apple~CloudDocs/HearifyV1/HearifyV1/Audio/FC\ Folder/TackMale2.mp3 (in target 'HearifyV1' from project 'HearifyV1')
    cd /Users/Veer/Library/Mobile\ Documents/com\~apple\~CloudDocs/HearifyV1
    builtin-copy -exclude .DS_Store -exclude CVS -exclude .svn -exclude .git -exclude .hg -resolve-src-symlinks /Users/Veer/Library/Mobile\ Documents/com\~apple\~CloudDocs/HearifyV1/HearifyV1/Audio/FC\ Folder/TackMale2.mp3 /Users/Veer/Library/Developer/Xcode/DerivedData/HearifyV1-ftljoypfezvlxcgouzbpmsmxzads/Build/Products/Debug-iphoneos/HearifyV1.app

CpResource /Users/Veer/Library/Developer/Xcode/DerivedData/HearifyV1-ftljoypfezvlxcgouzbpmsmxzads/Build/Products/Debug-iphoneos/HearifyV1.app/TackMale1.mp3 /Users/Veer/Library/Mobile\ Documents/com~apple~CloudDocs/HearifyV1/HearifyV1/Audio/FC\ Folder/TackMale1.mp3 (in target 'HearifyV1' from project 'HearifyV1')
    cd /Users/Veer/Library/Mobile\ Documents/com\~apple\~CloudDocs/HearifyV1
    builtin-copy -exclude .DS_Store -exclude CVS -exclude .svn -exclude .git -exclude .hg -resolve-src-symlinks /Users/Veer/Library/Mobile\ Documents/com\~apple\~CloudDocs/HearifyV1/HearifyV1/Audio/FC\ Folder/TackMale1.mp3 /Users/Veer/Library/Developer/Xcode/DerivedData/HearifyV1-ftljoypfezvlxcgouzbpmsmxzads/Build/Products/Debug-iphoneos/HearifyV1.app

CpResource /Users/Veer/Library/Developer/Xcode/DerivedData/HearifyV1-ftljoypfezvlxcgouzbpmsmxzads/Build/Products/Debug-iphoneos/HearifyV1.app/TackFemale3.mp3 /Users/Veer/Library/Mobile\ Documents/com~apple~CloudDocs/HearifyV1/HearifyV1/Audio/FC\ Folder/TackFemale3.mp3 (in target 'HearifyV1' from project 'HearifyV1')
    cd /Users/Veer/Library/Mobile\ Documents/com\~apple\~CloudDocs/HearifyV1
    builtin-copy -exclude .DS_Store -exclude CVS -exclude .svn -exclude .git -exclude .hg -resolve-src-symlinks /Users/Veer/Library/Mobile\ Documents/com\~apple\~CloudDocs/HearifyV1/HearifyV1/Audio/FC\ Folder/TackFemale3.mp3 /Users/Veer/Library/Developer/Xcode/DerivedData/HearifyV1-ftljoypfezvlxcgouzbpmsmxzads/Build/Products/Debug-iphoneos/HearifyV1.app

CpResource /Users/Veer/Library/Developer/Xcode/DerivedData/HearifyV1-ftljoypfezvlxcgouzbpmsmxzads/Build/Products/Debug-iphoneos/HearifyV1.app/TackFemale2.mp3 /Users/Veer/Library/Mobile\ Documents/com~apple~CloudDocs/HearifyV1/HearifyV1/Audio/FC\ Folder/TackFemale2.mp3 (in target 'HearifyV1' from project 'HearifyV1')
    cd /Users/Veer/Library/Mobile\ Documents/com\~apple\~CloudDocs/HearifyV1
    builtin-copy -exclude .DS_Store -exclude CVS -exclude .svn -exclude .git -exclude .hg -resolve-src-symlinks /Users/Veer/Library/Mobile\ Documents/com\~apple\~CloudDocs/HearifyV1/HearifyV1/Audio/FC\ Folder/TackFemale2.mp3 /Users/Veer/Library/Developer/Xcode/DerivedData/HearifyV1-ftljoypfezvlxcgouzbpmsmxzads/Build/Products/Debug-iphoneos/HearifyV1.app

CpResource /Users/Veer/Library/Developer/Xcode/DerivedData/HearifyV1-ftljoypfezvlxcgouzbpmsmxzads/Build/Products/Debug-iphoneos/HearifyV1.app/TackFemale1.mp3 /Users/Veer/Library/Mobile\ Documents/com~apple~CloudDocs/HearifyV1/HearifyV1/Audio/FC\ Folder/TackFemale1.mp3 (in target 'HearifyV1' from project 'HearifyV1')
    cd /Users/Veer/Library/Mobile\ Documents/com\~apple\~CloudDocs/HearifyV1
    builtin-copy -exclude .DS_Store -exclude CVS -exclude .svn -exclude .git -exclude .hg -resolve-src-symlinks /Users/Veer/Library/Mobile\ Documents/com\~apple\~CloudDocs/HearifyV1/HearifyV1/Audio/FC\ Folder/TackFemale1.mp3 /Users/Veer/Library/Developer/Xcode/DerivedData/HearifyV1-ftljoypfezvlxcgouzbpmsmxzads/Build/Products/Debug-iphoneos/HearifyV1.app

CpResource /Users/Veer/Library/Developer/Xcode/DerivedData/HearifyV1-ftljoypfezvlxcgouzbpmsmxzads/Build/Products/Debug-iphoneos/HearifyV1.app/TableMale1.mp3 /Users/Veer/Library/Mobile\ Documents/com~apple~CloudDocs/HearifyV1/HearifyV1/Audio/Syllables/Supra\ 1\ v\ 2/TableMale1.mp3 (in target 'HearifyV1' from project 'HearifyV1')
    cd /Users/Veer/Library/Mobile\ Documents/com\~apple\~CloudDocs/HearifyV1
    builtin-copy -exclude .DS_Store -exclude CVS -exclude .svn -exclude .git -exclude .hg -resolve-src-symlinks /Users/Veer/Library/Mobile\ Documents/com\~apple\~CloudDocs/HearifyV1/HearifyV1/Audio/Syllables/Supra\ 1\ v\ 2/TableMale1.mp3 /Users/Veer/Library/Developer/Xcode/DerivedData/HearifyV1-ftljoypfezvlxcgouzbpmsmxzads/Build/Products/Debug-iphoneos/HearifyV1.app

CpResource /Users/Veer/Library/Developer/Xcode/DerivedData/HearifyV1-ftljoypfezvlxcgouzbpmsmxzads/Build/Products/Debug-iphoneos/HearifyV1.app/Table\ ClothMale1.mp3 /Users/Veer/Library/Mobile\ Documents/com~apple~CloudDocs/HearifyV1/HearifyV1/Audio/Syllables/Supra\ -\ 1\ v\ 3/Table\ ClothMale1.mp3 (in target 'HearifyV1' from project 'HearifyV1')
    cd /Users/Veer/Library/Mobile\ Documents/com\~apple\~CloudDocs/HearifyV1
    builtin-copy -exclude .DS_Store -exclude CVS -exclude .svn -exclude .git -exclude .hg -resolve-src-symlinks /Users/Veer/Library/Mobile\ Documents/com\~apple\~CloudDocs/HearifyV1/HearifyV1/Audio/Syllables/Supra\ -\ 1\ v\ 3/Table\ ClothMale1.mp3 /Users/Veer/Library/Developer/Xcode/DerivedData/HearifyV1-ftljoypfezvlxcgouzbpmsmxzads/Build/Products/Debug-iphoneos/HearifyV1.app

CpResource /Users/Veer/Library/Developer/Xcode/DerivedData/HearifyV1-ftljoypfezvlxcgouzbpmsmxzads/Build/Products/Debug-iphoneos/HearifyV1.app/TVMale1.mp3 /Users/Veer/Library/Mobile\ Documents/com~apple~CloudDocs/HearifyV1/HearifyV1/Audio/Syllables/Supra\ 1\ v\ 2/TVMale1.mp3 (in target 'HearifyV1' from project 'HearifyV1')
    cd /Users/Veer/Library/Mobile\ Documents/com\~apple\~CloudDocs/HearifyV1
    builtin-copy -exclude .DS_Store -exclude CVS -exclude .svn -exclude .git -exclude .hg -resolve-src-symlinks /Users/Veer/Library/Mobile\ Documents/com\~apple\~CloudDocs/HearifyV1/HearifyV1/Audio/Syllables/Supra\ 1\ v\ 2/TVMale1.mp3 /Users/Veer/Library/Developer/Xcode/DerivedData/HearifyV1-ftljoypfezvlxcgouzbpmsmxzads/Build/Products/Debug-iphoneos/HearifyV1.app

CpResource /Users/Veer/Library/Developer/Xcode/DerivedData/HearifyV1-ftljoypfezvlxcgouzbpmsmxzads/Build/Products/Debug-iphoneos/HearifyV1.app/SyllablesData.csv /Users/Veer/Library/Mobile\ Documents/com~apple~CloudDocs/HearifyV1/HearifyV1/SyllablesData.csv (in target 'HearifyV1' from project 'HearifyV1')
    cd /Users/Veer/Library/Mobile\ Documents/com\~apple\~CloudDocs/HearifyV1
    builtin-copy -exclude .DS_Store -exclude CVS -exclude .svn -exclude .git -exclude .hg -resolve-src-symlinks /Users/Veer/Library/Mobile\ Documents/com\~apple\~CloudDocs/HearifyV1/HearifyV1/SyllablesData.csv /Users/Veer/Library/Developer/Xcode/DerivedData/HearifyV1-ftljoypfezvlxcgouzbpmsmxzads/Build/Products/Debug-iphoneos/HearifyV1.app

CpResource /Users/Veer/Library/Developer/Xcode/DerivedData/HearifyV1-ftljoypfezvlxcgouzbpmsmxzads/Build/Products/Debug-iphoneos/HearifyV1.app/SyllablesData\ 2.csv /Users/Veer/Library/Mobile\ Documents/com~apple~CloudDocs/HearifyV1/HearifyV1/SyllablesData\ 2.csv (in target 'HearifyV1' from project 'HearifyV1')
    cd /Users/Veer/Library/Mobile\ Documents/com\~apple\~CloudDocs/HearifyV1
    builtin-copy -exclude .DS_Store -exclude CVS -exclude .svn -exclude .git -exclude .hg -resolve-src-symlinks /Users/Veer/Library/Mobile\ Documents/com\~apple\~CloudDocs/HearifyV1/HearifyV1/SyllablesData\ 2.csv /Users/Veer/Library/Developer/Xcode/DerivedData/HearifyV1-ftljoypfezvlxcgouzbpmsmxzads/Build/Products/Debug-iphoneos/HearifyV1.app

CpResource /Users/Veer/Library/Developer/Xcode/DerivedData/HearifyV1-ftljoypfezvlxcgouzbpmsmxzads/Build/Products/Debug-iphoneos/HearifyV1.app/SwingMale1.mp3 /Users/Veer/Library/Mobile\ Documents/com~apple~CloudDocs/HearifyV1/HearifyV1/Audio/Word\ Recognition/SwingMale1.mp3 (in target 'HearifyV1' from project 'HearifyV1')
    cd /Users/Veer/Library/Mobile\ Documents/com\~apple\~CloudDocs/HearifyV1
    builtin-copy -exclude .DS_Store -exclude CVS -exclude .svn -exclude .git -exclude .hg -resolve-src-symlinks /Users/Veer/Library/Mobile\ Documents/com\~apple\~CloudDocs/HearifyV1/HearifyV1/Audio/Word\ Recognition/SwingMale1.mp3 /Users/Veer/Library/Developer/Xcode/DerivedData/HearifyV1-ftljoypfezvlxcgouzbpmsmxzads/Build/Products/Debug-iphoneos/HearifyV1.app

CpResource /Users/Veer/Library/Developer/Xcode/DerivedData/HearifyV1-ftljoypfezvlxcgouzbpmsmxzads/Build/Products/Debug-iphoneos/HearifyV1.app/SwimmingMale1.mp3 /Users/Veer/Library/Mobile\ Documents/com~apple~CloudDocs/HearifyV1/HearifyV1/Audio/Syllables/Supra\ 1\ v\ 2/SwimmingMale1.mp3 (in target 'HearifyV1' from project 'HearifyV1')
    cd /Users/Veer/Library/Mobile\ Documents/com\~apple\~CloudDocs/HearifyV1
    builtin-copy -exclude .DS_Store -exclude CVS -exclude .svn -exclude .git -exclude .hg -resolve-src-symlinks /Users/Veer/Library/Mobile\ Documents/com\~apple\~CloudDocs/HearifyV1/HearifyV1/Audio/Syllables/Supra\ 1\ v\ 2/SwimmingMale1.mp3 /Users/Veer/Library/Developer/Xcode/DerivedData/HearifyV1-ftljoypfezvlxcgouzbpmsmxzads/Build/Products/Debug-iphoneos/HearifyV1.app

CpResource /Users/Veer/Library/Developer/Xcode/DerivedData/HearifyV1-ftljoypfezvlxcgouzbpmsmxzads/Build/Products/Debug-iphoneos/HearifyV1.app/SunMale3.mp3 /Users/Veer/Library/Mobile\ Documents/com~apple~CloudDocs/HearifyV1/HearifyV1/Audio/FC\ Folder/SunMale3.mp3 (in target 'HearifyV1' from project 'HearifyV1')
    cd /Users/Veer/Library/Mobile\ Documents/com\~apple\~CloudDocs/HearifyV1
    builtin-copy -exclude .DS_Store -exclude CVS -exclude .svn -exclude .git -exclude .hg -resolve-src-symlinks /Users/Veer/Library/Mobile\ Documents/com\~apple\~CloudDocs/HearifyV1/HearifyV1/Audio/FC\ Folder/SunMale3.mp3 /Users/Veer/Library/Developer/Xcode/DerivedData/HearifyV1-ftljoypfezvlxcgouzbpmsmxzads/Build/Products/Debug-iphoneos/HearifyV1.app

CpResource /Users/Veer/Library/Developer/Xcode/DerivedData/HearifyV1-ftljoypfezvlxcgouzbpmsmxzads/Build/Products/Debug-iphoneos/HearifyV1.app/SunMale2.mp3 /Users/Veer/Library/Mobile\ Documents/com~apple~CloudDocs/HearifyV1/HearifyV1/Audio/FC\ Folder/SunMale2.mp3 (in target 'HearifyV1' from project 'HearifyV1')
    cd /Users/Veer/Library/Mobile\ Documents/com\~apple\~CloudDocs/HearifyV1
    builtin-copy -exclude .DS_Store -exclude CVS -exclude .svn -exclude .git -exclude .hg -resolve-src-symlinks /Users/Veer/Library/Mobile\ Documents/com\~apple\~CloudDocs/HearifyV1/HearifyV1/Audio/FC\ Folder/SunMale2.mp3 /Users/Veer/Library/Developer/Xcode/DerivedData/HearifyV1-ftljoypfezvlxcgouzbpmsmxzads/Build/Products/Debug-iphoneos/HearifyV1.app

CpResource /Users/Veer/Library/Developer/Xcode/DerivedData/HearifyV1-ftljoypfezvlxcgouzbpmsmxzads/Build/Products/Debug-iphoneos/HearifyV1.app/SunMale1.mp3 /Users/Veer/Library/Mobile\ Documents/com~apple~CloudDocs/HearifyV1/HearifyV1/Audio/FC\ Folder/SunMale1.mp3 (in target 'HearifyV1' from project 'HearifyV1')
    cd /Users/Veer/Library/Mobile\ Documents/com\~apple\~CloudDocs/HearifyV1
    builtin-copy -exclude .DS_Store -exclude CVS -exclude .svn -exclude .git -exclude .hg -resolve-src-symlinks /Users/Veer/Library/Mobile\ Documents/com\~apple\~CloudDocs/HearifyV1/HearifyV1/Audio/FC\ Folder/SunMale1.mp3 /Users/Veer/Library/Developer/Xcode/DerivedData/HearifyV1-ftljoypfezvlxcgouzbpmsmxzads/Build/Products/Debug-iphoneos/HearifyV1.app

CpResource /Users/Veer/Library/Developer/Xcode/DerivedData/HearifyV1-ftljoypfezvlxcgouzbpmsmxzads/Build/Products/Debug-iphoneos/HearifyV1.app/SunFemale3.mp3 /Users/Veer/Library/Mobile\ Documents/com~apple~CloudDocs/HearifyV1/HearifyV1/Audio/FC\ Folder/SunFemale3.mp3 (in target 'HearifyV1' from project 'HearifyV1')
    cd /Users/Veer/Library/Mobile\ Documents/com\~apple\~CloudDocs/HearifyV1
    builtin-copy -exclude .DS_Store -exclude CVS -exclude .svn -exclude .git -exclude .hg -resolve-src-symlinks /Users/Veer/Library/Mobile\ Documents/com\~apple\~CloudDocs/HearifyV1/HearifyV1/Audio/FC\ Folder/SunFemale3.mp3 /Users/Veer/Library/Developer/Xcode/DerivedData/HearifyV1-ftljoypfezvlxcgouzbpmsmxzads/Build/Products/Debug-iphoneos/HearifyV1.app

CpResource /Users/Veer/Library/Developer/Xcode/DerivedData/HearifyV1-ftljoypfezvlxcgouzbpmsmxzads/Build/Products/Debug-iphoneos/HearifyV1.app/SunFemale2.mp3 /Users/Veer/Library/Mobile\ Documents/com~apple~CloudDocs/HearifyV1/HearifyV1/Audio/FC\ Folder/SunFemale2.mp3 (in target 'HearifyV1' from project 'HearifyV1')
    cd /Users/Veer/Library/Mobile\ Documents/com\~apple\~CloudDocs/HearifyV1
    builtin-copy -exclude .DS_Store -exclude CVS -exclude .svn -exclude .git -exclude .hg -resolve-src-symlinks /Users/Veer/Library/Mobile\ Documents/com\~apple\~CloudDocs/HearifyV1/HearifyV1/Audio/FC\ Folder/SunFemale2.mp3 /Users/Veer/Library/Developer/Xcode/DerivedData/HearifyV1-ftljoypfezvlxcgouzbpmsmxzads/Build/Products/Debug-iphoneos/HearifyV1.app

CpResource /Users/Veer/Library/Developer/Xcode/DerivedData/HearifyV1-ftljoypfezvlxcgouzbpmsmxzads/Build/Products/Debug-iphoneos/HearifyV1.app/SunFemale1.mp3 /Users/Veer/Library/Mobile\ Documents/com~apple~CloudDocs/HearifyV1/HearifyV1/Audio/FC\ Folder/SunFemale1.mp3 (in target 'HearifyV1' from project 'HearifyV1')
    cd /Users/Veer/Library/Mobile\ Documents/com\~apple\~CloudDocs/HearifyV1
    builtin-copy -exclude .DS_Store -exclude CVS -exclude .svn -exclude .git -exclude .hg -resolve-src-symlinks /Users/Veer/Library/Mobile\ Documents/com\~apple\~CloudDocs/HearifyV1/HearifyV1/Audio/FC\ Folder/SunFemale1.mp3 /Users/Veer/Library/Developer/Xcode/DerivedData/HearifyV1-ftljoypfezvlxcgouzbpmsmxzads/Build/Products/Debug-iphoneos/HearifyV1.app

CpResource /Users/Veer/Library/Developer/Xcode/DerivedData/HearifyV1-ftljoypfezvlxcgouzbpmsmxzads/Build/Products/Debug-iphoneos/HearifyV1.app/SueMale1.mp3 /Users/Veer/Library/Mobile\ Documents/com~apple~CloudDocs/HearifyV1/HearifyV1/Audio/Vowels\ Folder/SueMale1.mp3 (in target 'HearifyV1' from project 'HearifyV1')
    cd /Users/Veer/Library/Mobile\ Documents/com\~apple\~CloudDocs/HearifyV1
    builtin-copy -exclude .DS_Store -exclude CVS -exclude .svn -exclude .git -exclude .hg -resolve-src-symlinks /Users/Veer/Library/Mobile\ Documents/com\~apple\~CloudDocs/HearifyV1/HearifyV1/Audio/Vowels\ Folder/SueMale1.mp3 /Users/Veer/Library/Developer/Xcode/DerivedData/HearifyV1-ftljoypfezvlxcgouzbpmsmxzads/Build/Products/Debug-iphoneos/HearifyV1.app

CpResource /Users/Veer/Library/Developer/Xcode/DerivedData/HearifyV1-ftljoypfezvlxcgouzbpmsmxzads/Build/Products/Debug-iphoneos/HearifyV1.app/SubMale3.mp3 /Users/Veer/Library/Mobile\ Documents/com~apple~CloudDocs/HearifyV1/HearifyV1/Audio/FC\ Folder/SubMale3.mp3 (in target 'HearifyV1' from project 'HearifyV1')
    cd /Users/Veer/Library/Mobile\ Documents/com\~apple\~CloudDocs/HearifyV1
    builtin-copy -exclude .DS_Store -exclude CVS -exclude .svn -exclude .git -exclude .hg -resolve-src-symlinks /Users/Veer/Library/Mobile\ Documents/com\~apple\~CloudDocs/HearifyV1/HearifyV1/Audio/FC\ Folder/SubMale3.mp3 /Users/Veer/Library/Developer/Xcode/DerivedData/HearifyV1-ftljoypfezvlxcgouzbpmsmxzads/Build/Products/Debug-iphoneos/HearifyV1.app

CpResource /Users/Veer/Library/Developer/Xcode/DerivedData/HearifyV1-ftljoypfezvlxcgouzbpmsmxzads/Build/Products/Debug-iphoneos/HearifyV1.app/SubMale2.mp3 /Users/Veer/Library/Mobile\ Documents/com~apple~CloudDocs/HearifyV1/HearifyV1/Audio/FC\ Folder/SubMale2.mp3 (in target 'HearifyV1' from project 'HearifyV1')
    cd /Users/Veer/Library/Mobile\ Documents/com\~apple\~CloudDocs/HearifyV1
    builtin-copy -exclude .DS_Store -exclude CVS -exclude .svn -exclude .git -exclude .hg -resolve-src-symlinks /Users/Veer/Library/Mobile\ Documents/com\~apple\~CloudDocs/HearifyV1/HearifyV1/Audio/FC\ Folder/SubMale2.mp3 /Users/Veer/Library/Developer/Xcode/DerivedData/HearifyV1-ftljoypfezvlxcgouzbpmsmxzads/Build/Products/Debug-iphoneos/HearifyV1.app

CpResource /Users/Veer/Library/Developer/Xcode/DerivedData/HearifyV1-ftljoypfezvlxcgouzbpmsmxzads/Build/Products/Debug-iphoneos/HearifyV1.app/SubMale1.mp3 /Users/Veer/Library/Mobile\ Documents/com~apple~CloudDocs/HearifyV1/HearifyV1/Audio/FC\ Folder/SubMale1.mp3 (in target 'HearifyV1' from project 'HearifyV1')
    cd /Users/Veer/Library/Mobile\ Documents/com\~apple\~CloudDocs/HearifyV1
    builtin-copy -exclude .DS_Store -exclude CVS -exclude .svn -exclude .git -exclude .hg -resolve-src-symlinks /Users/Veer/Library/Mobile\ Documents/com\~apple\~CloudDocs/HearifyV1/HearifyV1/Audio/FC\ Folder/SubMale1.mp3 /Users/Veer/Library/Developer/Xcode/DerivedData/HearifyV1-ftljoypfezvlxcgouzbpmsmxzads/Build/Products/Debug-iphoneos/HearifyV1.app

CpResource /Users/Veer/Library/Developer/Xcode/DerivedData/HearifyV1-ftljoypfezvlxcgouzbpmsmxzads/Build/Products/Debug-iphoneos/HearifyV1.app/SubFemale3.mp3 /Users/Veer/Library/Mobile\ Documents/com~apple~CloudDocs/HearifyV1/HearifyV1/Audio/FC\ Folder/SubFemale3.mp3 (in target 'HearifyV1' from project 'HearifyV1')
    cd /Users/Veer/Library/Mobile\ Documents/com\~apple\~CloudDocs/HearifyV1
    builtin-copy -exclude .DS_Store -exclude CVS -exclude .svn -exclude .git -exclude .hg -resolve-src-symlinks /Users/Veer/Library/Mobile\ Documents/com\~apple\~CloudDocs/HearifyV1/HearifyV1/Audio/FC\ Folder/SubFemale3.mp3 /Users/Veer/Library/Developer/Xcode/DerivedData/HearifyV1-ftljoypfezvlxcgouzbpmsmxzads/Build/Products/Debug-iphoneos/HearifyV1.app

CpResource /Users/Veer/Library/Developer/Xcode/DerivedData/HearifyV1-ftljoypfezvlxcgouzbpmsmxzads/Build/Products/Debug-iphoneos/HearifyV1.app/SubFemale2.mp3 /Users/Veer/Library/Mobile\ Documents/com~apple~CloudDocs/HearifyV1/HearifyV1/Audio/FC\ Folder/SubFemale2.mp3 (in target 'HearifyV1' from project 'HearifyV1')
    cd /Users/Veer/Library/Mobile\ Documents/com\~apple\~CloudDocs/HearifyV1
    builtin-copy -exclude .DS_Store -exclude CVS -exclude .svn -exclude .git -exclude .hg -resolve-src-symlinks /Users/Veer/Library/Mobile\ Documents/com\~apple\~CloudDocs/HearifyV1/HearifyV1/Audio/FC\ Folder/SubFemale2.mp3 /Users/Veer/Library/Developer/Xcode/DerivedData/HearifyV1-ftljoypfezvlxcgouzbpmsmxzads/Build/Products/Debug-iphoneos/HearifyV1.app

CpResource /Users/Veer/Library/Developer/Xcode/DerivedData/HearifyV1-ftljoypfezvlxcgouzbpmsmxzads/Build/Products/Debug-iphoneos/HearifyV1.app/SubFemale1.mp3 /Users/Veer/Library/Mobile\ Documents/com~apple~CloudDocs/HearifyV1/HearifyV1/Audio/FC\ Folder/SubFemale1.mp3 (in target 'HearifyV1' from project 'HearifyV1')
    cd /Users/Veer/Library/Mobile\ Documents/com\~apple\~CloudDocs/HearifyV1
    builtin-copy -exclude .DS_Store -exclude CVS -exclude .svn -exclude .git -exclude .hg -resolve-src-symlinks /Users/Veer/Library/Mobile\ Documents/com\~apple\~CloudDocs/HearifyV1/HearifyV1/Audio/FC\ Folder/SubFemale1.mp3 /Users/Veer/Library/Developer/Xcode/DerivedData/HearifyV1-ftljoypfezvlxcgouzbpmsmxzads/Build/Products/Debug-iphoneos/HearifyV1.app

CpResource /Users/Veer/Library/Developer/Xcode/DerivedData/HearifyV1-ftljoypfezvlxcgouzbpmsmxzads/Build/Products/Debug-iphoneos/HearifyV1.app/StoveMale1.mp3 /Users/Veer/Library/Mobile\ Documents/com~apple~CloudDocs/HearifyV1/HearifyV1/Audio/Word\ Recognition/StoveMale1.mp3 (in target 'HearifyV1' from project 'HearifyV1')
    cd /Users/Veer/Library/Mobile\ Documents/com\~apple\~CloudDocs/HearifyV1
    builtin-copy -exclude .DS_Store -exclude CVS -exclude .svn -exclude .git -exclude .hg -resolve-src-symlinks /Users/Veer/Library/Mobile\ Documents/com\~apple\~CloudDocs/HearifyV1/HearifyV1/Audio/Word\ Recognition/StoveMale1.mp3 /Users/Veer/Library/Developer/Xcode/DerivedData/HearifyV1-ftljoypfezvlxcgouzbpmsmxzads/Build/Products/Debug-iphoneos/HearifyV1.app

CpResource /Users/Veer/Library/Developer/Xcode/DerivedData/HearifyV1-ftljoypfezvlxcgouzbpmsmxzads/Build/Products/Debug-iphoneos/HearifyV1.app/StoneMale1.mp3 /Users/Veer/Library/Mobile\ Documents/com~apple~CloudDocs/HearifyV1/HearifyV1/Audio/Word\ Recognition/StoneMale1.mp3 (in target 'HearifyV1' from project 'HearifyV1')
    cd /Users/Veer/Library/Mobile\ Documents/com\~apple\~CloudDocs/HearifyV1
    builtin-copy -exclude .DS_Store -exclude CVS -exclude .svn -exclude .git -exclude .hg -resolve-src-symlinks /Users/Veer/Library/Mobile\ Documents/com\~apple\~CloudDocs/HearifyV1/HearifyV1/Audio/Word\ Recognition/StoneMale1.mp3 /Users/Veer/Library/Developer/Xcode/DerivedData/HearifyV1-ftljoypfezvlxcgouzbpmsmxzads/Build/Products/Debug-iphoneos/HearifyV1.app

CpResource /Users/Veer/Library/Developer/Xcode/DerivedData/HearifyV1-ftljoypfezvlxcgouzbpmsmxzads/Build/Products/Debug-iphoneos/HearifyV1.app/SteepMale1.mp3 /Users/Veer/Library/Mobile\ Documents/com~apple~CloudDocs/HearifyV1/HearifyV1/Audio/Word\ Recognition/SteepMale1.mp3 (in target 'HearifyV1' from project 'HearifyV1')
    cd /Users/Veer/Library/Mobile\ Documents/com\~apple\~CloudDocs/HearifyV1
    builtin-copy -exclude .DS_Store -exclude CVS -exclude .svn -exclude .git -exclude .hg -resolve-src-symlinks /Users/Veer/Library/Mobile\ Documents/com\~apple\~CloudDocs/HearifyV1/HearifyV1/Audio/Word\ Recognition/SteepMale1.mp3 /Users/Veer/Library/Developer/Xcode/DerivedData/HearifyV1-ftljoypfezvlxcgouzbpmsmxzads/Build/Products/Debug-iphoneos/HearifyV1.app

CpResource /Users/Veer/Library/Developer/Xcode/DerivedData/HearifyV1-ftljoypfezvlxcgouzbpmsmxzads/Build/Products/Debug-iphoneos/HearifyV1.app/SpillMale1.mp3 /Users/Veer/Library/Mobile\ Documents/com~apple~CloudDocs/HearifyV1/HearifyV1/Audio/Vowels\ Folder/SpillMale1.mp3 (in target 'HearifyV1' from project 'HearifyV1')
    cd /Users/Veer/Library/Mobile\ Documents/com\~apple\~CloudDocs/HearifyV1
    builtin-copy -exclude .DS_Store -exclude CVS -exclude .svn -exclude .git -exclude .hg -resolve-src-symlinks /Users/Veer/Library/Mobile\ Documents/com\~apple\~CloudDocs/HearifyV1/HearifyV1/Audio/Vowels\ Folder/SpillMale1.mp3 /Users/Veer/Library/Developer/Xcode/DerivedData/HearifyV1-ftljoypfezvlxcgouzbpmsmxzads/Build/Products/Debug-iphoneos/HearifyV1.app

CpResource /Users/Veer/Library/Developer/Xcode/DerivedData/HearifyV1-ftljoypfezvlxcgouzbpmsmxzads/Build/Products/Debug-iphoneos/HearifyV1.app/SpellMale1.mp3 /Users/Veer/Library/Mobile\ Documents/com~apple~CloudDocs/HearifyV1/HearifyV1/Audio/Vowels\ Folder/SpellMale1.mp3 (in target 'HearifyV1' from project 'HearifyV1')
    cd /Users/Veer/Library/Mobile\ Documents/com\~apple\~CloudDocs/HearifyV1
    builtin-copy -exclude .DS_Store -exclude CVS -exclude .svn -exclude .git -exclude .hg -resolve-src-symlinks /Users/Veer/Library/Mobile\ Documents/com\~apple\~CloudDocs/HearifyV1/HearifyV1/Audio/Vowels\ Folder/SpellMale1.mp3 /Users/Veer/Library/Developer/Xcode/DerivedData/HearifyV1-ftljoypfezvlxcgouzbpmsmxzads/Build/Products/Debug-iphoneos/HearifyV1.app

CpResource /Users/Veer/Library/Developer/Xcode/DerivedData/HearifyV1-ftljoypfezvlxcgouzbpmsmxzads/Build/Products/Debug-iphoneos/HearifyV1.app/SoupMale1.mp3 /Users/Veer/Library/Mobile\ Documents/com~apple~CloudDocs/HearifyV1/HearifyV1/Audio/Syllables/Supra\ -\ 1\ v\ 3/SoupMale1.mp3 (in target 'HearifyV1' from project 'HearifyV1')
    cd /Users/Veer/Library/Mobile\ Documents/com\~apple\~CloudDocs/HearifyV1
    builtin-copy -exclude .DS_Store -exclude CVS -exclude .svn -exclude .git -exclude .hg -resolve-src-symlinks /Users/Veer/Library/Mobile\ Documents/com\~apple\~CloudDocs/HearifyV1/HearifyV1/Audio/Syllables/Supra\ -\ 1\ v\ 3/SoupMale1.mp3 /Users/Veer/Library/Developer/Xcode/DerivedData/HearifyV1-ftljoypfezvlxcgouzbpmsmxzads/Build/Products/Debug-iphoneos/HearifyV1.app

CpResource /Users/Veer/Library/Developer/Xcode/DerivedData/HearifyV1-ftljoypfezvlxcgouzbpmsmxzads/Build/Products/Debug-iphoneos/HearifyV1.app/SockMale1.mp3 /Users/Veer/Library/Mobile\ Documents/com~apple~CloudDocs/HearifyV1/HearifyV1/Audio/PD\ Folder/SockMale1.mp3 (in target 'HearifyV1' from project 'HearifyV1')
    cd /Users/Veer/Library/Mobile\ Documents/com\~apple\~CloudDocs/HearifyV1
    builtin-copy -exclude .DS_Store -exclude CVS -exclude .svn -exclude .git -exclude .hg -resolve-src-symlinks /Users/Veer/Library/Mobile\ Documents/com\~apple\~CloudDocs/HearifyV1/HearifyV1/Audio/PD\ Folder/SockMale1.mp3 /Users/Veer/Library/Developer/Xcode/DerivedData/HearifyV1-ftljoypfezvlxcgouzbpmsmxzads/Build/Products/Debug-iphoneos/HearifyV1.app

CpResource /Users/Veer/Library/Developer/Xcode/DerivedData/HearifyV1-ftljoypfezvlxcgouzbpmsmxzads/Build/Products/Debug-iphoneos/HearifyV1.app/Soccer\ BallMale1.mp3 /Users/Veer/Library/Mobile\ Documents/com~apple~CloudDocs/HearifyV1/HearifyV1/Audio/Syllables/Supra\ -\ 1\ v\ 3/Soccer\ BallMale1.mp3 (in target 'HearifyV1' from project 'HearifyV1')
    cd /Users/Veer/Library/Mobile\ Documents/com\~apple\~CloudDocs/HearifyV1
    builtin-copy -exclude .DS_Store -exclude CVS -exclude .svn -exclude .git -exclude .hg -resolve-src-symlinks /Users/Veer/Library/Mobile\ Documents/com\~apple\~CloudDocs/HearifyV1/HearifyV1/Audio/Syllables/Supra\ -\ 1\ v\ 3/Soccer\ BallMale1.mp3 /Users/Veer/Library/Developer/Xcode/DerivedData/HearifyV1-ftljoypfezvlxcgouzbpmsmxzads/Build/Products/Debug-iphoneos/HearifyV1.app

CpResource /Users/Veer/Library/Developer/Xcode/DerivedData/HearifyV1-ftljoypfezvlxcgouzbpmsmxzads/Build/Products/Debug-iphoneos/HearifyV1.app/SoakMale1.mp3 /Users/Veer/Library/Mobile\ Documents/com~apple~CloudDocs/HearifyV1/HearifyV1/Audio/Vowels\ Folder/SoakMale1.mp3 (in target 'HearifyV1' from project 'HearifyV1')
    cd /Users/Veer/Library/Mobile\ Documents/com\~apple\~CloudDocs/HearifyV1
    builtin-copy -exclude .DS_Store -exclude CVS -exclude .svn -exclude .git -exclude .hg -resolve-src-symlinks /Users/Veer/Library/Mobile\ Documents/com\~apple\~CloudDocs/HearifyV1/HearifyV1/Audio/Vowels\ Folder/SoakMale1.mp3 /Users/Veer/Library/Developer/Xcode/DerivedData/HearifyV1-ftljoypfezvlxcgouzbpmsmxzads/Build/Products/Debug-iphoneos/HearifyV1.app

CpResource /Users/Veer/Library/Developer/Xcode/DerivedData/HearifyV1-ftljoypfezvlxcgouzbpmsmxzads/Build/Products/Debug-iphoneos/HearifyV1.app/SnakeMale1.mp3 /Users/Veer/Library/Mobile\ Documents/com~apple~CloudDocs/HearifyV1/HearifyV1/Audio/Word\ Recognition/SnakeMale1.mp3 (in target 'HearifyV1' from project 'HearifyV1')
    cd /Users/Veer/Library/Mobile\ Documents/com\~apple\~CloudDocs/HearifyV1
    builtin-copy -exclude .DS_Store -exclude CVS -exclude .svn -exclude .git -exclude .hg -resolve-src-symlinks /Users/Veer/Library/Mobile\ Documents/com\~apple\~CloudDocs/HearifyV1/HearifyV1/Audio/Word\ Recognition/SnakeMale1.mp3 /Users/Veer/Library/Developer/Xcode/DerivedData/HearifyV1-ftljoypfezvlxcgouzbpmsmxzads/Build/Products/Debug-iphoneos/HearifyV1.app

CpResource /Users/Veer/Library/Developer/Xcode/DerivedData/HearifyV1-ftljoypfezvlxcgouzbpmsmxzads/Build/Products/Debug-iphoneos/HearifyV1.app/SmileMale1.mp3 /Users/Veer/Library/Mobile\ Documents/com~apple~CloudDocs/HearifyV1/HearifyV1/Audio/Word\ Recognition/SmileMale1.mp3 (in target 'HearifyV1' from project 'HearifyV1')
    cd /Users/Veer/Library/Mobile\ Documents/com\~apple\~CloudDocs/HearifyV1
    builtin-copy -exclude .DS_Store -exclude CVS -exclude .svn -exclude .git -exclude .hg -resolve-src-symlinks /Users/Veer/Library/Mobile\ Documents/com\~apple\~CloudDocs/HearifyV1/HearifyV1/Audio/Word\ Recognition/SmileMale1.mp3 /Users/Veer/Library/Developer/Xcode/DerivedData/HearifyV1-ftljoypfezvlxcgouzbpmsmxzads/Build/Products/Debug-iphoneos/HearifyV1.app

CpResource /Users/Veer/Library/Developer/Xcode/DerivedData/HearifyV1-ftljoypfezvlxcgouzbpmsmxzads/Build/Products/Debug-iphoneos/HearifyV1.app/SmallMale1.mp3 /Users/Veer/Library/Mobile\ Documents/com~apple~CloudDocs/HearifyV1/HearifyV1/Audio/PD\ Folder/SmallMale1.mp3 (in target 'HearifyV1' from project 'HearifyV1')
    cd /Users/Veer/Library/Mobile\ Documents/com\~apple\~CloudDocs/HearifyV1
    builtin-copy -exclude .DS_Store -exclude CVS -exclude .svn -exclude .git -exclude .hg -resolve-src-symlinks /Users/Veer/Library/Mobile\ Documents/com\~apple\~CloudDocs/HearifyV1/HearifyV1/Audio/PD\ Folder/SmallMale1.mp3 /Users/Veer/Library/Developer/Xcode/DerivedData/HearifyV1-ftljoypfezvlxcgouzbpmsmxzads/Build/Products/Debug-iphoneos/HearifyV1.app

CpResource /Users/Veer/Library/Developer/Xcode/DerivedData/HearifyV1-ftljoypfezvlxcgouzbpmsmxzads/Build/Products/Debug-iphoneos/HearifyV1.app/SlideMale1.mp3 /Users/Veer/Library/Mobile\ Documents/com~apple~CloudDocs/HearifyV1/HearifyV1/Audio/Word\ Recognition/SlideMale1.mp3 (in target 'HearifyV1' from project 'HearifyV1')
    cd /Users/Veer/Library/Mobile\ Documents/com\~apple\~CloudDocs/HearifyV1
    builtin-copy -exclude .DS_Store -exclude CVS -exclude .svn -exclude .git -exclude .hg -resolve-src-symlinks /Users/Veer/Library/Mobile\ Documents/com\~apple\~CloudDocs/HearifyV1/HearifyV1/Audio/Word\ Recognition/SlideMale1.mp3 /Users/Veer/Library/Developer/Xcode/DerivedData/HearifyV1-ftljoypfezvlxcgouzbpmsmxzads/Build/Products/Debug-iphoneos/HearifyV1.app

CpResource /Users/Veer/Library/Developer/Xcode/DerivedData/HearifyV1-ftljoypfezvlxcgouzbpmsmxzads/Build/Products/Debug-iphoneos/HearifyV1.app/SleepMale1.mp3 /Users/Veer/Library/Mobile\ Documents/com~apple~CloudDocs/HearifyV1/HearifyV1/Audio/Word\ Recognition/SleepMale1.mp3 (in target 'HearifyV1' from project 'HearifyV1')
    cd /Users/Veer/Library/Mobile\ Documents/com\~apple\~CloudDocs/HearifyV1
    builtin-copy -exclude .DS_Store -exclude CVS -exclude .svn -exclude .git -exclude .hg -resolve-src-symlinks /Users/Veer/Library/Mobile\ Documents/com\~apple\~CloudDocs/HearifyV1/HearifyV1/Audio/Word\ Recognition/SleepMale1.mp3 /Users/Veer/Library/Developer/Xcode/DerivedData/HearifyV1-ftljoypfezvlxcgouzbpmsmxzads/Build/Products/Debug-iphoneos/HearifyV1.app

CpResource /Users/Veer/Library/Developer/Xcode/DerivedData/HearifyV1-ftljoypfezvlxcgouzbpmsmxzads/Build/Products/Debug-iphoneos/HearifyV1.app/SkateboardMale1.mp3 /Users/Veer/Library/Mobile\ Documents/com~apple~CloudDocs/HearifyV1/HearifyV1/Audio/PD\ Folder/SkateboardMale1.mp3 (in target 'HearifyV1' from project 'HearifyV1')
    cd /Users/Veer/Library/Mobile\ Documents/com\~apple\~CloudDocs/HearifyV1
    builtin-copy -exclude .DS_Store -exclude CVS -exclude .svn -exclude .git -exclude .hg -resolve-src-symlinks /Users/Veer/Library/Mobile\ Documents/com\~apple\~CloudDocs/HearifyV1/HearifyV1/Audio/PD\ Folder/SkateboardMale1.mp3 /Users/Veer/Library/Developer/Xcode/DerivedData/HearifyV1-ftljoypfezvlxcgouzbpmsmxzads/Build/Products/Debug-iphoneos/HearifyV1.app

CpResource /Users/Veer/Library/Developer/Xcode/DerivedData/HearifyV1-ftljoypfezvlxcgouzbpmsmxzads/Build/Products/Debug-iphoneos/HearifyV1.app/SipMale1.mp3 /Users/Veer/Library/Mobile\ Documents/com~apple~CloudDocs/HearifyV1/HearifyV1/Audio/CP\ Folder/SipMale1.mp3 (in target 'HearifyV1' from project 'HearifyV1')
    cd /Users/Veer/Library/Mobile\ Documents/com\~apple\~CloudDocs/HearifyV1
    builtin-copy -exclude .DS_Store -exclude CVS -exclude .svn -exclude .git -exclude .hg -resolve-src-symlinks /Users/Veer/Library/Mobile\ Documents/com\~apple\~CloudDocs/HearifyV1/HearifyV1/Audio/CP\ Folder/SipMale1.mp3 /Users/Veer/Library/Developer/Xcode/DerivedData/HearifyV1-ftljoypfezvlxcgouzbpmsmxzads/Build/Products/Debug-iphoneos/HearifyV1.app

CpResource /Users/Veer/Library/Developer/Xcode/DerivedData/HearifyV1-ftljoypfezvlxcgouzbpmsmxzads/Build/Products/Debug-iphoneos/HearifyV1.app/SickMale1.mp3 /Users/Veer/Library/Mobile\ Documents/com~apple~CloudDocs/HearifyV1/HearifyV1/Audio/CM\ Folder/SickMale1.mp3 (in target 'HearifyV1' from project 'HearifyV1')
    cd /Users/Veer/Library/Mobile\ Documents/com\~apple\~CloudDocs/HearifyV1
    builtin-copy -exclude .DS_Store -exclude CVS -exclude .svn -exclude .git -exclude .hg -resolve-src-symlinks /Users/Veer/Library/Mobile\ Documents/com\~apple\~CloudDocs/HearifyV1/HearifyV1/Audio/CM\ Folder/SickMale1.mp3 /Users/Veer/Library/Developer/Xcode/DerivedData/HearifyV1-ftljoypfezvlxcgouzbpmsmxzads/Build/Products/Debug-iphoneos/HearifyV1.app

CpResource /Users/Veer/Library/Developer/Xcode/DerivedData/HearifyV1-ftljoypfezvlxcgouzbpmsmxzads/Build/Products/Debug-iphoneos/HearifyV1.app/ShowMale1.mp3 /Users/Veer/Library/Mobile\ Documents/com~apple~CloudDocs/HearifyV1/HearifyV1/Audio/Vowels\ Folder/ShowMale1.mp3 (in target 'HearifyV1' from project 'HearifyV1')
    cd /Users/Veer/Library/Mobile\ Documents/com\~apple\~CloudDocs/HearifyV1
    builtin-copy -exclude .DS_Store -exclude CVS -exclude .svn -exclude .git -exclude .hg -resolve-src-symlinks /Users/Veer/Library/Mobile\ Documents/com\~apple\~CloudDocs/HearifyV1/HearifyV1/Audio/Vowels\ Folder/ShowMale1.mp3 /Users/Veer/Library/Developer/Xcode/DerivedData/HearifyV1-ftljoypfezvlxcgouzbpmsmxzads/Build/Products/Debug-iphoneos/HearifyV1.app

CpResource /Users/Veer/Library/Developer/Xcode/DerivedData/HearifyV1-ftljoypfezvlxcgouzbpmsmxzads/Build/Products/Debug-iphoneos/HearifyV1.app/ShoreMale1.mp3 /Users/Veer/Library/Mobile\ Documents/com~apple~CloudDocs/HearifyV1/HearifyV1/Audio/CP\ Folder/ShoreMale1.mp3 (in target 'HearifyV1' from project 'HearifyV1')
    cd /Users/Veer/Library/Mobile\ Documents/com\~apple\~CloudDocs/HearifyV1
    builtin-copy -exclude .DS_Store -exclude CVS -exclude .svn -exclude .git -exclude .hg -resolve-src-symlinks /Users/Veer/Library/Mobile\ Documents/com\~apple\~CloudDocs/HearifyV1/HearifyV1/Audio/CP\ Folder/ShoreMale1.mp3 /Users/Veer/Library/Developer/Xcode/DerivedData/HearifyV1-ftljoypfezvlxcgouzbpmsmxzads/Build/Products/Debug-iphoneos/HearifyV1.app

CpResource /Users/Veer/Library/Developer/Xcode/DerivedData/HearifyV1-ftljoypfezvlxcgouzbpmsmxzads/Build/Products/Debug-iphoneos/HearifyV1.app/ShopMale1.mp3 /Users/Veer/Library/Mobile\ Documents/com~apple~CloudDocs/HearifyV1/HearifyV1/Audio/Vowels\ Folder/ShopMale1.mp3 (in target 'HearifyV1' from project 'HearifyV1')
    cd /Users/Veer/Library/Mobile\ Documents/com\~apple\~CloudDocs/HearifyV1
    builtin-copy -exclude .DS_Store -exclude CVS -exclude .svn -exclude .git -exclude .hg -resolve-src-symlinks /Users/Veer/Library/Mobile\ Documents/com\~apple\~CloudDocs/HearifyV1/HearifyV1/Audio/Vowels\ Folder/ShopMale1.mp3 /Users/Veer/Library/Developer/Xcode/DerivedData/HearifyV1-ftljoypfezvlxcgouzbpmsmxzads/Build/Products/Debug-iphoneos/HearifyV1.app

CpResource /Users/Veer/Library/Developer/Xcode/DerivedData/HearifyV1-ftljoypfezvlxcgouzbpmsmxzads/Build/Products/Debug-iphoneos/HearifyV1.app/ShoeMale1.mp3 /Users/Veer/Library/Mobile\ Documents/com~apple~CloudDocs/HearifyV1/HearifyV1/Audio/Syllables/Supra\ 1\ v\ 2/ShoeMale1.mp3 (in target 'HearifyV1' from project 'HearifyV1')
    cd /Users/Veer/Library/Mobile\ Documents/com\~apple\~CloudDocs/HearifyV1
    builtin-copy -exclude .DS_Store -exclude CVS -exclude .svn -exclude .git -exclude .hg -resolve-src-symlinks /Users/Veer/Library/Mobile\ Documents/com\~apple\~CloudDocs/HearifyV1/HearifyV1/Audio/Syllables/Supra\ 1\ v\ 2/ShoeMale1.mp3 /Users/Veer/Library/Developer/Xcode/DerivedData/HearifyV1-ftljoypfezvlxcgouzbpmsmxzads/Build/Products/Debug-iphoneos/HearifyV1.app

CpResource /Users/Veer/Library/Developer/Xcode/DerivedData/HearifyV1-ftljoypfezvlxcgouzbpmsmxzads/Build/Products/Debug-iphoneos/HearifyV1.app/ShockMale1.mp3 /Users/Veer/Library/Mobile\ Documents/com~apple~CloudDocs/HearifyV1/HearifyV1/Audio/Vowels\ Folder/ShockMale1.mp3 (in target 'HearifyV1' from project 'HearifyV1')
    cd /Users/Veer/Library/Mobile\ Documents/com\~apple\~CloudDocs/HearifyV1
    builtin-copy -exclude .DS_Store -exclude CVS -exclude .svn -exclude .git -exclude .hg -resolve-src-symlinks /Users/Veer/Library/Mobile\ Documents/com\~apple\~CloudDocs/HearifyV1/HearifyV1/Audio/Vowels\ Folder/ShockMale1.mp3 /Users/Veer/Library/Developer/Xcode/DerivedData/HearifyV1-ftljoypfezvlxcgouzbpmsmxzads/Build/Products/Debug-iphoneos/HearifyV1.app

CpResource /Users/Veer/Library/Developer/Xcode/DerivedData/HearifyV1-ftljoypfezvlxcgouzbpmsmxzads/Build/Products/Debug-iphoneos/HearifyV1.app/ShirtMale1.mp3 /Users/Veer/Library/Mobile\ Documents/com~apple~CloudDocs/HearifyV1/HearifyV1/Audio/Syllables/Supra\ -\ 1\ v\ 3/ShirtMale1.mp3 (in target 'HearifyV1' from project 'HearifyV1')
    cd /Users/Veer/Library/Mobile\ Documents/com\~apple\~CloudDocs/HearifyV1
    builtin-copy -exclude .DS_Store -exclude CVS -exclude .svn -exclude .git -exclude .hg -resolve-src-symlinks /Users/Veer/Library/Mobile\ Documents/com\~apple\~CloudDocs/HearifyV1/HearifyV1/Audio/Syllables/Supra\ -\ 1\ v\ 3/ShirtMale1.mp3 /Users/Veer/Library/Developer/Xcode/DerivedData/HearifyV1-ftljoypfezvlxcgouzbpmsmxzads/Build/Products/Debug-iphoneos/HearifyV1.app

CpResource /Users/Veer/Library/Developer/Xcode/DerivedData/HearifyV1-ftljoypfezvlxcgouzbpmsmxzads/Build/Products/Debug-iphoneos/HearifyV1.app/ShipMale1.mp3 /Users/Veer/Library/Mobile\ Documents/com~apple~CloudDocs/HearifyV1/HearifyV1/Audio/CP\ Folder/ShipMale1.mp3 (in target 'HearifyV1' from project 'HearifyV1')
    cd /Users/Veer/Library/Mobile\ Documents/com\~apple\~CloudDocs/HearifyV1
    builtin-copy -exclude .DS_Store -exclude CVS -exclude .svn -exclude .git -exclude .hg -resolve-src-symlinks /Users/Veer/Library/Mobile\ Documents/com\~apple\~CloudDocs/HearifyV1/HearifyV1/Audio/CP\ Folder/ShipMale1.mp3 /Users/Veer/Library/Developer/Xcode/DerivedData/HearifyV1-ftljoypfezvlxcgouzbpmsmxzads/Build/Products/Debug-iphoneos/HearifyV1.app

CpResource /Users/Veer/Library/Developer/Xcode/DerivedData/HearifyV1-ftljoypfezvlxcgouzbpmsmxzads/Build/Products/Debug-iphoneos/HearifyV1.app/ShellMale1.mp3 /Users/Veer/Library/Mobile\ Documents/com~apple~CloudDocs/HearifyV1/HearifyV1/Audio/Word\ Recognition/ShellMale1.mp3 (in target 'HearifyV1' from project 'HearifyV1')
    cd /Users/Veer/Library/Mobile\ Documents/com\~apple\~CloudDocs/HearifyV1
    builtin-copy -exclude .DS_Store -exclude CVS -exclude .svn -exclude .git -exclude .hg -resolve-src-symlinks /Users/Veer/Library/Mobile\ Documents/com\~apple\~CloudDocs/HearifyV1/HearifyV1/Audio/Word\ Recognition/ShellMale1.mp3 /Users/Veer/Library/Developer/Xcode/DerivedData/HearifyV1-ftljoypfezvlxcgouzbpmsmxzads/Build/Products/Debug-iphoneos/HearifyV1.app

CpResource /Users/Veer/Library/Developer/Xcode/DerivedData/HearifyV1-ftljoypfezvlxcgouzbpmsmxzads/Build/Products/Debug-iphoneos/HearifyV1.app/SheetMale1.mp3 /Users/Veer/Library/Mobile\ Documents/com~apple~CloudDocs/HearifyV1/HearifyV1/Audio/CP\ Folder/SheetMale1.mp3 (in target 'HearifyV1' from project 'HearifyV1')
    cd /Users/Veer/Library/Mobile\ Documents/com\~apple\~CloudDocs/HearifyV1
    builtin-copy -exclude .DS_Store -exclude CVS -exclude .svn -exclude .git -exclude .hg -resolve-src-symlinks /Users/Veer/Library/Mobile\ Documents/com\~apple\~CloudDocs/HearifyV1/HearifyV1/Audio/CP\ Folder/SheetMale1.mp3 /Users/Veer/Library/Developer/Xcode/DerivedData/HearifyV1-ftljoypfezvlxcgouzbpmsmxzads/Build/Products/Debug-iphoneos/HearifyV1.app

CpResource /Users/Veer/Library/Developer/Xcode/DerivedData/HearifyV1-ftljoypfezvlxcgouzbpmsmxzads/Build/Products/Debug-iphoneos/HearifyV1.app/SheepMale1.mp3 /Users/Veer/Library/Mobile\ Documents/com~apple~CloudDocs/HearifyV1/HearifyV1/Audio/Vowels\ Folder/SheepMale1.mp3 (in target 'HearifyV1' from project 'HearifyV1')
    cd /Users/Veer/Library/Mobile\ Documents/com\~apple\~CloudDocs/HearifyV1
    builtin-copy -exclude .DS_Store -exclude CVS -exclude .svn -exclude .git -exclude .hg -resolve-src-symlinks /Users/Veer/Library/Mobile\ Documents/com\~apple\~CloudDocs/HearifyV1/HearifyV1/Audio/Vowels\ Folder/SheepMale1.mp3 /Users/Veer/Library/Developer/Xcode/DerivedData/HearifyV1-ftljoypfezvlxcgouzbpmsmxzads/Build/Products/Debug-iphoneos/HearifyV1.app

CpResource /Users/Veer/Library/Developer/Xcode/DerivedData/HearifyV1-ftljoypfezvlxcgouzbpmsmxzads/Build/Products/Debug-iphoneos/HearifyV1.app/ShedMale1.mp3 /Users/Veer/Library/Mobile\ Documents/com~apple~CloudDocs/HearifyV1/HearifyV1/Audio/CM\ Folder/ShedMale1.mp3 (in target 'HearifyV1' from project 'HearifyV1')
    cd /Users/Veer/Library/Mobile\ Documents/com\~apple\~CloudDocs/HearifyV1
    builtin-copy -exclude .DS_Store -exclude CVS -exclude .svn -exclude .git -exclude .hg -resolve-src-symlinks /Users/Veer/Library/Mobile\ Documents/com\~apple\~CloudDocs/HearifyV1/HearifyV1/Audio/CM\ Folder/ShedMale1.mp3 /Users/Veer/Library/Developer/Xcode/DerivedData/HearifyV1-ftljoypfezvlxcgouzbpmsmxzads/Build/Products/Debug-iphoneos/HearifyV1.app

CpResource /Users/Veer/Library/Developer/Xcode/DerivedData/HearifyV1-ftljoypfezvlxcgouzbpmsmxzads/Build/Products/Debug-iphoneos/HearifyV1.app/SheMale1.mp3 /Users/Veer/Library/Mobile\ Documents/com~apple~CloudDocs/HearifyV1/HearifyV1/Audio/CP\ Folder/SheMale1.mp3 (in target 'HearifyV1' from project 'HearifyV1')
    cd /Users/Veer/Library/Mobile\ Documents/com\~apple\~CloudDocs/HearifyV1
    builtin-copy -exclude .DS_Store -exclude CVS -exclude .svn -exclude .git -exclude .hg -resolve-src-symlinks /Users/Veer/Library/Mobile\ Documents/com\~apple\~CloudDocs/HearifyV1/HearifyV1/Audio/CP\ Folder/SheMale1.mp3 /Users/Veer/Library/Developer/Xcode/DerivedData/HearifyV1-ftljoypfezvlxcgouzbpmsmxzads/Build/Products/Debug-iphoneos/HearifyV1.app

CpResource /Users/Veer/Library/Developer/Xcode/DerivedData/HearifyV1-ftljoypfezvlxcgouzbpmsmxzads/Build/Products/Debug-iphoneos/HearifyV1.app/She\ graduated\ from\ college\ last\ springMale1.mp3 /Users/Veer/Library/Mobile\ Documents/com~apple~CloudDocs/HearifyV1/HearifyV1/Audio/Sentences/She\ graduated\ from\ college\ last\ springMale1.mp3 (in target 'HearifyV1' from project 'HearifyV1')
    cd /Users/Veer/Library/Mobile\ Documents/com\~apple\~CloudDocs/HearifyV1
    builtin-copy -exclude .DS_Store -exclude CVS -exclude .svn -exclude .git -exclude .hg -resolve-src-symlinks /Users/Veer/Library/Mobile\ Documents/com\~apple\~CloudDocs/HearifyV1/HearifyV1/Audio/Sentences/She\ graduated\ from\ college\ last\ springMale1.mp3 /Users/Veer/Library/Developer/Xcode/DerivedData/HearifyV1-ftljoypfezvlxcgouzbpmsmxzads/Build/Products/Debug-iphoneos/HearifyV1.app

CpResource /Users/Veer/Library/Developer/Xcode/DerivedData/HearifyV1-ftljoypfezvlxcgouzbpmsmxzads/Build/Products/Debug-iphoneos/HearifyV1.app/ShaneMale1.mp3 /Users/Veer/Library/Mobile\ Documents/com~apple~CloudDocs/HearifyV1/HearifyV1/Audio/CM\ Folder/ShaneMale1.mp3 (in target 'HearifyV1' from project 'HearifyV1')
    cd /Users/Veer/Library/Mobile\ Documents/com\~apple\~CloudDocs/HearifyV1
    builtin-copy -exclude .DS_Store -exclude CVS -exclude .svn -exclude .git -exclude .hg -resolve-src-symlinks /Users/Veer/Library/Mobile\ Documents/com\~apple\~CloudDocs/HearifyV1/HearifyV1/Audio/CM\ Folder/ShaneMale1.mp3 /Users/Veer/Library/Developer/Xcode/DerivedData/HearifyV1-ftljoypfezvlxcgouzbpmsmxzads/Build/Products/Debug-iphoneos/HearifyV1.app

CpResource /Users/Veer/Library/Developer/Xcode/DerivedData/HearifyV1-ftljoypfezvlxcgouzbpmsmxzads/Build/Products/Debug-iphoneos/HearifyV1.app/ShackMale1.mp3 /Users/Veer/Library/Mobile\ Documents/com~apple~CloudDocs/HearifyV1/HearifyV1/Audio/Vowels\ Folder/ShackMale1.mp3 (in target 'HearifyV1' from project 'HearifyV1')
    cd /Users/Veer/Library/Mobile\ Documents/com\~apple\~CloudDocs/HearifyV1
    builtin-copy -exclude .DS_Store -exclude CVS -exclude .svn -exclude .git -exclude .hg -resolve-src-symlinks /Users/Veer/Library/Mobile\ Documents/com\~apple\~CloudDocs/HearifyV1/HearifyV1/Audio/Vowels\ Folder/ShackMale1.mp3 /Users/Veer/Library/Developer/Xcode/DerivedData/HearifyV1-ftljoypfezvlxcgouzbpmsmxzads/Build/Products/Debug-iphoneos/HearifyV1.app

CpResource /Users/Veer/Library/Developer/Xcode/DerivedData/HearifyV1-ftljoypfezvlxcgouzbpmsmxzads/Build/Products/Debug-iphoneos/HearifyV1.app/SentencesInNoiseData.csv /Users/Veer/Library/Mobile\ Documents/com~apple~CloudDocs/HearifyV1/HearifyV1/SentencesInNoiseData.csv (in target 'HearifyV1' from project 'HearifyV1')
    cd /Users/Veer/Library/Mobile\ Documents/com\~apple\~CloudDocs/HearifyV1
    builtin-copy -exclude .DS_Store -exclude CVS -exclude .svn -exclude .git -exclude .hg -resolve-src-symlinks /Users/Veer/Library/Mobile\ Documents/com\~apple\~CloudDocs/HearifyV1/HearifyV1/SentencesInNoiseData.csv /Users/Veer/Library/Developer/Xcode/DerivedData/HearifyV1-ftljoypfezvlxcgouzbpmsmxzads/Build/Products/Debug-iphoneos/HearifyV1.app

CpResource /Users/Veer/Library/Developer/Xcode/DerivedData/HearifyV1-ftljoypfezvlxcgouzbpmsmxzads/Build/Products/Debug-iphoneos/HearifyV1.app/SentencesInNoiseData\ 2.csv /Users/Veer/Library/Mobile\ Documents/com~apple~CloudDocs/HearifyV1/HearifyV1/SentencesInNoiseData\ 2.csv (in target 'HearifyV1' from project 'HearifyV1')
    cd /Users/Veer/Library/Mobile\ Documents/com\~apple\~CloudDocs/HearifyV1
    builtin-copy -exclude .DS_Store -exclude CVS -exclude .svn -exclude .git -exclude .hg -resolve-src-symlinks /Users/Veer/Library/Mobile\ Documents/com\~apple\~CloudDocs/HearifyV1/HearifyV1/SentencesInNoiseData\ 2.csv /Users/Veer/Library/Developer/Xcode/DerivedData/HearifyV1-ftljoypfezvlxcgouzbpmsmxzads/Build/Products/Debug-iphoneos/HearifyV1.app

CpResource /Users/Veer/Library/Developer/Xcode/DerivedData/HearifyV1-ftljoypfezvlxcgouzbpmsmxzads/Build/Products/Debug-iphoneos/HearifyV1.app/SentenceComprehensionData\ 2.csv /Users/Veer/Library/Mobile\ Documents/com~apple~CloudDocs/HearifyV1/HearifyV1/SentenceComprehensionData\ 2.csv (in target 'HearifyV1' from project 'HearifyV1')
    cd /Users/Veer/Library/Mobile\ Documents/com\~apple\~CloudDocs/HearifyV1
    builtin-copy -exclude .DS_Store -exclude CVS -exclude .svn -exclude .git -exclude .hg -resolve-src-symlinks /Users/Veer/Library/Mobile\ Documents/com\~apple\~CloudDocs/HearifyV1/HearifyV1/SentenceComprehensionData\ 2.csv /Users/Veer/Library/Developer/Xcode/DerivedData/HearifyV1-ftljoypfezvlxcgouzbpmsmxzads/Build/Products/Debug-iphoneos/HearifyV1.app

CpResource /Users/Veer/Library/Developer/Xcode/DerivedData/HearifyV1-ftljoypfezvlxcgouzbpmsmxzads/Build/Products/Debug-iphoneos/HearifyV1.app/SentenceComprehensionData.csv /Users/Veer/Library/Mobile\ Documents/com~apple~CloudDocs/HearifyV1/HearifyV1/SentenceComprehensionData.csv (in target 'HearifyV1' from project 'HearifyV1')
    cd /Users/Veer/Library/Mobile\ Documents/com\~apple\~CloudDocs/HearifyV1
    builtin-copy -exclude .DS_Store -exclude CVS -exclude .svn -exclude .git -exclude .hg -resolve-src-symlinks /Users/Veer/Library/Mobile\ Documents/com\~apple\~CloudDocs/HearifyV1/HearifyV1/SentenceComprehensionData.csv /Users/Veer/Library/Developer/Xcode/DerivedData/HearifyV1-ftljoypfezvlxcgouzbpmsmxzads/Build/Products/Debug-iphoneos/HearifyV1.app

CpResource /Users/Veer/Library/Developer/Xcode/DerivedData/HearifyV1-ftljoypfezvlxcgouzbpmsmxzads/Build/Products/Debug-iphoneos/HearifyV1.app/SeedMale1.mp3 /Users/Veer/Library/Mobile\ Documents/com~apple~CloudDocs/HearifyV1/HearifyV1/Audio/CM\ Folder/SeedMale1.mp3 (in target 'HearifyV1' from project 'HearifyV1')
    cd /Users/Veer/Library/Mobile\ Documents/com\~apple\~CloudDocs/HearifyV1
    builtin-copy -exclude .DS_Store -exclude CVS -exclude .svn -exclude .git -exclude .hg -resolve-src-symlinks /Users/Veer/Library/Mobile\ Documents/com\~apple\~CloudDocs/HearifyV1/HearifyV1/Audio/CM\ Folder/SeedMale1.mp3 /Users/Veer/Library/Developer/Xcode/DerivedData/HearifyV1-ftljoypfezvlxcgouzbpmsmxzads/Build/Products/Debug-iphoneos/HearifyV1.app

CpResource /Users/Veer/Library/Developer/Xcode/DerivedData/HearifyV1-ftljoypfezvlxcgouzbpmsmxzads/Build/Products/Debug-iphoneos/HearifyV1.app/SeeMale1.mp3 /Users/Veer/Library/Mobile\ Documents/com~apple~CloudDocs/HearifyV1/HearifyV1/Audio/Vowels\ Folder/SeeMale1.mp3 (in target 'HearifyV1' from project 'HearifyV1')
    cd /Users/Veer/Library/Mobile\ Documents/com\~apple\~CloudDocs/HearifyV1
    builtin-copy -exclude .DS_Store -exclude CVS -exclude .svn -exclude .git -exclude .hg -resolve-src-symlinks /Users/Veer/Library/Mobile\ Documents/com\~apple\~CloudDocs/HearifyV1/HearifyV1/Audio/Vowels\ Folder/SeeMale1.mp3 /Users/Veer/Library/Developer/Xcode/DerivedData/HearifyV1-ftljoypfezvlxcgouzbpmsmxzads/Build/Products/Debug-iphoneos/HearifyV1.app

CpResource /Users/Veer/Library/Developer/Xcode/DerivedData/HearifyV1-ftljoypfezvlxcgouzbpmsmxzads/Build/Products/Debug-iphoneos/HearifyV1.app/SeatMale1.mp3 /Users/Veer/Library/Mobile\ Documents/com~apple~CloudDocs/HearifyV1/HearifyV1/Audio/CP\ Folder/SeatMale1.mp3 (in target 'HearifyV1' from project 'HearifyV1')
    cd /Users/Veer/Library/Mobile\ Documents/com\~apple\~CloudDocs/HearifyV1
    builtin-copy -exclude .DS_Store -exclude CVS -exclude .svn -exclude .git -exclude .hg -resolve-src-symlinks /Users/Veer/Library/Mobile\ Documents/com\~apple\~CloudDocs/HearifyV1/HearifyV1/Audio/CP\ Folder/SeatMale1.mp3 /Users/Veer/Library/Developer/Xcode/DerivedData/HearifyV1-ftljoypfezvlxcgouzbpmsmxzads/Build/Products/Debug-iphoneos/HearifyV1.app

CpResource /Users/Veer/Library/Developer/Xcode/DerivedData/HearifyV1-ftljoypfezvlxcgouzbpmsmxzads/Build/Products/Debug-iphoneos/HearifyV1.app/SeaMale1.mp3 /Users/Veer/Library/Mobile\ Documents/com~apple~CloudDocs/HearifyV1/HearifyV1/Audio/CP\ Folder/SeaMale1.mp3 (in target 'HearifyV1' from project 'HearifyV1')
    cd /Users/Veer/Library/Mobile\ Documents/com\~apple\~CloudDocs/HearifyV1
    builtin-copy -exclude .DS_Store -exclude CVS -exclude .svn -exclude .git -exclude .hg -resolve-src-symlinks /Users/Veer/Library/Mobile\ Documents/com\~apple\~CloudDocs/HearifyV1/HearifyV1/Audio/CP\ Folder/SeaMale1.mp3 /Users/Veer/Library/Developer/Xcode/DerivedData/HearifyV1-ftljoypfezvlxcgouzbpmsmxzads/Build/Products/Debug-iphoneos/HearifyV1.app

CpResource /Users/Veer/Library/Developer/Xcode/DerivedData/HearifyV1-ftljoypfezvlxcgouzbpmsmxzads/Build/Products/Debug-iphoneos/HearifyV1.app/SchoolMale1.mp3 /Users/Veer/Library/Mobile\ Documents/com~apple~CloudDocs/HearifyV1/HearifyV1/Audio/PD\ Folder/SchoolMale1.mp3 (in target 'HearifyV1' from project 'HearifyV1')
    cd /Users/Veer/Library/Mobile\ Documents/com\~apple\~CloudDocs/HearifyV1
    builtin-copy -exclude .DS_Store -exclude CVS -exclude .svn -exclude .git -exclude .hg -resolve-src-symlinks /Users/Veer/Library/Mobile\ Documents/com\~apple\~CloudDocs/HearifyV1/HearifyV1/Audio/PD\ Folder/SchoolMale1.mp3 /Users/Veer/Library/Developer/Xcode/DerivedData/HearifyV1-ftljoypfezvlxcgouzbpmsmxzads/Build/Products/Debug-iphoneos/HearifyV1.app

CpResource /Users/Veer/Library/Developer/Xcode/DerivedData/HearifyV1-ftljoypfezvlxcgouzbpmsmxzads/Build/Products/Debug-iphoneos/HearifyV1.app/SawMale1.mp3 /Users/Veer/Library/Mobile\ Documents/com~apple~CloudDocs/HearifyV1/HearifyV1/Audio/CM\ Folder/SawMale1.mp3 (in target 'HearifyV1' from project 'HearifyV1')
    cd /Users/Veer/Library/Mobile\ Documents/com\~apple\~CloudDocs/HearifyV1
    builtin-copy -exclude .DS_Store -exclude CVS -exclude .svn -exclude .git -exclude .hg -resolve-src-symlinks /Users/Veer/Library/Mobile\ Documents/com\~apple\~CloudDocs/HearifyV1/HearifyV1/Audio/CM\ Folder/SawMale1.mp3 /Users/Veer/Library/Developer/Xcode/DerivedData/HearifyV1-ftljoypfezvlxcgouzbpmsmxzads/Build/Products/Debug-iphoneos/HearifyV1.app

CpResource /Users/Veer/Library/Developer/Xcode/DerivedData/HearifyV1-ftljoypfezvlxcgouzbpmsmxzads/Build/Products/Debug-iphoneos/HearifyV1.app/SandMale1.mp3 /Users/Veer/Library/Mobile\ Documents/com~apple~CloudDocs/HearifyV1/HearifyV1/Audio/Word\ Recognition/SandMale1.mp3 (in target 'HearifyV1' from project 'HearifyV1')
    cd /Users/Veer/Library/Mobile\ Documents/com\~apple\~CloudDocs/HearifyV1
    builtin-copy -exclude .DS_Store -exclude CVS -exclude .svn -exclude .git -exclude .hg -resolve-src-symlinks /Users/Veer/Library/Mobile\ Documents/com\~apple\~CloudDocs/HearifyV1/HearifyV1/Audio/Word\ Recognition/SandMale1.mp3 /Users/Veer/Library/Developer/Xcode/DerivedData/HearifyV1-ftljoypfezvlxcgouzbpmsmxzads/Build/Products/Debug-iphoneos/HearifyV1.app

CpResource /Users/Veer/Library/Developer/Xcode/DerivedData/HearifyV1-ftljoypfezvlxcgouzbpmsmxzads/Build/Products/Debug-iphoneos/HearifyV1.app/SamMale1.mp3 /Users/Veer/Library/Mobile\ Documents/com~apple~CloudDocs/HearifyV1/HearifyV1/Audio/CM\ Folder/SamMale1.mp3 (in target 'HearifyV1' from project 'HearifyV1')
    cd /Users/Veer/Library/Mobile\ Documents/com\~apple\~CloudDocs/HearifyV1
    builtin-copy -exclude .DS_Store -exclude CVS -exclude .svn -exclude .git -exclude .hg -resolve-src-symlinks /Users/Veer/Library/Mobile\ Documents/com\~apple\~CloudDocs/HearifyV1/HearifyV1/Audio/CM\ Folder/SamMale1.mp3 /Users/Veer/Library/Developer/Xcode/DerivedData/HearifyV1-ftljoypfezvlxcgouzbpmsmxzads/Build/Products/Debug-iphoneos/HearifyV1.app

CpResource /Users/Veer/Library/Developer/Xcode/DerivedData/HearifyV1-ftljoypfezvlxcgouzbpmsmxzads/Build/Products/Debug-iphoneos/HearifyV1.app/SailMale1.mp3 /Users/Veer/Library/Mobile\ Documents/com~apple~CloudDocs/HearifyV1/HearifyV1/Audio/CM\ Folder/SailMale1.mp3 (in target 'HearifyV1' from project 'HearifyV1')
    cd /Users/Veer/Library/Mobile\ Documents/com\~apple\~CloudDocs/HearifyV1
    builtin-copy -exclude .DS_Store -exclude CVS -exclude .svn -exclude .git -exclude .hg -resolve-src-symlinks /Users/Veer/Library/Mobile\ Documents/com\~apple\~CloudDocs/HearifyV1/HearifyV1/Audio/CM\ Folder/SailMale1.mp3 /Users/Veer/Library/Developer/Xcode/DerivedData/HearifyV1-ftljoypfezvlxcgouzbpmsmxzads/Build/Products/Debug-iphoneos/HearifyV1.app

CpResource /Users/Veer/Library/Developer/Xcode/DerivedData/HearifyV1-ftljoypfezvlxcgouzbpmsmxzads/Build/Products/Debug-iphoneos/HearifyV1.app/SadMale1.mp3 /Users/Veer/Library/Mobile\ Documents/com~apple~CloudDocs/HearifyV1/HearifyV1/Audio/Syllables/Supra\ -\ 1\ v\ 3/SadMale1.mp3 (in target 'HearifyV1' from project 'HearifyV1')
    cd /Users/Veer/Library/Mobile\ Documents/com\~apple\~CloudDocs/HearifyV1
    builtin-copy -exclude .DS_Store -exclude CVS -exclude .svn -exclude .git -exclude .hg -resolve-src-symlinks /Users/Veer/Library/Mobile\ Documents/com\~apple\~CloudDocs/HearifyV1/HearifyV1/Audio/Syllables/Supra\ -\ 1\ v\ 3/SadMale1.mp3 /Users/Veer/Library/Developer/Xcode/DerivedData/HearifyV1-ftljoypfezvlxcgouzbpmsmxzads/Build/Products/Debug-iphoneos/HearifyV1.app

CpResource /Users/Veer/Library/Developer/Xcode/DerivedData/HearifyV1-ftljoypfezvlxcgouzbpmsmxzads/Build/Products/Debug-iphoneos/HearifyV1.app/SackMale1.mp3 /Users/Veer/Library/Mobile\ Documents/com~apple~CloudDocs/HearifyV1/HearifyV1/Audio/CP\ Folder/SackMale1.mp3 (in target 'HearifyV1' from project 'HearifyV1')
    cd /Users/Veer/Library/Mobile\ Documents/com\~apple\~CloudDocs/HearifyV1
    builtin-copy -exclude .DS_Store -exclude CVS -exclude .svn -exclude .git -exclude .hg -resolve-src-symlinks /Users/Veer/Library/Mobile\ Documents/com\~apple\~CloudDocs/HearifyV1/HearifyV1/Audio/CP\ Folder/SackMale1.mp3 /Users/Veer/Library/Developer/Xcode/DerivedData/HearifyV1-ftljoypfezvlxcgouzbpmsmxzads/Build/Products/Debug-iphoneos/HearifyV1.app

CpResource /Users/Veer/Library/Developer/Xcode/DerivedData/HearifyV1-ftljoypfezvlxcgouzbpmsmxzads/Build/Products/Debug-iphoneos/HearifyV1.app/RunningMale1.mp3 /Users/Veer/Library/Mobile\ Documents/com~apple~CloudDocs/HearifyV1/HearifyV1/Audio/Syllables/Supra\ 1\ v\ 2/RunningMale1.mp3 (in target 'HearifyV1' from project 'HearifyV1')
    cd /Users/Veer/Library/Mobile\ Documents/com\~apple\~CloudDocs/HearifyV1
    builtin-copy -exclude .DS_Store -exclude CVS -exclude .svn -exclude .git -exclude .hg -resolve-src-symlinks /Users/Veer/Library/Mobile\ Documents/com\~apple\~CloudDocs/HearifyV1/HearifyV1/Audio/Syllables/Supra\ 1\ v\ 2/RunningMale1.mp3 /Users/Veer/Library/Developer/Xcode/DerivedData/HearifyV1-ftljoypfezvlxcgouzbpmsmxzads/Build/Products/Debug-iphoneos/HearifyV1.app

CpResource /Users/Veer/Library/Developer/Xcode/DerivedData/HearifyV1-ftljoypfezvlxcgouzbpmsmxzads/Build/Products/Debug-iphoneos/HearifyV1.app/RunMale1.mp3 /Users/Veer/Library/Mobile\ Documents/com~apple~CloudDocs/HearifyV1/HearifyV1/Audio/PD\ Folder/RunMale1.mp3 (in target 'HearifyV1' from project 'HearifyV1')
    cd /Users/Veer/Library/Mobile\ Documents/com\~apple\~CloudDocs/HearifyV1
    builtin-copy -exclude .DS_Store -exclude CVS -exclude .svn -exclude .git -exclude .hg -resolve-src-symlinks /Users/Veer/Library/Mobile\ Documents/com\~apple\~CloudDocs/HearifyV1/HearifyV1/Audio/PD\ Folder/RunMale1.mp3 /Users/Veer/Library/Developer/Xcode/DerivedData/HearifyV1-ftljoypfezvlxcgouzbpmsmxzads/Build/Products/Debug-iphoneos/HearifyV1.app

CpResource /Users/Veer/Library/Developer/Xcode/DerivedData/HearifyV1-ftljoypfezvlxcgouzbpmsmxzads/Build/Products/Debug-iphoneos/HearifyV1.app/RoseMale1.mp3 /Users/Veer/Library/Mobile\ Documents/com~apple~CloudDocs/HearifyV1/HearifyV1/Audio/CM\ Folder/RoseMale1.mp3 (in target 'HearifyV1' from project 'HearifyV1')
    cd /Users/Veer/Library/Mobile\ Documents/com\~apple\~CloudDocs/HearifyV1
    builtin-copy -exclude .DS_Store -exclude CVS -exclude .svn -exclude .git -exclude .hg -resolve-src-symlinks /Users/Veer/Library/Mobile\ Documents/com\~apple\~CloudDocs/HearifyV1/HearifyV1/Audio/CM\ Folder/RoseMale1.mp3 /Users/Veer/Library/Developer/Xcode/DerivedData/HearifyV1-ftljoypfezvlxcgouzbpmsmxzads/Build/Products/Debug-iphoneos/HearifyV1.app

CpResource /Users/Veer/Library/Developer/Xcode/DerivedData/HearifyV1-ftljoypfezvlxcgouzbpmsmxzads/Build/Products/Debug-iphoneos/HearifyV1.app/RocksMale1.mp3 /Users/Veer/Library/Mobile\ Documents/com~apple~CloudDocs/HearifyV1/HearifyV1/Audio/CM\ Folder/RocksMale1.mp3 (in target 'HearifyV1' from project 'HearifyV1')
    cd /Users/Veer/Library/Mobile\ Documents/com\~apple\~CloudDocs/HearifyV1
    builtin-copy -exclude .DS_Store -exclude CVS -exclude .svn -exclude .git -exclude .hg -resolve-src-symlinks /Users/Veer/Library/Mobile\ Documents/com\~apple\~CloudDocs/HearifyV1/HearifyV1/Audio/CM\ Folder/RocksMale1.mp3 /Users/Veer/Library/Developer/Xcode/DerivedData/HearifyV1-ftljoypfezvlxcgouzbpmsmxzads/Build/Products/Debug-iphoneos/HearifyV1.app

CpResource /Users/Veer/Library/Developer/Xcode/DerivedData/HearifyV1-ftljoypfezvlxcgouzbpmsmxzads/Build/Products/Debug-iphoneos/HearifyV1.app/RobinMale1.mp3 /Users/Veer/Library/Mobile\ Documents/com~apple~CloudDocs/HearifyV1/HearifyV1/Audio/PD\ Folder/RobinMale1.mp3 (in target 'HearifyV1' from project 'HearifyV1')
    cd /Users/Veer/Library/Mobile\ Documents/com\~apple\~CloudDocs/HearifyV1
    builtin-copy -exclude .DS_Store -exclude CVS -exclude .svn -exclude .git -exclude .hg -resolve-src-symlinks /Users/Veer/Library/Mobile\ Documents/com\~apple\~CloudDocs/HearifyV1/HearifyV1/Audio/PD\ Folder/RobinMale1.mp3 /Users/Veer/Library/Developer/Xcode/DerivedData/HearifyV1-ftljoypfezvlxcgouzbpmsmxzads/Build/Products/Debug-iphoneos/HearifyV1.app

CpResource /Users/Veer/Library/Developer/Xcode/DerivedData/HearifyV1-ftljoypfezvlxcgouzbpmsmxzads/Build/Products/Debug-iphoneos/HearifyV1.app/RightMale1.mp3 /Users/Veer/Library/Mobile\ Documents/com~apple~CloudDocs/HearifyV1/HearifyV1/Audio/CP\ Folder/RightMale1.mp3 (in target 'HearifyV1' from project 'HearifyV1')
    cd /Users/Veer/Library/Mobile\ Documents/com\~apple\~CloudDocs/HearifyV1
    builtin-copy -exclude .DS_Store -exclude CVS -exclude .svn -exclude .git -exclude .hg -resolve-src-symlinks /Users/Veer/Library/Mobile\ Documents/com\~apple\~CloudDocs/HearifyV1/HearifyV1/Audio/CP\ Folder/RightMale1.mp3 /Users/Veer/Library/Developer/Xcode/DerivedData/HearifyV1-ftljoypfezvlxcgouzbpmsmxzads/Build/Products/Debug-iphoneos/HearifyV1.app

CpResource /Users/Veer/Library/Developer/Xcode/DerivedData/HearifyV1-ftljoypfezvlxcgouzbpmsmxzads/Build/Products/Debug-iphoneos/HearifyV1.app/RickMale1.mp3 /Users/Veer/Library/Mobile\ Documents/com~apple~CloudDocs/HearifyV1/HearifyV1/Audio/CP\ Folder/RickMale1.mp3 (in target 'HearifyV1' from project 'HearifyV1')
    cd /Users/Veer/Library/Mobile\ Documents/com\~apple\~CloudDocs/HearifyV1
    builtin-copy -exclude .DS_Store -exclude CVS -exclude .svn -exclude .git -exclude .hg -resolve-src-symlinks /Users/Veer/Library/Mobile\ Documents/com\~apple\~CloudDocs/HearifyV1/HearifyV1/Audio/CP\ Folder/RickMale1.mp3 /Users/Veer/Library/Developer/Xcode/DerivedData/HearifyV1-ftljoypfezvlxcgouzbpmsmxzads/Build/Products/Debug-iphoneos/HearifyV1.app

CpResource /Users/Veer/Library/Developer/Xcode/DerivedData/HearifyV1-ftljoypfezvlxcgouzbpmsmxzads/Build/Products/Debug-iphoneos/HearifyV1.app/RedMale1.mp3 /Users/Veer/Library/Mobile\ Documents/com~apple~CloudDocs/HearifyV1/HearifyV1/Audio/PD\ Folder/RedMale1.mp3 (in target 'HearifyV1' from project 'HearifyV1')
    cd /Users/Veer/Library/Mobile\ Documents/com\~apple\~CloudDocs/HearifyV1
    builtin-copy -exclude .DS_Store -exclude CVS -exclude .svn -exclude .git -exclude .hg -resolve-src-symlinks /Users/Veer/Library/Mobile\ Documents/com\~apple\~CloudDocs/HearifyV1/HearifyV1/Audio/PD\ Folder/RedMale1.mp3 /Users/Veer/Library/Developer/Xcode/DerivedData/HearifyV1-ftljoypfezvlxcgouzbpmsmxzads/Build/Products/Debug-iphoneos/HearifyV1.app

CpResource /Users/Veer/Library/Developer/Xcode/DerivedData/HearifyV1-ftljoypfezvlxcgouzbpmsmxzads/Build/Products/Debug-iphoneos/HearifyV1.app/ReadMale1.mp3 /Users/Veer/Library/Mobile\ Documents/com~apple~CloudDocs/HearifyV1/HearifyV1/Audio/CM\ Folder/ReadMale1.mp3 (in target 'HearifyV1' from project 'HearifyV1')
    cd /Users/Veer/Library/Mobile\ Documents/com\~apple\~CloudDocs/HearifyV1
    builtin-copy -exclude .DS_Store -exclude CVS -exclude .svn -exclude .git -exclude .hg -resolve-src-symlinks /Users/Veer/Library/Mobile\ Documents/com\~apple\~CloudDocs/HearifyV1/HearifyV1/Audio/CM\ Folder/ReadMale1.mp3 /Users/Veer/Library/Developer/Xcode/DerivedData/HearifyV1-ftljoypfezvlxcgouzbpmsmxzads/Build/Products/Debug-iphoneos/HearifyV1.app

CpResource /Users/Veer/Library/Developer/Xcode/DerivedData/HearifyV1-ftljoypfezvlxcgouzbpmsmxzads/Build/Products/Debug-iphoneos/HearifyV1.app/RatMale1.mp3 /Users/Veer/Library/Mobile\ Documents/com~apple~CloudDocs/HearifyV1/HearifyV1/Audio/CM\ Folder/RatMale1.mp3 (in target 'HearifyV1' from project 'HearifyV1')
    cd /Users/Veer/Library/Mobile\ Documents/com\~apple\~CloudDocs/HearifyV1
    builtin-copy -exclude .DS_Store -exclude CVS -exclude .svn -exclude .git -exclude .hg -resolve-src-symlinks /Users/Veer/Library/Mobile\ Documents/com\~apple\~CloudDocs/HearifyV1/HearifyV1/Audio/CM\ Folder/RatMale1.mp3 /Users/Veer/Library/Developer/Xcode/DerivedData/HearifyV1-ftljoypfezvlxcgouzbpmsmxzads/Build/Products/Debug-iphoneos/HearifyV1.app

CpResource /Users/Veer/Library/Developer/Xcode/DerivedData/HearifyV1-ftljoypfezvlxcgouzbpmsmxzads/Build/Products/Debug-iphoneos/HearifyV1.app/RamMale1.mp3 /Users/Veer/Library/Mobile\ Documents/com~apple~CloudDocs/HearifyV1/HearifyV1/Audio/CP\ Folder/RamMale1.mp3 (in target 'HearifyV1' from project 'HearifyV1')
    cd /Users/Veer/Library/Mobile\ Documents/com\~apple\~CloudDocs/HearifyV1
    builtin-copy -exclude .DS_Store -exclude CVS -exclude .svn -exclude .git -exclude .hg -resolve-src-symlinks /Users/Veer/Library/Mobile\ Documents/com\~apple\~CloudDocs/HearifyV1/HearifyV1/Audio/CP\ Folder/RamMale1.mp3 /Users/Veer/Library/Developer/Xcode/DerivedData/HearifyV1-ftljoypfezvlxcgouzbpmsmxzads/Build/Products/Debug-iphoneos/HearifyV1.app

CpResource /Users/Veer/Library/Developer/Xcode/DerivedData/HearifyV1-ftljoypfezvlxcgouzbpmsmxzads/Build/Products/Debug-iphoneos/HearifyV1.app/RakeMale3.mp3 /Users/Veer/Library/Mobile\ Documents/com~apple~CloudDocs/HearifyV1/HearifyV1/Audio/FC\ Folder/RakeMale3.mp3 (in target 'HearifyV1' from project 'HearifyV1')
    cd /Users/Veer/Library/Mobile\ Documents/com\~apple\~CloudDocs/HearifyV1
    builtin-copy -exclude .DS_Store -exclude CVS -exclude .svn -exclude .git -exclude .hg -resolve-src-symlinks /Users/Veer/Library/Mobile\ Documents/com\~apple\~CloudDocs/HearifyV1/HearifyV1/Audio/FC\ Folder/RakeMale3.mp3 /Users/Veer/Library/Developer/Xcode/DerivedData/HearifyV1-ftljoypfezvlxcgouzbpmsmxzads/Build/Products/Debug-iphoneos/HearifyV1.app

CpResource /Users/Veer/Library/Developer/Xcode/DerivedData/HearifyV1-ftljoypfezvlxcgouzbpmsmxzads/Build/Products/Debug-iphoneos/HearifyV1.app/RakeMale2.mp3 /Users/Veer/Library/Mobile\ Documents/com~apple~CloudDocs/HearifyV1/HearifyV1/Audio/FC\ Folder/RakeMale2.mp3 (in target 'HearifyV1' from project 'HearifyV1')
    cd /Users/Veer/Library/Mobile\ Documents/com\~apple\~CloudDocs/HearifyV1
    builtin-copy -exclude .DS_Store -exclude CVS -exclude .svn -exclude .git -exclude .hg -resolve-src-symlinks /Users/Veer/Library/Mobile\ Documents/com\~apple\~CloudDocs/HearifyV1/HearifyV1/Audio/FC\ Folder/RakeMale2.mp3 /Users/Veer/Library/Developer/Xcode/DerivedData/HearifyV1-ftljoypfezvlxcgouzbpmsmxzads/Build/Products/Debug-iphoneos/HearifyV1.app

CpResource /Users/Veer/Library/Developer/Xcode/DerivedData/HearifyV1-ftljoypfezvlxcgouzbpmsmxzads/Build/Products/Debug-iphoneos/HearifyV1.app/RakeMale1.mp3 /Users/Veer/Library/Mobile\ Documents/com~apple~CloudDocs/HearifyV1/HearifyV1/Audio/FC\ Folder/RakeMale1.mp3 (in target 'HearifyV1' from project 'HearifyV1')
    cd /Users/Veer/Library/Mobile\ Documents/com\~apple\~CloudDocs/HearifyV1
    builtin-copy -exclude .DS_Store -exclude CVS -exclude .svn -exclude .git -exclude .hg -resolve-src-symlinks /Users/Veer/Library/Mobile\ Documents/com\~apple\~CloudDocs/HearifyV1/HearifyV1/Audio/FC\ Folder/RakeMale1.mp3 /Users/Veer/Library/Developer/Xcode/DerivedData/HearifyV1-ftljoypfezvlxcgouzbpmsmxzads/Build/Products/Debug-iphoneos/HearifyV1.app

CpResource /Users/Veer/Library/Developer/Xcode/DerivedData/HearifyV1-ftljoypfezvlxcgouzbpmsmxzads/Build/Products/Debug-iphoneos/HearifyV1.app/RakeFemale3.mp3 /Users/Veer/Library/Mobile\ Documents/com~apple~CloudDocs/HearifyV1/HearifyV1/Audio/FC\ Folder/RakeFemale3.mp3 (in target 'HearifyV1' from project 'HearifyV1')
    cd /Users/Veer/Library/Mobile\ Documents/com\~apple\~CloudDocs/HearifyV1
    builtin-copy -exclude .DS_Store -exclude CVS -exclude .svn -exclude .git -exclude .hg -resolve-src-symlinks /Users/Veer/Library/Mobile\ Documents/com\~apple\~CloudDocs/HearifyV1/HearifyV1/Audio/FC\ Folder/RakeFemale3.mp3 /Users/Veer/Library/Developer/Xcode/DerivedData/HearifyV1-ftljoypfezvlxcgouzbpmsmxzads/Build/Products/Debug-iphoneos/HearifyV1.app

CpResource /Users/Veer/Library/Developer/Xcode/DerivedData/HearifyV1-ftljoypfezvlxcgouzbpmsmxzads/Build/Products/Debug-iphoneos/HearifyV1.app/RakeFemale2.mp3 /Users/Veer/Library/Mobile\ Documents/com~apple~CloudDocs/HearifyV1/HearifyV1/Audio/FC\ Folder/RakeFemale2.mp3 (in target 'HearifyV1' from project 'HearifyV1')
    cd /Users/Veer/Library/Mobile\ Documents/com\~apple\~CloudDocs/HearifyV1
    builtin-copy -exclude .DS_Store -exclude CVS -exclude .svn -exclude .git -exclude .hg -resolve-src-symlinks /Users/Veer/Library/Mobile\ Documents/com\~apple\~CloudDocs/HearifyV1/HearifyV1/Audio/FC\ Folder/RakeFemale2.mp3 /Users/Veer/Library/Developer/Xcode/DerivedData/HearifyV1-ftljoypfezvlxcgouzbpmsmxzads/Build/Products/Debug-iphoneos/HearifyV1.app

CpResource /Users/Veer/Library/Developer/Xcode/DerivedData/HearifyV1-ftljoypfezvlxcgouzbpmsmxzads/Build/Products/Debug-iphoneos/HearifyV1.app/RakeFemale1.mp3 /Users/Veer/Library/Mobile\ Documents/com~apple~CloudDocs/HearifyV1/HearifyV1/Audio/FC\ Folder/RakeFemale1.mp3 (in target 'HearifyV1' from project 'HearifyV1')
    cd /Users/Veer/Library/Mobile\ Documents/com\~apple\~CloudDocs/HearifyV1
    builtin-copy -exclude .DS_Store -exclude CVS -exclude .svn -exclude .git -exclude .hg -resolve-src-symlinks /Users/Veer/Library/Mobile\ Documents/com\~apple\~CloudDocs/HearifyV1/HearifyV1/Audio/FC\ Folder/RakeFemale1.mp3 /Users/Veer/Library/Developer/Xcode/DerivedData/HearifyV1-ftljoypfezvlxcgouzbpmsmxzads/Build/Products/Debug-iphoneos/HearifyV1.app

CpResource /Users/Veer/Library/Developer/Xcode/DerivedData/HearifyV1-ftljoypfezvlxcgouzbpmsmxzads/Build/Products/Debug-iphoneos/HearifyV1.app/RainMale3.mp3 /Users/Veer/Library/Mobile\ Documents/com~apple~CloudDocs/HearifyV1/HearifyV1/Audio/FC\ Folder/RainMale3.mp3 (in target 'HearifyV1' from project 'HearifyV1')
    cd /Users/Veer/Library/Mobile\ Documents/com\~apple\~CloudDocs/HearifyV1
    builtin-copy -exclude .DS_Store -exclude CVS -exclude .svn -exclude .git -exclude .hg -resolve-src-symlinks /Users/Veer/Library/Mobile\ Documents/com\~apple\~CloudDocs/HearifyV1/HearifyV1/Audio/FC\ Folder/RainMale3.mp3 /Users/Veer/Library/Developer/Xcode/DerivedData/HearifyV1-ftljoypfezvlxcgouzbpmsmxzads/Build/Products/Debug-iphoneos/HearifyV1.app

CpResource /Users/Veer/Library/Developer/Xcode/DerivedData/HearifyV1-ftljoypfezvlxcgouzbpmsmxzads/Build/Products/Debug-iphoneos/HearifyV1.app/RainMale2.mp3 /Users/Veer/Library/Mobile\ Documents/com~apple~CloudDocs/HearifyV1/HearifyV1/Audio/FC\ Folder/RainMale2.mp3 (in target 'HearifyV1' from project 'HearifyV1')
    cd /Users/Veer/Library/Mobile\ Documents/com\~apple\~CloudDocs/HearifyV1
    builtin-copy -exclude .DS_Store -exclude CVS -exclude .svn -exclude .git -exclude .hg -resolve-src-symlinks /Users/Veer/Library/Mobile\ Documents/com\~apple\~CloudDocs/HearifyV1/HearifyV1/Audio/FC\ Folder/RainMale2.mp3 /Users/Veer/Library/Developer/Xcode/DerivedData/HearifyV1-ftljoypfezvlxcgouzbpmsmxzads/Build/Products/Debug-iphoneos/HearifyV1.app

CpResource /Users/Veer/Library/Developer/Xcode/DerivedData/HearifyV1-ftljoypfezvlxcgouzbpmsmxzads/Build/Products/Debug-iphoneos/HearifyV1.app/RainMale1.mp3 /Users/Veer/Library/Mobile\ Documents/com~apple~CloudDocs/HearifyV1/HearifyV1/Audio/FC\ Folder/RainMale1.mp3 (in target 'HearifyV1' from project 'HearifyV1')
    cd /Users/Veer/Library/Mobile\ Documents/com\~apple\~CloudDocs/HearifyV1
    builtin-copy -exclude .DS_Store -exclude CVS -exclude .svn -exclude .git -exclude .hg -resolve-src-symlinks /Users/Veer/Library/Mobile\ Documents/com\~apple\~CloudDocs/HearifyV1/HearifyV1/Audio/FC\ Folder/RainMale1.mp3 /Users/Veer/Library/Developer/Xcode/DerivedData/HearifyV1-ftljoypfezvlxcgouzbpmsmxzads/Build/Products/Debug-iphoneos/HearifyV1.app

CpResource /Users/Veer/Library/Developer/Xcode/DerivedData/HearifyV1-ftljoypfezvlxcgouzbpmsmxzads/Build/Products/Debug-iphoneos/HearifyV1.app/RainFemale3.mp3 /Users/Veer/Library/Mobile\ Documents/com~apple~CloudDocs/HearifyV1/HearifyV1/Audio/FC\ Folder/RainFemale3.mp3 (in target 'HearifyV1' from project 'HearifyV1')
    cd /Users/Veer/Library/Mobile\ Documents/com\~apple\~CloudDocs/HearifyV1
    builtin-copy -exclude .DS_Store -exclude CVS -exclude .svn -exclude .git -exclude .hg -resolve-src-symlinks /Users/Veer/Library/Mobile\ Documents/com\~apple\~CloudDocs/HearifyV1/HearifyV1/Audio/FC\ Folder/RainFemale3.mp3 /Users/Veer/Library/Developer/Xcode/DerivedData/HearifyV1-ftljoypfezvlxcgouzbpmsmxzads/Build/Products/Debug-iphoneos/HearifyV1.app

CpResource /Users/Veer/Library/Developer/Xcode/DerivedData/HearifyV1-ftljoypfezvlxcgouzbpmsmxzads/Build/Products/Debug-iphoneos/HearifyV1.app/RainFemale2.mp3 /Users/Veer/Library/Mobile\ Documents/com~apple~CloudDocs/HearifyV1/HearifyV1/Audio/FC\ Folder/RainFemale2.mp3 (in target 'HearifyV1' from project 'HearifyV1')
    cd /Users/Veer/Library/Mobile\ Documents/com\~apple\~CloudDocs/HearifyV1
    builtin-copy -exclude .DS_Store -exclude CVS -exclude .svn -exclude .git -exclude .hg -resolve-src-symlinks /Users/Veer/Library/Mobile\ Documents/com\~apple\~CloudDocs/HearifyV1/HearifyV1/Audio/FC\ Folder/RainFemale2.mp3 /Users/Veer/Library/Developer/Xcode/DerivedData/HearifyV1-ftljoypfezvlxcgouzbpmsmxzads/Build/Products/Debug-iphoneos/HearifyV1.app

CpResource /Users/Veer/Library/Developer/Xcode/DerivedData/HearifyV1-ftljoypfezvlxcgouzbpmsmxzads/Build/Products/Debug-iphoneos/HearifyV1.app/RainFemale1.mp3 /Users/Veer/Library/Mobile\ Documents/com~apple~CloudDocs/HearifyV1/HearifyV1/Audio/FC\ Folder/RainFemale1.mp3 (in target 'HearifyV1' from project 'HearifyV1')
    cd /Users/Veer/Library/Mobile\ Documents/com\~apple\~CloudDocs/HearifyV1
    builtin-copy -exclude .DS_Store -exclude CVS -exclude .svn -exclude .git -exclude .hg -resolve-src-symlinks /Users/Veer/Library/Mobile\ Documents/com\~apple\~CloudDocs/HearifyV1/HearifyV1/Audio/FC\ Folder/RainFemale1.mp3 /Users/Veer/Library/Developer/Xcode/DerivedData/HearifyV1-ftljoypfezvlxcgouzbpmsmxzads/Build/Products/Debug-iphoneos/HearifyV1.app

CpResource /Users/Veer/Library/Developer/Xcode/DerivedData/HearifyV1-ftljoypfezvlxcgouzbpmsmxzads/Build/Products/Debug-iphoneos/HearifyV1.app/RadioMale1.mp3 /Users/Veer/Library/Mobile\ Documents/com~apple~CloudDocs/HearifyV1/HearifyV1/Audio/Syllables/Supra\ 2\ v3/RadioMale1.mp3 (in target 'HearifyV1' from project 'HearifyV1')
    cd /Users/Veer/Library/Mobile\ Documents/com\~apple\~CloudDocs/HearifyV1
    builtin-copy -exclude .DS_Store -exclude CVS -exclude .svn -exclude .git -exclude .hg -resolve-src-symlinks /Users/Veer/Library/Mobile\ Documents/com\~apple\~CloudDocs/HearifyV1/HearifyV1/Audio/Syllables/Supra\ 2\ v3/RadioMale1.mp3 /Users/Veer/Library/Developer/Xcode/DerivedData/HearifyV1-ftljoypfezvlxcgouzbpmsmxzads/Build/Products/Debug-iphoneos/HearifyV1.app

CpResource /Users/Veer/Library/Developer/Xcode/DerivedData/HearifyV1-ftljoypfezvlxcgouzbpmsmxzads/Build/Products/Debug-iphoneos/HearifyV1.app/PuttMale1.mp3 /Users/Veer/Library/Mobile\ Documents/com~apple~CloudDocs/HearifyV1/HearifyV1/Audio/CP\ Folder/PuttMale1.mp3 (in target 'HearifyV1' from project 'HearifyV1')
    cd /Users/Veer/Library/Mobile\ Documents/com\~apple\~CloudDocs/HearifyV1
    builtin-copy -exclude .DS_Store -exclude CVS -exclude .svn -exclude .git -exclude .hg -resolve-src-symlinks /Users/Veer/Library/Mobile\ Documents/com\~apple\~CloudDocs/HearifyV1/HearifyV1/Audio/CP\ Folder/PuttMale1.mp3 /Users/Veer/Library/Developer/Xcode/DerivedData/HearifyV1-ftljoypfezvlxcgouzbpmsmxzads/Build/Products/Debug-iphoneos/HearifyV1.app

CpResource /Users/Veer/Library/Developer/Xcode/DerivedData/HearifyV1-ftljoypfezvlxcgouzbpmsmxzads/Build/Products/Debug-iphoneos/HearifyV1.app/PushMale1.mp3 /Users/Veer/Library/Mobile\ Documents/com~apple~CloudDocs/HearifyV1/HearifyV1/Audio/CV\ Data/PushMale1.mp3 (in target 'HearifyV1' from project 'HearifyV1')
    cd /Users/Veer/Library/Mobile\ Documents/com\~apple\~CloudDocs/HearifyV1
    builtin-copy -exclude .DS_Store -exclude CVS -exclude .svn -exclude .git -exclude .hg -resolve-src-symlinks /Users/Veer/Library/Mobile\ Documents/com\~apple\~CloudDocs/HearifyV1/HearifyV1/Audio/CV\ Data/PushMale1.mp3 /Users/Veer/Library/Developer/Xcode/DerivedData/HearifyV1-ftljoypfezvlxcgouzbpmsmxzads/Build/Products/Debug-iphoneos/HearifyV1.app

CpResource /Users/Veer/Library/Developer/Xcode/DerivedData/HearifyV1-ftljoypfezvlxcgouzbpmsmxzads/Build/Products/Debug-iphoneos/HearifyV1.app/PopsicleMale1.mp3 /Users/Veer/Library/Mobile\ Documents/com~apple~CloudDocs/HearifyV1/HearifyV1/Audio/Syllables/Supra\ -\ 1\ v\ 3/PopsicleMale1.mp3 (in target 'HearifyV1' from project 'HearifyV1')
    cd /Users/Veer/Library/Mobile\ Documents/com\~apple\~CloudDocs/HearifyV1
    builtin-copy -exclude .DS_Store -exclude CVS -exclude .svn -exclude .git -exclude .hg -resolve-src-symlinks /Users/Veer/Library/Mobile\ Documents/com\~apple\~CloudDocs/HearifyV1/HearifyV1/Audio/Syllables/Supra\ -\ 1\ v\ 3/PopsicleMale1.mp3 /Users/Veer/Library/Developer/Xcode/DerivedData/HearifyV1-ftljoypfezvlxcgouzbpmsmxzads/Build/Products/Debug-iphoneos/HearifyV1.app

CpResource /Users/Veer/Library/Developer/Xcode/DerivedData/HearifyV1-ftljoypfezvlxcgouzbpmsmxzads/Build/Products/Debug-iphoneos/HearifyV1.app/PoolMale1.mp3 /Users/Veer/Library/Mobile\ Documents/com~apple~CloudDocs/HearifyV1/HearifyV1/Audio/Vowels\ Folder/PoolMale1.mp3 (in target 'HearifyV1' from project 'HearifyV1')
    cd /Users/Veer/Library/Mobile\ Documents/com\~apple\~CloudDocs/HearifyV1
    builtin-copy -exclude .DS_Store -exclude CVS -exclude .svn -exclude .git -exclude .hg -resolve-src-symlinks /Users/Veer/Library/Mobile\ Documents/com\~apple\~CloudDocs/HearifyV1/HearifyV1/Audio/Vowels\ Folder/PoolMale1.mp3 /Users/Veer/Library/Developer/Xcode/DerivedData/HearifyV1-ftljoypfezvlxcgouzbpmsmxzads/Build/Products/Debug-iphoneos/HearifyV1.app

CpResource /Users/Veer/Library/Developer/Xcode/DerivedData/HearifyV1-ftljoypfezvlxcgouzbpmsmxzads/Build/Products/Debug-iphoneos/HearifyV1.app/PoleMale1.mp3 /Users/Veer/Library/Mobile\ Documents/com~apple~CloudDocs/HearifyV1/HearifyV1/Audio/Vowels\ Folder/PoleMale1.mp3 (in target 'HearifyV1' from project 'HearifyV1')
    cd /Users/Veer/Library/Mobile\ Documents/com\~apple\~CloudDocs/HearifyV1
    builtin-copy -exclude .DS_Store -exclude CVS -exclude .svn -exclude .git -exclude .hg -resolve-src-symlinks /Users/Veer/Library/Mobile\ Documents/com\~apple\~CloudDocs/HearifyV1/HearifyV1/Audio/Vowels\ Folder/PoleMale1.mp3 /Users/Veer/Library/Developer/Xcode/DerivedData/HearifyV1-ftljoypfezvlxcgouzbpmsmxzads/Build/Products/Debug-iphoneos/HearifyV1.app

CpResource /Users/Veer/Library/Developer/Xcode/DerivedData/HearifyV1-ftljoypfezvlxcgouzbpmsmxzads/Build/Products/Debug-iphoneos/HearifyV1.app/Please\ speak\ louder\ I\ cannot\ hear\ youMale1.mp3 /Users/Veer/Library/Mobile\ Documents/com~apple~CloudDocs/HearifyV1/HearifyV1/Audio/Sentences/Please\ speak\ louder\ I\ cannot\ hear\ youMale1.mp3 (in target 'HearifyV1' from project 'HearifyV1')
    cd /Users/Veer/Library/Mobile\ Documents/com\~apple\~CloudDocs/HearifyV1
    builtin-copy -exclude .DS_Store -exclude CVS -exclude .svn -exclude .git -exclude .hg -resolve-src-symlinks /Users/Veer/Library/Mobile\ Documents/com\~apple\~CloudDocs/HearifyV1/HearifyV1/Audio/Sentences/Please\ speak\ louder\ I\ cannot\ hear\ youMale1.mp3 /Users/Veer/Library/Developer/Xcode/DerivedData/HearifyV1-ftljoypfezvlxcgouzbpmsmxzads/Build/Products/Debug-iphoneos/HearifyV1.app

CpResource /Users/Veer/Library/Developer/Xcode/DerivedData/HearifyV1-ftljoypfezvlxcgouzbpmsmxzads/Build/Products/Debug-iphoneos/HearifyV1.app/Please\ remember\ to\ lock\ the\ doorMale1.mp3 /Users/Veer/Library/Mobile\ Documents/com~apple~CloudDocs/HearifyV1/HearifyV1/Audio/Sentences/Please\ remember\ to\ lock\ the\ doorMale1.mp3 (in target 'HearifyV1' from project 'HearifyV1')
    cd /Users/Veer/Library/Mobile\ Documents/com\~apple\~CloudDocs/HearifyV1
    builtin-copy -exclude .DS_Store -exclude CVS -exclude .svn -exclude .git -exclude .hg -resolve-src-symlinks /Users/Veer/Library/Mobile\ Documents/com\~apple\~CloudDocs/HearifyV1/HearifyV1/Audio/Sentences/Please\ remember\ to\ lock\ the\ doorMale1.mp3 /Users/Veer/Library/Developer/Xcode/DerivedData/HearifyV1-ftljoypfezvlxcgouzbpmsmxzads/Build/Products/Debug-iphoneos/HearifyV1.app

CpResource /Users/Veer/Library/Developer/Xcode/DerivedData/HearifyV1-ftljoypfezvlxcgouzbpmsmxzads/Build/Products/Debug-iphoneos/HearifyV1.app/PlateMale1.mp3 /Users/Veer/Library/Mobile\ Documents/com~apple~CloudDocs/HearifyV1/HearifyV1/Audio/Word\ Recognition/PlateMale1.mp3 (in target 'HearifyV1' from project 'HearifyV1')
    cd /Users/Veer/Library/Mobile\ Documents/com\~apple\~CloudDocs/HearifyV1
    builtin-copy -exclude .DS_Store -exclude CVS -exclude .svn -exclude .git -exclude .hg -resolve-src-symlinks /Users/Veer/Library/Mobile\ Documents/com\~apple\~CloudDocs/HearifyV1/HearifyV1/Audio/Word\ Recognition/PlateMale1.mp3 /Users/Veer/Library/Developer/Xcode/DerivedData/HearifyV1-ftljoypfezvlxcgouzbpmsmxzads/Build/Products/Debug-iphoneos/HearifyV1.app

CpResource /Users/Veer/Library/Developer/Xcode/DerivedData/HearifyV1-ftljoypfezvlxcgouzbpmsmxzads/Build/Products/Debug-iphoneos/HearifyV1.app/PlantMale1.mp3 /Users/Veer/Library/Mobile\ Documents/com~apple~CloudDocs/HearifyV1/HearifyV1/Audio/Word\ Recognition/PlantMale1.mp3 (in target 'HearifyV1' from project 'HearifyV1')
    cd /Users/Veer/Library/Mobile\ Documents/com\~apple\~CloudDocs/HearifyV1
    builtin-copy -exclude .DS_Store -exclude CVS -exclude .svn -exclude .git -exclude .hg -resolve-src-symlinks /Users/Veer/Library/Mobile\ Documents/com\~apple\~CloudDocs/HearifyV1/HearifyV1/Audio/Word\ Recognition/PlantMale1.mp3 /Users/Veer/Library/Developer/Xcode/DerivedData/HearifyV1-ftljoypfezvlxcgouzbpmsmxzads/Build/Products/Debug-iphoneos/HearifyV1.app

CpResource /Users/Veer/Library/Developer/Xcode/DerivedData/HearifyV1-ftljoypfezvlxcgouzbpmsmxzads/Build/Products/Debug-iphoneos/HearifyV1.app/PitMale1.mp3 /Users/Veer/Library/Mobile\ Documents/com~apple~CloudDocs/HearifyV1/HearifyV1/Audio/Vowels\ Folder/PitMale1.mp3 (in target 'HearifyV1' from project 'HearifyV1')
    cd /Users/Veer/Library/Mobile\ Documents/com\~apple\~CloudDocs/HearifyV1
    builtin-copy -exclude .DS_Store -exclude CVS -exclude .svn -exclude .git -exclude .hg -resolve-src-symlinks /Users/Veer/Library/Mobile\ Documents/com\~apple\~CloudDocs/HearifyV1/HearifyV1/Audio/Vowels\ Folder/PitMale1.mp3 /Users/Veer/Library/Developer/Xcode/DerivedData/HearifyV1-ftljoypfezvlxcgouzbpmsmxzads/Build/Products/Debug-iphoneos/HearifyV1.app

CpResource /Users/Veer/Library/Developer/Xcode/DerivedData/HearifyV1-ftljoypfezvlxcgouzbpmsmxzads/Build/Products/Debug-iphoneos/HearifyV1.app/PinkMale1.mp3 /Users/Veer/Library/Mobile\ Documents/com~apple~CloudDocs/HearifyV1/HearifyV1/Audio/Word\ Recognition/PinkMale1.mp3 (in target 'HearifyV1' from project 'HearifyV1')
    cd /Users/Veer/Library/Mobile\ Documents/com\~apple\~CloudDocs/HearifyV1
    builtin-copy -exclude .DS_Store -exclude CVS -exclude .svn -exclude .git -exclude .hg -resolve-src-symlinks /Users/Veer/Library/Mobile\ Documents/com\~apple\~CloudDocs/HearifyV1/HearifyV1/Audio/Word\ Recognition/PinkMale1.mp3 /Users/Veer/Library/Developer/Xcode/DerivedData/HearifyV1-ftljoypfezvlxcgouzbpmsmxzads/Build/Products/Debug-iphoneos/HearifyV1.app

CpResource /Users/Veer/Library/Developer/Xcode/DerivedData/HearifyV1-ftljoypfezvlxcgouzbpmsmxzads/Build/Products/Debug-iphoneos/HearifyV1.app/PinMale1.mp3 /Users/Veer/Library/Mobile\ Documents/com~apple~CloudDocs/HearifyV1/HearifyV1/Audio/Vowels\ Folder/PinMale1.mp3 (in target 'HearifyV1' from project 'HearifyV1')
    cd /Users/Veer/Library/Mobile\ Documents/com\~apple\~CloudDocs/HearifyV1
    builtin-copy -exclude .DS_Store -exclude CVS -exclude .svn -exclude .git -exclude .hg -resolve-src-symlinks /Users/Veer/Library/Mobile\ Documents/com\~apple\~CloudDocs/HearifyV1/HearifyV1/Audio/Vowels\ Folder/PinMale1.mp3 /Users/Veer/Library/Developer/Xcode/DerivedData/HearifyV1-ftljoypfezvlxcgouzbpmsmxzads/Build/Products/Debug-iphoneos/HearifyV1.app

CpResource /Users/Veer/Library/Developer/Xcode/DerivedData/HearifyV1-ftljoypfezvlxcgouzbpmsmxzads/Build/Products/Debug-iphoneos/HearifyV1.app/PigeonMale1.mp3 /Users/Veer/Library/Mobile\ Documents/com~apple~CloudDocs/HearifyV1/HearifyV1/Audio/PD\ Folder/PigeonMale1.mp3 (in target 'HearifyV1' from project 'HearifyV1')
    cd /Users/Veer/Library/Mobile\ Documents/com\~apple\~CloudDocs/HearifyV1
    builtin-copy -exclude .DS_Store -exclude CVS -exclude .svn -exclude .git -exclude .hg -resolve-src-symlinks /Users/Veer/Library/Mobile\ Documents/com\~apple\~CloudDocs/HearifyV1/HearifyV1/Audio/PD\ Folder/PigeonMale1.mp3 /Users/Veer/Library/Developer/Xcode/DerivedData/HearifyV1-ftljoypfezvlxcgouzbpmsmxzads/Build/Products/Debug-iphoneos/HearifyV1.app

CpResource /Users/Veer/Library/Developer/Xcode/DerivedData/HearifyV1-ftljoypfezvlxcgouzbpmsmxzads/Build/Products/Debug-iphoneos/HearifyV1.app/PieMale1.mp3 /Users/Veer/Library/Mobile\ Documents/com~apple~CloudDocs/HearifyV1/HearifyV1/Audio/CP\ Folder/PieMale1.mp3 (in target 'HearifyV1' from project 'HearifyV1')
    cd /Users/Veer/Library/Mobile\ Documents/com\~apple\~CloudDocs/HearifyV1
    builtin-copy -exclude .DS_Store -exclude CVS -exclude .svn -exclude .git -exclude .hg -resolve-src-symlinks /Users/Veer/Library/Mobile\ Documents/com\~apple\~CloudDocs/HearifyV1/HearifyV1/Audio/CP\ Folder/PieMale1.mp3 /Users/Veer/Library/Developer/Xcode/DerivedData/HearifyV1-ftljoypfezvlxcgouzbpmsmxzads/Build/Products/Debug-iphoneos/HearifyV1.app

CpResource /Users/Veer/Library/Developer/Xcode/DerivedData/HearifyV1-ftljoypfezvlxcgouzbpmsmxzads/Build/Products/Debug-iphoneos/HearifyV1.app/PickleMale1.mp3 /Users/Veer/Library/Mobile\ Documents/com~apple~CloudDocs/HearifyV1/HearifyV1/Audio/CM\ Folder/PickleMale1.mp3 (in target 'HearifyV1' from project 'HearifyV1')
    cd /Users/Veer/Library/Mobile\ Documents/com\~apple\~CloudDocs/HearifyV1
    builtin-copy -exclude .DS_Store -exclude CVS -exclude .svn -exclude .git -exclude .hg -resolve-src-symlinks /Users/Veer/Library/Mobile\ Documents/com\~apple\~CloudDocs/HearifyV1/HearifyV1/Audio/CM\ Folder/PickleMale1.mp3 /Users/Veer/Library/Developer/Xcode/DerivedData/HearifyV1-ftljoypfezvlxcgouzbpmsmxzads/Build/Products/Debug-iphoneos/HearifyV1.app

CpResource /Users/Veer/Library/Developer/Xcode/DerivedData/HearifyV1-ftljoypfezvlxcgouzbpmsmxzads/Build/Products/Debug-iphoneos/HearifyV1.app/PickMale1.mp3 /Users/Veer/Library/Mobile\ Documents/com~apple~CloudDocs/HearifyV1/HearifyV1/Audio/CP\ Folder/PickMale1.mp3 (in target 'HearifyV1' from project 'HearifyV1')
    cd /Users/Veer/Library/Mobile\ Documents/com\~apple\~CloudDocs/HearifyV1
    builtin-copy -exclude .DS_Store -exclude CVS -exclude .svn -exclude .git -exclude .hg -resolve-src-symlinks /Users/Veer/Library/Mobile\ Documents/com\~apple\~CloudDocs/HearifyV1/HearifyV1/Audio/CP\ Folder/PickMale1.mp3 /Users/Veer/Library/Developer/Xcode/DerivedData/HearifyV1-ftljoypfezvlxcgouzbpmsmxzads/Build/Products/Debug-iphoneos/HearifyV1.app

CpResource /Users/Veer/Library/Developer/Xcode/DerivedData/HearifyV1-ftljoypfezvlxcgouzbpmsmxzads/Build/Products/Debug-iphoneos/HearifyV1.app/PhoneMale1.mp3 /Users/Veer/Library/Mobile\ Documents/com~apple~CloudDocs/HearifyV1/HearifyV1/Audio/Vowels\ Folder/PhoneMale1.mp3 (in target 'HearifyV1' from project 'HearifyV1')
    cd /Users/Veer/Library/Mobile\ Documents/com\~apple\~CloudDocs/HearifyV1
    builtin-copy -exclude .DS_Store -exclude CVS -exclude .svn -exclude .git -exclude .hg -resolve-src-symlinks /Users/Veer/Library/Mobile\ Documents/com\~apple\~CloudDocs/HearifyV1/HearifyV1/Audio/Vowels\ Folder/PhoneMale1.mp3 /Users/Veer/Library/Developer/Xcode/DerivedData/HearifyV1-ftljoypfezvlxcgouzbpmsmxzads/Build/Products/Debug-iphoneos/HearifyV1.app

CpResource /Users/Veer/Library/Developer/Xcode/DerivedData/HearifyV1-ftljoypfezvlxcgouzbpmsmxzads/Build/Products/Debug-iphoneos/HearifyV1.app/PeteMale1.mp3 /Users/Veer/Library/Mobile\ Documents/com~apple~CloudDocs/HearifyV1/HearifyV1/Audio/Vowels\ Folder/PeteMale1.mp3 (in target 'HearifyV1' from project 'HearifyV1')
    cd /Users/Veer/Library/Mobile\ Documents/com\~apple\~CloudDocs/HearifyV1
    builtin-copy -exclude .DS_Store -exclude CVS -exclude .svn -exclude .git -exclude .hg -resolve-src-symlinks /Users/Veer/Library/Mobile\ Documents/com\~apple\~CloudDocs/HearifyV1/HearifyV1/Audio/Vowels\ Folder/PeteMale1.mp3 /Users/Veer/Library/Developer/Xcode/DerivedData/HearifyV1-ftljoypfezvlxcgouzbpmsmxzads/Build/Products/Debug-iphoneos/HearifyV1.app

CpResource /Users/Veer/Library/Developer/Xcode/DerivedData/HearifyV1-ftljoypfezvlxcgouzbpmsmxzads/Build/Products/Debug-iphoneos/HearifyV1.app/PenMale1.mp3 /Users/Veer/Library/Mobile\ Documents/com~apple~CloudDocs/HearifyV1/HearifyV1/Audio/Vowels\ Folder/PenMale1.mp3 (in target 'HearifyV1' from project 'HearifyV1')
    cd /Users/Veer/Library/Mobile\ Documents/com\~apple\~CloudDocs/HearifyV1
    builtin-copy -exclude .DS_Store -exclude CVS -exclude .svn -exclude .git -exclude .hg -resolve-src-symlinks /Users/Veer/Library/Mobile\ Documents/com\~apple\~CloudDocs/HearifyV1/HearifyV1/Audio/Vowels\ Folder/PenMale1.mp3 /Users/Veer/Library/Developer/Xcode/DerivedData/HearifyV1-ftljoypfezvlxcgouzbpmsmxzads/Build/Products/Debug-iphoneos/HearifyV1.app

CpResource /Users/Veer/Library/Developer/Xcode/DerivedData/HearifyV1-ftljoypfezvlxcgouzbpmsmxzads/Build/Products/Debug-iphoneos/HearifyV1.app/PeasMale1.mp3 /Users/Veer/Library/Mobile\ Documents/com~apple~CloudDocs/HearifyV1/HearifyV1/Audio/CM\ Folder/PeasMale1.mp3 (in target 'HearifyV1' from project 'HearifyV1')
    cd /Users/Veer/Library/Mobile\ Documents/com\~apple\~CloudDocs/HearifyV1
    builtin-copy -exclude .DS_Store -exclude CVS -exclude .svn -exclude .git -exclude .hg -resolve-src-symlinks /Users/Veer/Library/Mobile\ Documents/com\~apple\~CloudDocs/HearifyV1/HearifyV1/Audio/CM\ Folder/PeasMale1.mp3 /Users/Veer/Library/Developer/Xcode/DerivedData/HearifyV1-ftljoypfezvlxcgouzbpmsmxzads/Build/Products/Debug-iphoneos/HearifyV1.app

CpResource /Users/Veer/Library/Developer/Xcode/DerivedData/HearifyV1-ftljoypfezvlxcgouzbpmsmxzads/Build/Products/Debug-iphoneos/HearifyV1.app/PeachMale1.mp3 /Users/Veer/Library/Mobile\ Documents/com~apple~CloudDocs/HearifyV1/HearifyV1/Audio/Word\ Recognition/PeachMale1.mp3 (in target 'HearifyV1' from project 'HearifyV1')
    cd /Users/Veer/Library/Mobile\ Documents/com\~apple\~CloudDocs/HearifyV1
    builtin-copy -exclude .DS_Store -exclude CVS -exclude .svn -exclude .git -exclude .hg -resolve-src-symlinks /Users/Veer/Library/Mobile\ Documents/com\~apple\~CloudDocs/HearifyV1/HearifyV1/Audio/Word\ Recognition/PeachMale1.mp3 /Users/Veer/Library/Developer/Xcode/DerivedData/HearifyV1-ftljoypfezvlxcgouzbpmsmxzads/Build/Products/Debug-iphoneos/HearifyV1.app

CpResource /Users/Veer/Library/Developer/Xcode/DerivedData/HearifyV1-ftljoypfezvlxcgouzbpmsmxzads/Build/Products/Debug-iphoneos/HearifyV1.app/PaulMale1.mp3 /Users/Veer/Library/Mobile\ Documents/com~apple~CloudDocs/HearifyV1/HearifyV1/Audio/CP\ Folder/PaulMale1.mp3 (in target 'HearifyV1' from project 'HearifyV1')
    cd /Users/Veer/Library/Mobile\ Documents/com\~apple\~CloudDocs/HearifyV1
    builtin-copy -exclude .DS_Store -exclude CVS -exclude .svn -exclude .git -exclude .hg -resolve-src-symlinks /Users/Veer/Library/Mobile\ Documents/com\~apple\~CloudDocs/HearifyV1/HearifyV1/Audio/CP\ Folder/PaulMale1.mp3 /Users/Veer/Library/Developer/Xcode/DerivedData/HearifyV1-ftljoypfezvlxcgouzbpmsmxzads/Build/Products/Debug-iphoneos/HearifyV1.app

CpResource /Users/Veer/Library/Developer/Xcode/DerivedData/HearifyV1-ftljoypfezvlxcgouzbpmsmxzads/Build/Products/Debug-iphoneos/HearifyV1.app/PatMale1.mp3 /Users/Veer/Library/Mobile\ Documents/com~apple~CloudDocs/HearifyV1/HearifyV1/Audio/CV\ Data/PatMale1.mp3 (in target 'HearifyV1' from project 'HearifyV1')
    cd /Users/Veer/Library/Mobile\ Documents/com\~apple\~CloudDocs/HearifyV1
    builtin-copy -exclude .DS_Store -exclude CVS -exclude .svn -exclude .git -exclude .hg -resolve-src-symlinks /Users/Veer/Library/Mobile\ Documents/com\~apple\~CloudDocs/HearifyV1/HearifyV1/Audio/CV\ Data/PatMale1.mp3 /Users/Veer/Library/Developer/Xcode/DerivedData/HearifyV1-ftljoypfezvlxcgouzbpmsmxzads/Build/Products/Debug-iphoneos/HearifyV1.app

CpResource /Users/Veer/Library/Developer/Xcode/DerivedData/HearifyV1-ftljoypfezvlxcgouzbpmsmxzads/Build/Products/Debug-iphoneos/HearifyV1.app/PanMale1.mp3 /Users/Veer/Library/Mobile\ Documents/com~apple~CloudDocs/HearifyV1/HearifyV1/Audio/CM\ Folder/PanMale1.mp3 (in target 'HearifyV1' from project 'HearifyV1')
    cd /Users/Veer/Library/Mobile\ Documents/com\~apple\~CloudDocs/HearifyV1
    builtin-copy -exclude .DS_Store -exclude CVS -exclude .svn -exclude .git -exclude .hg -resolve-src-symlinks /Users/Veer/Library/Mobile\ Documents/com\~apple\~CloudDocs/HearifyV1/HearifyV1/Audio/CM\ Folder/PanMale1.mp3 /Users/Veer/Library/Developer/Xcode/DerivedData/HearifyV1-ftljoypfezvlxcgouzbpmsmxzads/Build/Products/Debug-iphoneos/HearifyV1.app

CpResource /Users/Veer/Library/Developer/Xcode/DerivedData/HearifyV1-ftljoypfezvlxcgouzbpmsmxzads/Build/Products/Debug-iphoneos/HearifyV1.app/PaintMale1.mp3 /Users/Veer/Library/Mobile\ Documents/com~apple~CloudDocs/HearifyV1/HearifyV1/Audio/Word\ Recognition/PaintMale1.mp3 (in target 'HearifyV1' from project 'HearifyV1')
    cd /Users/Veer/Library/Mobile\ Documents/com\~apple\~CloudDocs/HearifyV1
    builtin-copy -exclude .DS_Store -exclude CVS -exclude .svn -exclude .git -exclude .hg -resolve-src-symlinks /Users/Veer/Library/Mobile\ Documents/com\~apple\~CloudDocs/HearifyV1/HearifyV1/Audio/Word\ Recognition/PaintMale1.mp3 /Users/Veer/Library/Developer/Xcode/DerivedData/HearifyV1-ftljoypfezvlxcgouzbpmsmxzads/Build/Products/Debug-iphoneos/HearifyV1.app

CpResource /Users/Veer/Library/Developer/Xcode/DerivedData/HearifyV1-ftljoypfezvlxcgouzbpmsmxzads/Build/Products/Debug-iphoneos/HearifyV1.app/PailMale1.mp3 /Users/Veer/Library/Mobile\ Documents/com~apple~CloudDocs/HearifyV1/HearifyV1/Audio/CP\ Folder/PailMale1.mp3 (in target 'HearifyV1' from project 'HearifyV1')
    cd /Users/Veer/Library/Mobile\ Documents/com\~apple\~CloudDocs/HearifyV1
    builtin-copy -exclude .DS_Store -exclude CVS -exclude .svn -exclude .git -exclude .hg -resolve-src-symlinks /Users/Veer/Library/Mobile\ Documents/com\~apple\~CloudDocs/HearifyV1/HearifyV1/Audio/CP\ Folder/PailMale1.mp3 /Users/Veer/Library/Developer/Xcode/DerivedData/HearifyV1-ftljoypfezvlxcgouzbpmsmxzads/Build/Products/Debug-iphoneos/HearifyV1.app

CpResource /Users/Veer/Library/Developer/Xcode/DerivedData/HearifyV1-ftljoypfezvlxcgouzbpmsmxzads/Build/Products/Debug-iphoneos/HearifyV1.app/PageMale1.mp3 /Users/Veer/Library/Mobile\ Documents/com~apple~CloudDocs/HearifyV1/HearifyV1/Audio/CP\ Folder/PageMale1.mp3 (in target 'HearifyV1' from project 'HearifyV1')
    cd /Users/Veer/Library/Mobile\ Documents/com\~apple\~CloudDocs/HearifyV1
    builtin-copy -exclude .DS_Store -exclude CVS -exclude .svn -exclude .git -exclude .hg -resolve-src-symlinks /Users/Veer/Library/Mobile\ Documents/com\~apple\~CloudDocs/HearifyV1/HearifyV1/Audio/CP\ Folder/PageMale1.mp3 /Users/Veer/Library/Developer/Xcode/DerivedData/HearifyV1-ftljoypfezvlxcgouzbpmsmxzads/Build/Products/Debug-iphoneos/HearifyV1.app

CpResource /Users/Veer/Library/Developer/Xcode/DerivedData/HearifyV1-ftljoypfezvlxcgouzbpmsmxzads/Build/Products/Debug-iphoneos/HearifyV1.app/PadMale3.mp3 /Users/Veer/Library/Mobile\ Documents/com~apple~CloudDocs/HearifyV1/HearifyV1/Audio/FC\ Folder/PadMale3.mp3 (in target 'HearifyV1' from project 'HearifyV1')
    cd /Users/Veer/Library/Mobile\ Documents/com\~apple\~CloudDocs/HearifyV1
    builtin-copy -exclude .DS_Store -exclude CVS -exclude .svn -exclude .git -exclude .hg -resolve-src-symlinks /Users/Veer/Library/Mobile\ Documents/com\~apple\~CloudDocs/HearifyV1/HearifyV1/Audio/FC\ Folder/PadMale3.mp3 /Users/Veer/Library/Developer/Xcode/DerivedData/HearifyV1-ftljoypfezvlxcgouzbpmsmxzads/Build/Products/Debug-iphoneos/HearifyV1.app

CpResource /Users/Veer/Library/Developer/Xcode/DerivedData/HearifyV1-ftljoypfezvlxcgouzbpmsmxzads/Build/Products/Debug-iphoneos/HearifyV1.app/PadMale2.mp3 /Users/Veer/Library/Mobile\ Documents/com~apple~CloudDocs/HearifyV1/HearifyV1/Audio/FC\ Folder/PadMale2.mp3 (in target 'HearifyV1' from project 'HearifyV1')
    cd /Users/Veer/Library/Mobile\ Documents/com\~apple\~CloudDocs/HearifyV1
    builtin-copy -exclude .DS_Store -exclude CVS -exclude .svn -exclude .git -exclude .hg -resolve-src-symlinks /Users/Veer/Library/Mobile\ Documents/com\~apple\~CloudDocs/HearifyV1/HearifyV1/Audio/FC\ Folder/PadMale2.mp3 /Users/Veer/Library/Developer/Xcode/DerivedData/HearifyV1-ftljoypfezvlxcgouzbpmsmxzads/Build/Products/Debug-iphoneos/HearifyV1.app

CpResource /Users/Veer/Library/Developer/Xcode/DerivedData/HearifyV1-ftljoypfezvlxcgouzbpmsmxzads/Build/Products/Debug-iphoneos/HearifyV1.app/PadMale1.mp3 /Users/Veer/Library/Mobile\ Documents/com~apple~CloudDocs/HearifyV1/HearifyV1/Audio/FC\ Folder/PadMale1.mp3 (in target 'HearifyV1' from project 'HearifyV1')
    cd /Users/Veer/Library/Mobile\ Documents/com\~apple\~CloudDocs/HearifyV1
    builtin-copy -exclude .DS_Store -exclude CVS -exclude .svn -exclude .git -exclude .hg -resolve-src-symlinks /Users/Veer/Library/Mobile\ Documents/com\~apple\~CloudDocs/HearifyV1/HearifyV1/Audio/FC\ Folder/PadMale1.mp3 /Users/Veer/Library/Developer/Xcode/DerivedData/HearifyV1-ftljoypfezvlxcgouzbpmsmxzads/Build/Products/Debug-iphoneos/HearifyV1.app

CpResource /Users/Veer/Library/Developer/Xcode/DerivedData/HearifyV1-ftljoypfezvlxcgouzbpmsmxzads/Build/Products/Debug-iphoneos/HearifyV1.app/PadFemale3.mp3 /Users/Veer/Library/Mobile\ Documents/com~apple~CloudDocs/HearifyV1/HearifyV1/Audio/FC\ Folder/PadFemale3.mp3 (in target 'HearifyV1' from project 'HearifyV1')
    cd /Users/Veer/Library/Mobile\ Documents/com\~apple\~CloudDocs/HearifyV1
    builtin-copy -exclude .DS_Store -exclude CVS -exclude .svn -exclude .git -exclude .hg -resolve-src-symlinks /Users/Veer/Library/Mobile\ Documents/com\~apple\~CloudDocs/HearifyV1/HearifyV1/Audio/FC\ Folder/PadFemale3.mp3 /Users/Veer/Library/Developer/Xcode/DerivedData/HearifyV1-ftljoypfezvlxcgouzbpmsmxzads/Build/Products/Debug-iphoneos/HearifyV1.app

CpResource /Users/Veer/Library/Developer/Xcode/DerivedData/HearifyV1-ftljoypfezvlxcgouzbpmsmxzads/Build/Products/Debug-iphoneos/HearifyV1.app/PadFemale2.mp3 /Users/Veer/Library/Mobile\ Documents/com~apple~CloudDocs/HearifyV1/HearifyV1/Audio/FC\ Folder/PadFemale2.mp3 (in target 'HearifyV1' from project 'HearifyV1')
    cd /Users/Veer/Library/Mobile\ Documents/com\~apple\~CloudDocs/HearifyV1
    builtin-copy -exclude .DS_Store -exclude CVS -exclude .svn -exclude .git -exclude .hg -resolve-src-symlinks /Users/Veer/Library/Mobile\ Documents/com\~apple\~CloudDocs/HearifyV1/HearifyV1/Audio/FC\ Folder/PadFemale2.mp3 /Users/Veer/Library/Developer/Xcode/DerivedData/HearifyV1-ftljoypfezvlxcgouzbpmsmxzads/Build/Products/Debug-iphoneos/HearifyV1.app

CpResource /Users/Veer/Library/Developer/Xcode/DerivedData/HearifyV1-ftljoypfezvlxcgouzbpmsmxzads/Build/Products/Debug-iphoneos/HearifyV1.app/PadFemale1.mp3 /Users/Veer/Library/Mobile\ Documents/com~apple~CloudDocs/HearifyV1/HearifyV1/Audio/FC\ Folder/PadFemale1.mp3 (in target 'HearifyV1' from project 'HearifyV1')
    cd /Users/Veer/Library/Mobile\ Documents/com\~apple\~CloudDocs/HearifyV1
    builtin-copy -exclude .DS_Store -exclude CVS -exclude .svn -exclude .git -exclude .hg -resolve-src-symlinks /Users/Veer/Library/Mobile\ Documents/com\~apple\~CloudDocs/HearifyV1/HearifyV1/Audio/FC\ Folder/PadFemale1.mp3 /Users/Veer/Library/Developer/Xcode/DerivedData/HearifyV1-ftljoypfezvlxcgouzbpmsmxzads/Build/Products/Debug-iphoneos/HearifyV1.app

CpResource /Users/Veer/Library/Developer/Xcode/DerivedData/HearifyV1-ftljoypfezvlxcgouzbpmsmxzads/Build/Products/Debug-iphoneos/HearifyV1.app/PackMale3.mp3 /Users/Veer/Library/Mobile\ Documents/com~apple~CloudDocs/HearifyV1/HearifyV1/Audio/FC\ Folder/PackMale3.mp3 (in target 'HearifyV1' from project 'HearifyV1')
    cd /Users/Veer/Library/Mobile\ Documents/com\~apple\~CloudDocs/HearifyV1
    builtin-copy -exclude .DS_Store -exclude CVS -exclude .svn -exclude .git -exclude .hg -resolve-src-symlinks /Users/Veer/Library/Mobile\ Documents/com\~apple\~CloudDocs/HearifyV1/HearifyV1/Audio/FC\ Folder/PackMale3.mp3 /Users/Veer/Library/Developer/Xcode/DerivedData/HearifyV1-ftljoypfezvlxcgouzbpmsmxzads/Build/Products/Debug-iphoneos/HearifyV1.app

CpResource /Users/Veer/Library/Developer/Xcode/DerivedData/HearifyV1-ftljoypfezvlxcgouzbpmsmxzads/Build/Products/Debug-iphoneos/HearifyV1.app/PackMale2.mp3 /Users/Veer/Library/Mobile\ Documents/com~apple~CloudDocs/HearifyV1/HearifyV1/Audio/FC\ Folder/PackMale2.mp3 (in target 'HearifyV1' from project 'HearifyV1')
    cd /Users/Veer/Library/Mobile\ Documents/com\~apple\~CloudDocs/HearifyV1
    builtin-copy -exclude .DS_Store -exclude CVS -exclude .svn -exclude .git -exclude .hg -resolve-src-symlinks /Users/Veer/Library/Mobile\ Documents/com\~apple\~CloudDocs/HearifyV1/HearifyV1/Audio/FC\ Folder/PackMale2.mp3 /Users/Veer/Library/Developer/Xcode/DerivedData/HearifyV1-ftljoypfezvlxcgouzbpmsmxzads/Build/Products/Debug-iphoneos/HearifyV1.app

CpResource /Users/Veer/Library/Developer/Xcode/DerivedData/HearifyV1-ftljoypfezvlxcgouzbpmsmxzads/Build/Products/Debug-iphoneos/HearifyV1.app/PackMale1.mp3 /Users/Veer/Library/Mobile\ Documents/com~apple~CloudDocs/HearifyV1/HearifyV1/Audio/FC\ Folder/PackMale1.mp3 (in target 'HearifyV1' from project 'HearifyV1')
    cd /Users/Veer/Library/Mobile\ Documents/com\~apple\~CloudDocs/HearifyV1
    builtin-copy -exclude .DS_Store -exclude CVS -exclude .svn -exclude .git -exclude .hg -resolve-src-symlinks /Users/Veer/Library/Mobile\ Documents/com\~apple\~CloudDocs/HearifyV1/HearifyV1/Audio/FC\ Folder/PackMale1.mp3 /Users/Veer/Library/Developer/Xcode/DerivedData/HearifyV1-ftljoypfezvlxcgouzbpmsmxzads/Build/Products/Debug-iphoneos/HearifyV1.app

CpResource /Users/Veer/Library/Developer/Xcode/DerivedData/HearifyV1-ftljoypfezvlxcgouzbpmsmxzads/Build/Products/Debug-iphoneos/HearifyV1.app/PackFemale3.mp3 /Users/Veer/Library/Mobile\ Documents/com~apple~CloudDocs/HearifyV1/HearifyV1/Audio/FC\ Folder/PackFemale3.mp3 (in target 'HearifyV1' from project 'HearifyV1')
    cd /Users/Veer/Library/Mobile\ Documents/com\~apple\~CloudDocs/HearifyV1
    builtin-copy -exclude .DS_Store -exclude CVS -exclude .svn -exclude .git -exclude .hg -resolve-src-symlinks /Users/Veer/Library/Mobile\ Documents/com\~apple\~CloudDocs/HearifyV1/HearifyV1/Audio/FC\ Folder/PackFemale3.mp3 /Users/Veer/Library/Developer/Xcode/DerivedData/HearifyV1-ftljoypfezvlxcgouzbpmsmxzads/Build/Products/Debug-iphoneos/HearifyV1.app

CpResource /Users/Veer/Library/Developer/Xcode/DerivedData/HearifyV1-ftljoypfezvlxcgouzbpmsmxzads/Build/Products/Debug-iphoneos/HearifyV1.app/PackFemale2.mp3 /Users/Veer/Library/Mobile\ Documents/com~apple~CloudDocs/HearifyV1/HearifyV1/Audio/FC\ Folder/PackFemale2.mp3 (in target 'HearifyV1' from project 'HearifyV1')
    cd /Users/Veer/Library/Mobile\ Documents/com\~apple\~CloudDocs/HearifyV1
    builtin-copy -exclude .DS_Store -exclude CVS -exclude .svn -exclude .git -exclude .hg -resolve-src-symlinks /Users/Veer/Library/Mobile\ Documents/com\~apple\~CloudDocs/HearifyV1/HearifyV1/Audio/FC\ Folder/PackFemale2.mp3 /Users/Veer/Library/Developer/Xcode/DerivedData/HearifyV1-ftljoypfezvlxcgouzbpmsmxzads/Build/Products/Debug-iphoneos/HearifyV1.app

CpResource /Users/Veer/Library/Developer/Xcode/DerivedData/HearifyV1-ftljoypfezvlxcgouzbpmsmxzads/Build/Products/Debug-iphoneos/HearifyV1.app/PackFemale1.mp3 /Users/Veer/Library/Mobile\ Documents/com~apple~CloudDocs/HearifyV1/HearifyV1/Audio/FC\ Folder/PackFemale1.mp3 (in target 'HearifyV1' from project 'HearifyV1')
    cd /Users/Veer/Library/Mobile\ Documents/com\~apple\~CloudDocs/HearifyV1
    builtin-copy -exclude .DS_Store -exclude CVS -exclude .svn -exclude .git -exclude .hg -resolve-src-symlinks /Users/Veer/Library/Mobile\ Documents/com\~apple\~CloudDocs/HearifyV1/HearifyV1/Audio/FC\ Folder/PackFemale1.mp3 /Users/Veer/Library/Developer/Xcode/DerivedData/HearifyV1-ftljoypfezvlxcgouzbpmsmxzads/Build/Products/Debug-iphoneos/HearifyV1.app

CpResource /Users/Veer/Library/Developer/Xcode/DerivedData/HearifyV1-ftljoypfezvlxcgouzbpmsmxzads/Build/Products/Debug-iphoneos/HearifyV1.app/PDData.csv /Users/Veer/Library/Mobile\ Documents/com~apple~CloudDocs/HearifyV1/HearifyV1/PDData.csv (in target 'HearifyV1' from project 'HearifyV1')
    cd /Users/Veer/Library/Mobile\ Documents/com\~apple\~CloudDocs/HearifyV1
    builtin-copy -exclude .DS_Store -exclude CVS -exclude .svn -exclude .git -exclude .hg -resolve-src-symlinks /Users/Veer/Library/Mobile\ Documents/com\~apple\~CloudDocs/HearifyV1/HearifyV1/PDData.csv /Users/Veer/Library/Developer/Xcode/DerivedData/HearifyV1-ftljoypfezvlxcgouzbpmsmxzads/Build/Products/Debug-iphoneos/HearifyV1.app

CpResource /Users/Veer/Library/Developer/Xcode/DerivedData/HearifyV1-ftljoypfezvlxcgouzbpmsmxzads/Build/Products/Debug-iphoneos/HearifyV1.app/PDData\ 2.csv /Users/Veer/Library/Mobile\ Documents/com~apple~CloudDocs/HearifyV1/HearifyV1/PDData\ 2.csv (in target 'HearifyV1' from project 'HearifyV1')
    cd /Users/Veer/Library/Mobile\ Documents/com\~apple\~CloudDocs/HearifyV1
    builtin-copy -exclude .DS_Store -exclude CVS -exclude .svn -exclude .git -exclude .hg -resolve-src-symlinks /Users/Veer/Library/Mobile\ Documents/com\~apple\~CloudDocs/HearifyV1/HearifyV1/PDData\ 2.csv /Users/Veer/Library/Developer/Xcode/DerivedData/HearifyV1-ftljoypfezvlxcgouzbpmsmxzads/Build/Products/Debug-iphoneos/HearifyV1.app

CpResource /Users/Veer/Library/Developer/Xcode/DerivedData/HearifyV1-ftljoypfezvlxcgouzbpmsmxzads/Build/Products/Debug-iphoneos/HearifyV1.app/OneMale1.mp3 /Users/Veer/Library/Mobile\ Documents/com~apple~CloudDocs/HearifyV1/HearifyV1/Audio/CM\ Folder/OneMale1.mp3 (in target 'HearifyV1' from project 'HearifyV1')
    cd /Users/Veer/Library/Mobile\ Documents/com\~apple\~CloudDocs/HearifyV1
    builtin-copy -exclude .DS_Store -exclude CVS -exclude .svn -exclude .git -exclude .hg -resolve-src-symlinks /Users/Veer/Library/Mobile\ Documents/com\~apple\~CloudDocs/HearifyV1/HearifyV1/Audio/CM\ Folder/OneMale1.mp3 /Users/Veer/Library/Developer/Xcode/DerivedData/HearifyV1-ftljoypfezvlxcgouzbpmsmxzads/Build/Products/Debug-iphoneos/HearifyV1.app

CpResource /Users/Veer/Library/Developer/Xcode/DerivedData/HearifyV1-ftljoypfezvlxcgouzbpmsmxzads/Build/Products/Debug-iphoneos/HearifyV1.app/NoteMale1.mp3 /Users/Veer/Library/Mobile\ Documents/com~apple~CloudDocs/HearifyV1/HearifyV1/Audio/CP\ Folder/NoteMale1.mp3 (in target 'HearifyV1' from project 'HearifyV1')
    cd /Users/Veer/Library/Mobile\ Documents/com\~apple\~CloudDocs/HearifyV1
    builtin-copy -exclude .DS_Store -exclude CVS -exclude .svn -exclude .git -exclude .hg -resolve-src-symlinks /Users/Veer/Library/Mobile\ Documents/com\~apple\~CloudDocs/HearifyV1/HearifyV1/Audio/CP\ Folder/NoteMale1.mp3 /Users/Veer/Library/Developer/Xcode/DerivedData/HearifyV1-ftljoypfezvlxcgouzbpmsmxzads/Build/Products/Debug-iphoneos/HearifyV1.app

CpResource /Users/Veer/Library/Developer/Xcode/DerivedData/HearifyV1-ftljoypfezvlxcgouzbpmsmxzads/Build/Products/Debug-iphoneos/HearifyV1.app/NoseMale1.mp3 /Users/Veer/Library/Mobile\ Documents/com~apple~CloudDocs/HearifyV1/HearifyV1/Audio/CM\ Folder/NoseMale1.mp3 (in target 'HearifyV1' from project 'HearifyV1')
    cd /Users/Veer/Library/Mobile\ Documents/com\~apple\~CloudDocs/HearifyV1
    builtin-copy -exclude .DS_Store -exclude CVS -exclude .svn -exclude .git -exclude .hg -resolve-src-symlinks /Users/Veer/Library/Mobile\ Documents/com\~apple\~CloudDocs/HearifyV1/HearifyV1/Audio/CM\ Folder/NoseMale1.mp3 /Users/Veer/Library/Developer/Xcode/DerivedData/HearifyV1-ftljoypfezvlxcgouzbpmsmxzads/Build/Products/Debug-iphoneos/HearifyV1.app

CpResource /Users/Veer/Library/Developer/Xcode/DerivedData/HearifyV1-ftljoypfezvlxcgouzbpmsmxzads/Build/Products/Debug-iphoneos/HearifyV1.app/NoonMale1.mp3 /Users/Veer/Library/Mobile\ Documents/com~apple~CloudDocs/HearifyV1/HearifyV1/Audio/CP\ Folder/NoonMale1.mp3 (in target 'HearifyV1' from project 'HearifyV1')
    cd /Users/Veer/Library/Mobile\ Documents/com\~apple\~CloudDocs/HearifyV1
    builtin-copy -exclude .DS_Store -exclude CVS -exclude .svn -exclude .git -exclude .hg -resolve-src-symlinks /Users/Veer/Library/Mobile\ Documents/com\~apple\~CloudDocs/HearifyV1/HearifyV1/Audio/CP\ Folder/NoonMale1.mp3 /Users/Veer/Library/Developer/Xcode/DerivedData/HearifyV1-ftljoypfezvlxcgouzbpmsmxzads/Build/Products/Debug-iphoneos/HearifyV1.app

CpResource /Users/Veer/Library/Developer/Xcode/DerivedData/HearifyV1-ftljoypfezvlxcgouzbpmsmxzads/Build/Products/Debug-iphoneos/HearifyV1.app/NoMale1.mp3 /Users/Veer/Library/Mobile\ Documents/com~apple~CloudDocs/HearifyV1/HearifyV1/Audio/Vowels\ Folder/NoMale1.mp3 (in target 'HearifyV1' from project 'HearifyV1')
    cd /Users/Veer/Library/Mobile\ Documents/com\~apple\~CloudDocs/HearifyV1
    builtin-copy -exclude .DS_Store -exclude CVS -exclude .svn -exclude .git -exclude .hg -resolve-src-symlinks /Users/Veer/Library/Mobile\ Documents/com\~apple\~CloudDocs/HearifyV1/HearifyV1/Audio/Vowels\ Folder/NoMale1.mp3 /Users/Veer/Library/Developer/Xcode/DerivedData/HearifyV1-ftljoypfezvlxcgouzbpmsmxzads/Build/Products/Debug-iphoneos/HearifyV1.app

CpResource /Users/Veer/Library/Developer/Xcode/DerivedData/HearifyV1-ftljoypfezvlxcgouzbpmsmxzads/Build/Products/Debug-iphoneos/HearifyV1.app/NipMale1.mp3 /Users/Veer/Library/Mobile\ Documents/com~apple~CloudDocs/HearifyV1/HearifyV1/Audio/CM\ Folder/NipMale1.mp3 (in target 'HearifyV1' from project 'HearifyV1')
    cd /Users/Veer/Library/Mobile\ Documents/com\~apple\~CloudDocs/HearifyV1
    builtin-copy -exclude .DS_Store -exclude CVS -exclude .svn -exclude .git -exclude .hg -resolve-src-symlinks /Users/Veer/Library/Mobile\ Documents/com\~apple\~CloudDocs/HearifyV1/HearifyV1/Audio/CM\ Folder/NipMale1.mp3 /Users/Veer/Library/Developer/Xcode/DerivedData/HearifyV1-ftljoypfezvlxcgouzbpmsmxzads/Build/Products/Debug-iphoneos/HearifyV1.app

CpResource /Users/Veer/Library/Developer/Xcode/DerivedData/HearifyV1-ftljoypfezvlxcgouzbpmsmxzads/Build/Products/Debug-iphoneos/HearifyV1.app/NineMale1.mp3 /Users/Veer/Library/Mobile\ Documents/com~apple~CloudDocs/HearifyV1/HearifyV1/Audio/CP\ Folder/NineMale1.mp3 (in target 'HearifyV1' from project 'HearifyV1')
    cd /Users/Veer/Library/Mobile\ Documents/com\~apple\~CloudDocs/HearifyV1
    builtin-copy -exclude .DS_Store -exclude CVS -exclude .svn -exclude .git -exclude .hg -resolve-src-symlinks /Users/Veer/Library/Mobile\ Documents/com\~apple\~CloudDocs/HearifyV1/HearifyV1/Audio/CP\ Folder/NineMale1.mp3 /Users/Veer/Library/Developer/Xcode/DerivedData/HearifyV1-ftljoypfezvlxcgouzbpmsmxzads/Build/Products/Debug-iphoneos/HearifyV1.app

CpResource /Users/Veer/Library/Developer/Xcode/DerivedData/HearifyV1-ftljoypfezvlxcgouzbpmsmxzads/Build/Products/Debug-iphoneos/HearifyV1.app/NightMale1.mp3 /Users/Veer/Library/Mobile\ Documents/com~apple~CloudDocs/HearifyV1/HearifyV1/Audio/CM\ Folder/NightMale1.mp3 (in target 'HearifyV1' from project 'HearifyV1')
    cd /Users/Veer/Library/Mobile\ Documents/com\~apple\~CloudDocs/HearifyV1
    builtin-copy -exclude .DS_Store -exclude CVS -exclude .svn -exclude .git -exclude .hg -resolve-src-symlinks /Users/Veer/Library/Mobile\ Documents/com\~apple\~CloudDocs/HearifyV1/HearifyV1/Audio/CM\ Folder/NightMale1.mp3 /Users/Veer/Library/Developer/Xcode/DerivedData/HearifyV1-ftljoypfezvlxcgouzbpmsmxzads/Build/Products/Debug-iphoneos/HearifyV1.app

CpResource /Users/Veer/Library/Developer/Xcode/DerivedData/HearifyV1-ftljoypfezvlxcgouzbpmsmxzads/Build/Products/Debug-iphoneos/HearifyV1.app/NickelMale1.mp3 /Users/Veer/Library/Mobile\ Documents/com~apple~CloudDocs/HearifyV1/HearifyV1/Audio/CM\ Folder/NickelMale1.mp3 (in target 'HearifyV1' from project 'HearifyV1')
    cd /Users/Veer/Library/Mobile\ Documents/com\~apple\~CloudDocs/HearifyV1
    builtin-copy -exclude .DS_Store -exclude CVS -exclude .svn -exclude .git -exclude .hg -resolve-src-symlinks /Users/Veer/Library/Mobile\ Documents/com\~apple\~CloudDocs/HearifyV1/HearifyV1/Audio/CM\ Folder/NickelMale1.mp3 /Users/Veer/Library/Developer/Xcode/DerivedData/HearifyV1-ftljoypfezvlxcgouzbpmsmxzads/Build/Products/Debug-iphoneos/HearifyV1.app

CpResource /Users/Veer/Library/Developer/Xcode/DerivedData/HearifyV1-ftljoypfezvlxcgouzbpmsmxzads/Build/Products/Debug-iphoneos/HearifyV1.app/NickMale1.mp3 /Users/Veer/Library/Mobile\ Documents/com~apple~CloudDocs/HearifyV1/HearifyV1/Audio/Vowels\ Folder/NickMale1.mp3 (in target 'HearifyV1' from project 'HearifyV1')
    cd /Users/Veer/Library/Mobile\ Documents/com\~apple\~CloudDocs/HearifyV1
    builtin-copy -exclude .DS_Store -exclude CVS -exclude .svn -exclude .git -exclude .hg -resolve-src-symlinks /Users/Veer/Library/Mobile\ Documents/com\~apple\~CloudDocs/HearifyV1/HearifyV1/Audio/Vowels\ Folder/NickMale1.mp3 /Users/Veer/Library/Developer/Xcode/DerivedData/HearifyV1-ftljoypfezvlxcgouzbpmsmxzads/Build/Products/Debug-iphoneos/HearifyV1.app

CpResource /Users/Veer/Library/Developer/Xcode/DerivedData/HearifyV1-ftljoypfezvlxcgouzbpmsmxzads/Build/Products/Debug-iphoneos/HearifyV1.app/NestMale1.mp3 /Users/Veer/Library/Mobile\ Documents/com~apple~CloudDocs/HearifyV1/HearifyV1/Audio/Word\ Recognition/NestMale1.mp3 (in target 'HearifyV1' from project 'HearifyV1')
    cd /Users/Veer/Library/Mobile\ Documents/com\~apple\~CloudDocs/HearifyV1
    builtin-copy -exclude .DS_Store -exclude CVS -exclude .svn -exclude .git -exclude .hg -resolve-src-symlinks /Users/Veer/Library/Mobile\ Documents/com\~apple\~CloudDocs/HearifyV1/HearifyV1/Audio/Word\ Recognition/NestMale1.mp3 /Users/Veer/Library/Developer/Xcode/DerivedData/HearifyV1-ftljoypfezvlxcgouzbpmsmxzads/Build/Products/Debug-iphoneos/HearifyV1.app

CpResource /Users/Veer/Library/Developer/Xcode/DerivedData/HearifyV1-ftljoypfezvlxcgouzbpmsmxzads/Build/Products/Debug-iphoneos/HearifyV1.app/NedMale1.mp3 /Users/Veer/Library/Mobile\ Documents/com~apple~CloudDocs/HearifyV1/HearifyV1/Audio/CM\ Folder/NedMale1.mp3 (in target 'HearifyV1' from project 'HearifyV1')
    cd /Users/Veer/Library/Mobile\ Documents/com\~apple\~CloudDocs/HearifyV1
    builtin-copy -exclude .DS_Store -exclude CVS -exclude .svn -exclude .git -exclude .hg -resolve-src-symlinks /Users/Veer/Library/Mobile\ Documents/com\~apple\~CloudDocs/HearifyV1/HearifyV1/Audio/CM\ Folder/NedMale1.mp3 /Users/Veer/Library/Developer/Xcode/DerivedData/HearifyV1-ftljoypfezvlxcgouzbpmsmxzads/Build/Products/Debug-iphoneos/HearifyV1.app

CpResource /Users/Veer/Library/Developer/Xcode/DerivedData/HearifyV1-ftljoypfezvlxcgouzbpmsmxzads/Build/Products/Debug-iphoneos/HearifyV1.app/NeckMale1.mp3 /Users/Veer/Library/Mobile\ Documents/com~apple~CloudDocs/HearifyV1/HearifyV1/Audio/Vowels\ Folder/NeckMale1.mp3 (in target 'HearifyV1' from project 'HearifyV1')
    cd /Users/Veer/Library/Mobile\ Documents/com\~apple\~CloudDocs/HearifyV1
    builtin-copy -exclude .DS_Store -exclude CVS -exclude .svn -exclude .git -exclude .hg -resolve-src-symlinks /Users/Veer/Library/Mobile\ Documents/com\~apple\~CloudDocs/HearifyV1/HearifyV1/Audio/Vowels\ Folder/NeckMale1.mp3 /Users/Veer/Library/Developer/Xcode/DerivedData/HearifyV1-ftljoypfezvlxcgouzbpmsmxzads/Build/Products/Debug-iphoneos/HearifyV1.app

CpResource /Users/Veer/Library/Developer/Xcode/DerivedData/HearifyV1-ftljoypfezvlxcgouzbpmsmxzads/Build/Products/Debug-iphoneos/HearifyV1.app/NapMale1.mp3 /Users/Veer/Library/Mobile\ Documents/com~apple~CloudDocs/HearifyV1/HearifyV1/Audio/CP\ Folder/NapMale1.mp3 (in target 'HearifyV1' from project 'HearifyV1')
    cd /Users/Veer/Library/Mobile\ Documents/com\~apple\~CloudDocs/HearifyV1
    builtin-copy -exclude .DS_Store -exclude CVS -exclude .svn -exclude .git -exclude .hg -resolve-src-symlinks /Users/Veer/Library/Mobile\ Documents/com\~apple\~CloudDocs/HearifyV1/HearifyV1/Audio/CP\ Folder/NapMale1.mp3 /Users/Veer/Library/Developer/Xcode/DerivedData/HearifyV1-ftljoypfezvlxcgouzbpmsmxzads/Build/Products/Debug-iphoneos/HearifyV1.app

CpResource /Users/Veer/Library/Developer/Xcode/DerivedData/HearifyV1-ftljoypfezvlxcgouzbpmsmxzads/Build/Products/Debug-iphoneos/HearifyV1.app/NailMale1.mp3 /Users/Veer/Library/Mobile\ Documents/com~apple~CloudDocs/HearifyV1/HearifyV1/Audio/CM\ Folder/NailMale1.mp3 (in target 'HearifyV1' from project 'HearifyV1')
    cd /Users/Veer/Library/Mobile\ Documents/com\~apple\~CloudDocs/HearifyV1
    builtin-copy -exclude .DS_Store -exclude CVS -exclude .svn -exclude .git -exclude .hg -resolve-src-symlinks /Users/Veer/Library/Mobile\ Documents/com\~apple\~CloudDocs/HearifyV1/HearifyV1/Audio/CM\ Folder/NailMale1.mp3 /Users/Veer/Library/Developer/Xcode/DerivedData/HearifyV1-ftljoypfezvlxcgouzbpmsmxzads/Build/Products/Debug-iphoneos/HearifyV1.app

CpResource /Users/Veer/Library/Developer/Xcode/DerivedData/HearifyV1-ftljoypfezvlxcgouzbpmsmxzads/Build/Products/Debug-iphoneos/HearifyV1.app/My\ alarm\ clock\ rings\ every\ morning\ at\ sixMale1.mp3 /Users/Veer/Library/Mobile\ Documents/com~apple~CloudDocs/HearifyV1/HearifyV1/Audio/Sentences/My\ alarm\ clock\ rings\ every\ morning\ at\ sixMale1.mp3 (in target 'HearifyV1' from project 'HearifyV1')
    cd /Users/Veer/Library/Mobile\ Documents/com\~apple\~CloudDocs/HearifyV1
    builtin-copy -exclude .DS_Store -exclude CVS -exclude .svn -exclude .git -exclude .hg -resolve-src-symlinks /Users/Veer/Library/Mobile\ Documents/com\~apple\~CloudDocs/HearifyV1/HearifyV1/Audio/Sentences/My\ alarm\ clock\ rings\ every\ morning\ at\ sixMale1.mp3 /Users/Veer/Library/Developer/Xcode/DerivedData/HearifyV1-ftljoypfezvlxcgouzbpmsmxzads/Build/Products/Debug-iphoneos/HearifyV1.app

CpResource /Users/Veer/Library/Developer/Xcode/DerivedData/HearifyV1-ftljoypfezvlxcgouzbpmsmxzads/Build/Products/Debug-iphoneos/HearifyV1.app/MumMale1.mp3 /Users/Veer/Library/Mobile\ Documents/com~apple~CloudDocs/HearifyV1/HearifyV1/Audio/CM\ Folder/MumMale1.mp3 (in target 'HearifyV1' from project 'HearifyV1')
    cd /Users/Veer/Library/Mobile\ Documents/com\~apple\~CloudDocs/HearifyV1
    builtin-copy -exclude .DS_Store -exclude CVS -exclude .svn -exclude .git -exclude .hg -resolve-src-symlinks /Users/Veer/Library/Mobile\ Documents/com\~apple\~CloudDocs/HearifyV1/HearifyV1/Audio/CM\ Folder/MumMale1.mp3 /Users/Veer/Library/Developer/Xcode/DerivedData/HearifyV1-ftljoypfezvlxcgouzbpmsmxzads/Build/Products/Debug-iphoneos/HearifyV1.app

CpResource /Users/Veer/Library/Developer/Xcode/DerivedData/HearifyV1-ftljoypfezvlxcgouzbpmsmxzads/Build/Products/Debug-iphoneos/HearifyV1.app/MouseMale1.mp3 /Users/Veer/Library/Mobile\ Documents/com~apple~CloudDocs/HearifyV1/HearifyV1/Audio/Word\ Recognition/MouseMale1.mp3 (in target 'HearifyV1' from project 'HearifyV1')
    cd /Users/Veer/Library/Mobile\ Documents/com\~apple\~CloudDocs/HearifyV1
    builtin-copy -exclude .DS_Store -exclude CVS -exclude .svn -exclude .git -exclude .hg -resolve-src-symlinks /Users/Veer/Library/Mobile\ Documents/com\~apple\~CloudDocs/HearifyV1/HearifyV1/Audio/Word\ Recognition/MouseMale1.mp3 /Users/Veer/Library/Developer/Xcode/DerivedData/HearifyV1-ftljoypfezvlxcgouzbpmsmxzads/Build/Products/Debug-iphoneos/HearifyV1.app

CpResource /Users/Veer/Library/Developer/Xcode/DerivedData/HearifyV1-ftljoypfezvlxcgouzbpmsmxzads/Build/Products/Debug-iphoneos/HearifyV1.app/MopMale1.mp3 /Users/Veer/Library/Mobile\ Documents/com~apple~CloudDocs/HearifyV1/HearifyV1/Audio/Vowels\ Folder/MopMale1.mp3 (in target 'HearifyV1' from project 'HearifyV1')
    cd /Users/Veer/Library/Mobile\ Documents/com\~apple\~CloudDocs/HearifyV1
    builtin-copy -exclude .DS_Store -exclude CVS -exclude .svn -exclude .git -exclude .hg -resolve-src-symlinks /Users/Veer/Library/Mobile\ Documents/com\~apple\~CloudDocs/HearifyV1/HearifyV1/Audio/Vowels\ Folder/MopMale1.mp3 /Users/Veer/Library/Developer/Xcode/DerivedData/HearifyV1-ftljoypfezvlxcgouzbpmsmxzads/Build/Products/Debug-iphoneos/HearifyV1.app

CpResource /Users/Veer/Library/Developer/Xcode/DerivedData/HearifyV1-ftljoypfezvlxcgouzbpmsmxzads/Build/Products/Debug-iphoneos/HearifyV1.app/MooseMale1.mp3 /Users/Veer/Library/Mobile\ Documents/com~apple~CloudDocs/HearifyV1/HearifyV1/Audio/CM\ Folder/MooseMale1.mp3 (in target 'HearifyV1' from project 'HearifyV1')
    cd /Users/Veer/Library/Mobile\ Documents/com\~apple\~CloudDocs/HearifyV1
    builtin-copy -exclude .DS_Store -exclude CVS -exclude .svn -exclude .git -exclude .hg -resolve-src-symlinks /Users/Veer/Library/Mobile\ Documents/com\~apple\~CloudDocs/HearifyV1/HearifyV1/Audio/CM\ Folder/MooseMale1.mp3 /Users/Veer/Library/Developer/Xcode/DerivedData/HearifyV1-ftljoypfezvlxcgouzbpmsmxzads/Build/Products/Debug-iphoneos/HearifyV1.app

CpResource /Users/Veer/Library/Developer/Xcode/DerivedData/HearifyV1-ftljoypfezvlxcgouzbpmsmxzads/Build/Products/Debug-iphoneos/HearifyV1.app/MoonMale3.mp3 /Users/Veer/Library/Mobile\ Documents/com~apple~CloudDocs/HearifyV1/HearifyV1/Audio/FC\ Folder/MoonMale3.mp3 (in target 'HearifyV1' from project 'HearifyV1')
    cd /Users/Veer/Library/Mobile\ Documents/com\~apple\~CloudDocs/HearifyV1
    builtin-copy -exclude .DS_Store -exclude CVS -exclude .svn -exclude .git -exclude .hg -resolve-src-symlinks /Users/Veer/Library/Mobile\ Documents/com\~apple\~CloudDocs/HearifyV1/HearifyV1/Audio/FC\ Folder/MoonMale3.mp3 /Users/Veer/Library/Developer/Xcode/DerivedData/HearifyV1-ftljoypfezvlxcgouzbpmsmxzads/Build/Products/Debug-iphoneos/HearifyV1.app

CpResource /Users/Veer/Library/Developer/Xcode/DerivedData/HearifyV1-ftljoypfezvlxcgouzbpmsmxzads/Build/Products/Debug-iphoneos/HearifyV1.app/MoonMale2.mp3 /Users/Veer/Library/Mobile\ Documents/com~apple~CloudDocs/HearifyV1/HearifyV1/Audio/FC\ Folder/MoonMale2.mp3 (in target 'HearifyV1' from project 'HearifyV1')
    cd /Users/Veer/Library/Mobile\ Documents/com\~apple\~CloudDocs/HearifyV1
    builtin-copy -exclude .DS_Store -exclude CVS -exclude .svn -exclude .git -exclude .hg -resolve-src-symlinks /Users/Veer/Library/Mobile\ Documents/com\~apple\~CloudDocs/HearifyV1/HearifyV1/Audio/FC\ Folder/MoonMale2.mp3 /Users/Veer/Library/Developer/Xcode/DerivedData/HearifyV1-ftljoypfezvlxcgouzbpmsmxzads/Build/Products/Debug-iphoneos/HearifyV1.app

CpResource /Users/Veer/Library/Developer/Xcode/DerivedData/HearifyV1-ftljoypfezvlxcgouzbpmsmxzads/Build/Products/Debug-iphoneos/HearifyV1.app/MoonMale1.mp3 /Users/Veer/Library/Mobile\ Documents/com~apple~CloudDocs/HearifyV1/HearifyV1/Audio/FC\ Folder/MoonMale1.mp3 (in target 'HearifyV1' from project 'HearifyV1')
    cd /Users/Veer/Library/Mobile\ Documents/com\~apple\~CloudDocs/HearifyV1
    builtin-copy -exclude .DS_Store -exclude CVS -exclude .svn -exclude .git -exclude .hg -resolve-src-symlinks /Users/Veer/Library/Mobile\ Documents/com\~apple\~CloudDocs/HearifyV1/HearifyV1/Audio/FC\ Folder/MoonMale1.mp3 /Users/Veer/Library/Developer/Xcode/DerivedData/HearifyV1-ftljoypfezvlxcgouzbpmsmxzads/Build/Products/Debug-iphoneos/HearifyV1.app

CpResource /Users/Veer/Library/Developer/Xcode/DerivedData/HearifyV1-ftljoypfezvlxcgouzbpmsmxzads/Build/Products/Debug-iphoneos/HearifyV1.app/MoonFemale3.mp3 /Users/Veer/Library/Mobile\ Documents/com~apple~CloudDocs/HearifyV1/HearifyV1/Audio/FC\ Folder/MoonFemale3.mp3 (in target 'HearifyV1' from project 'HearifyV1')
    cd /Users/Veer/Library/Mobile\ Documents/com\~apple\~CloudDocs/HearifyV1
    builtin-copy -exclude .DS_Store -exclude CVS -exclude .svn -exclude .git -exclude .hg -resolve-src-symlinks /Users/Veer/Library/Mobile\ Documents/com\~apple\~CloudDocs/HearifyV1/HearifyV1/Audio/FC\ Folder/MoonFemale3.mp3 /Users/Veer/Library/Developer/Xcode/DerivedData/HearifyV1-ftljoypfezvlxcgouzbpmsmxzads/Build/Products/Debug-iphoneos/HearifyV1.app

CpResource /Users/Veer/Library/Developer/Xcode/DerivedData/HearifyV1-ftljoypfezvlxcgouzbpmsmxzads/Build/Products/Debug-iphoneos/HearifyV1.app/MoonFemale2.mp3 /Users/Veer/Library/Mobile\ Documents/com~apple~CloudDocs/HearifyV1/HearifyV1/Audio/FC\ Folder/MoonFemale2.mp3 (in target 'HearifyV1' from project 'HearifyV1')
    cd /Users/Veer/Library/Mobile\ Documents/com\~apple\~CloudDocs/HearifyV1
    builtin-copy -exclude .DS_Store -exclude CVS -exclude .svn -exclude .git -exclude .hg -resolve-src-symlinks /Users/Veer/Library/Mobile\ Documents/com\~apple\~CloudDocs/HearifyV1/HearifyV1/Audio/FC\ Folder/MoonFemale2.mp3 /Users/Veer/Library/Developer/Xcode/DerivedData/HearifyV1-ftljoypfezvlxcgouzbpmsmxzads/Build/Products/Debug-iphoneos/HearifyV1.app

CpResource /Users/Veer/Library/Developer/Xcode/DerivedData/HearifyV1-ftljoypfezvlxcgouzbpmsmxzads/Build/Products/Debug-iphoneos/HearifyV1.app/MoonFemale1.mp3 /Users/Veer/Library/Mobile\ Documents/com~apple~CloudDocs/HearifyV1/HearifyV1/Audio/FC\ Folder/MoonFemale1.mp3 (in target 'HearifyV1' from project 'HearifyV1')
    cd /Users/Veer/Library/Mobile\ Documents/com\~apple\~CloudDocs/HearifyV1
    builtin-copy -exclude .DS_Store -exclude CVS -exclude .svn -exclude .git -exclude .hg -resolve-src-symlinks /Users/Veer/Library/Mobile\ Documents/com\~apple\~CloudDocs/HearifyV1/HearifyV1/Audio/FC\ Folder/MoonFemale1.mp3 /Users/Veer/Library/Developer/Xcode/DerivedData/HearifyV1-ftljoypfezvlxcgouzbpmsmxzads/Build/Products/Debug-iphoneos/HearifyV1.app

CpResource /Users/Veer/Library/Developer/Xcode/DerivedData/HearifyV1-ftljoypfezvlxcgouzbpmsmxzads/Build/Products/Debug-iphoneos/HearifyV1.app/MooMale1.mp3 /Users/Veer/Library/Mobile\ Documents/com~apple~CloudDocs/HearifyV1/HearifyV1/Audio/Vowels\ Folder/MooMale1.mp3 (in target 'HearifyV1' from project 'HearifyV1')
    cd /Users/Veer/Library/Mobile\ Documents/com\~apple\~CloudDocs/HearifyV1
    builtin-copy -exclude .DS_Store -exclude CVS -exclude .svn -exclude .git -exclude .hg -resolve-src-symlinks /Users/Veer/Library/Mobile\ Documents/com\~apple\~CloudDocs/HearifyV1/HearifyV1/Audio/Vowels\ Folder/MooMale1.mp3 /Users/Veer/Library/Developer/Xcode/DerivedData/HearifyV1-ftljoypfezvlxcgouzbpmsmxzads/Build/Products/Debug-iphoneos/HearifyV1.app

CpResource /Users/Veer/Library/Developer/Xcode/DerivedData/HearifyV1-ftljoypfezvlxcgouzbpmsmxzads/Build/Products/Debug-iphoneos/HearifyV1.app/MonkeyMale1.mp3 /Users/Veer/Library/Mobile\ Documents/com~apple~CloudDocs/HearifyV1/HearifyV1/Audio/PD\ Folder/MonkeyMale1.mp3 (in target 'HearifyV1' from project 'HearifyV1')
    cd /Users/Veer/Library/Mobile\ Documents/com\~apple\~CloudDocs/HearifyV1
    builtin-copy -exclude .DS_Store -exclude CVS -exclude .svn -exclude .git -exclude .hg -resolve-src-symlinks /Users/Veer/Library/Mobile\ Documents/com\~apple\~CloudDocs/HearifyV1/HearifyV1/Audio/PD\ Folder/MonkeyMale1.mp3 /Users/Veer/Library/Developer/Xcode/DerivedData/HearifyV1-ftljoypfezvlxcgouzbpmsmxzads/Build/Products/Debug-iphoneos/HearifyV1.app

CpResource /Users/Veer/Library/Developer/Xcode/DerivedData/HearifyV1-ftljoypfezvlxcgouzbpmsmxzads/Build/Products/Debug-iphoneos/HearifyV1.app/MomMale1.mp3 /Users/Veer/Library/Mobile\ Documents/com~apple~CloudDocs/HearifyV1/HearifyV1/Audio/Syllables/Supra\ -\ 1\ v\ 3/MomMale1.mp3 (in target 'HearifyV1' from project 'HearifyV1')
    cd /Users/Veer/Library/Mobile\ Documents/com\~apple\~CloudDocs/HearifyV1
    builtin-copy -exclude .DS_Store -exclude CVS -exclude .svn -exclude .git -exclude .hg -resolve-src-symlinks /Users/Veer/Library/Mobile\ Documents/com\~apple\~CloudDocs/HearifyV1/HearifyV1/Audio/Syllables/Supra\ -\ 1\ v\ 3/MomMale1.mp3 /Users/Veer/Library/Developer/Xcode/DerivedData/HearifyV1-ftljoypfezvlxcgouzbpmsmxzads/Build/Products/Debug-iphoneos/HearifyV1.app

CpResource /Users/Veer/Library/Developer/Xcode/DerivedData/HearifyV1-ftljoypfezvlxcgouzbpmsmxzads/Build/Products/Debug-iphoneos/HearifyV1.app/MoatMale1.mp3 /Users/Veer/Library/Mobile\ Documents/com~apple~CloudDocs/HearifyV1/HearifyV1/Audio/CP\ Folder/MoatMale1.mp3 (in target 'HearifyV1' from project 'HearifyV1')
    cd /Users/Veer/Library/Mobile\ Documents/com\~apple\~CloudDocs/HearifyV1
    builtin-copy -exclude .DS_Store -exclude CVS -exclude .svn -exclude .git -exclude .hg -resolve-src-symlinks /Users/Veer/Library/Mobile\ Documents/com\~apple\~CloudDocs/HearifyV1/HearifyV1/Audio/CP\ Folder/MoatMale1.mp3 /Users/Veer/Library/Developer/Xcode/DerivedData/HearifyV1-ftljoypfezvlxcgouzbpmsmxzads/Build/Products/Debug-iphoneos/HearifyV1.app

CpResource /Users/Veer/Library/Developer/Xcode/DerivedData/HearifyV1-ftljoypfezvlxcgouzbpmsmxzads/Build/Products/Debug-iphoneos/HearifyV1.app/MittMale1.mp3 /Users/Veer/Library/Mobile\ Documents/com~apple~CloudDocs/HearifyV1/HearifyV1/Audio/Vowels\ Folder/MittMale1.mp3 (in target 'HearifyV1' from project 'HearifyV1')
    cd /Users/Veer/Library/Mobile\ Documents/com\~apple\~CloudDocs/HearifyV1
    builtin-copy -exclude .DS_Store -exclude CVS -exclude .svn -exclude .git -exclude .hg -resolve-src-symlinks /Users/Veer/Library/Mobile\ Documents/com\~apple\~CloudDocs/HearifyV1/HearifyV1/Audio/Vowels\ Folder/MittMale1.mp3 /Users/Veer/Library/Developer/Xcode/DerivedData/HearifyV1-ftljoypfezvlxcgouzbpmsmxzads/Build/Products/Debug-iphoneos/HearifyV1.app

CpResource /Users/Veer/Library/Developer/Xcode/DerivedData/HearifyV1-ftljoypfezvlxcgouzbpmsmxzads/Build/Products/Debug-iphoneos/HearifyV1.app/MineMale1.mp3 /Users/Veer/Library/Mobile\ Documents/com~apple~CloudDocs/HearifyV1/HearifyV1/Audio/CP\ Folder/MineMale1.mp3 (in target 'HearifyV1' from project 'HearifyV1')
    cd /Users/Veer/Library/Mobile\ Documents/com\~apple\~CloudDocs/HearifyV1
    builtin-copy -exclude .DS_Store -exclude CVS -exclude .svn -exclude .git -exclude .hg -resolve-src-symlinks /Users/Veer/Library/Mobile\ Documents/com\~apple\~CloudDocs/HearifyV1/HearifyV1/Audio/CP\ Folder/MineMale1.mp3 /Users/Veer/Library/Developer/Xcode/DerivedData/HearifyV1-ftljoypfezvlxcgouzbpmsmxzads/Build/Products/Debug-iphoneos/HearifyV1.app

CpResource /Users/Veer/Library/Developer/Xcode/DerivedData/HearifyV1-ftljoypfezvlxcgouzbpmsmxzads/Build/Products/Debug-iphoneos/HearifyV1.app/MilkMale1.mp3 /Users/Veer/Library/Mobile\ Documents/com~apple~CloudDocs/HearifyV1/HearifyV1/Audio/Syllables/Supra\ -\ 1\ v\ 3/MilkMale1.mp3 (in target 'HearifyV1' from project 'HearifyV1')
    cd /Users/Veer/Library/Mobile\ Documents/com\~apple\~CloudDocs/HearifyV1
    builtin-copy -exclude .DS_Store -exclude CVS -exclude .svn -exclude .git -exclude .hg -resolve-src-symlinks /Users/Veer/Library/Mobile\ Documents/com\~apple\~CloudDocs/HearifyV1/HearifyV1/Audio/Syllables/Supra\ -\ 1\ v\ 3/MilkMale1.mp3 /Users/Veer/Library/Developer/Xcode/DerivedData/HearifyV1-ftljoypfezvlxcgouzbpmsmxzads/Build/Products/Debug-iphoneos/HearifyV1.app

CpResource /Users/Veer/Library/Developer/Xcode/DerivedData/HearifyV1-ftljoypfezvlxcgouzbpmsmxzads/Build/Products/Debug-iphoneos/HearifyV1.app/MenMale1.mp3 /Users/Veer/Library/Mobile\ Documents/com~apple~CloudDocs/HearifyV1/HearifyV1/Audio/Vowels\ Folder/MenMale1.mp3 (in target 'HearifyV1' from project 'HearifyV1')
    cd /Users/Veer/Library/Mobile\ Documents/com\~apple\~CloudDocs/HearifyV1
    builtin-copy -exclude .DS_Store -exclude CVS -exclude .svn -exclude .git -exclude .hg -resolve-src-symlinks /Users/Veer/Library/Mobile\ Documents/com\~apple\~CloudDocs/HearifyV1/HearifyV1/Audio/Vowels\ Folder/MenMale1.mp3 /Users/Veer/Library/Developer/Xcode/DerivedData/HearifyV1-ftljoypfezvlxcgouzbpmsmxzads/Build/Products/Debug-iphoneos/HearifyV1.app

CpResource /Users/Veer/Library/Developer/Xcode/DerivedData/HearifyV1-ftljoypfezvlxcgouzbpmsmxzads/Build/Products/Debug-iphoneos/HearifyV1.app/MegMale1.mp3 /Users/Veer/Library/Mobile\ Documents/com~apple~CloudDocs/HearifyV1/HearifyV1/Audio/CM\ Folder/MegMale1.mp3 (in target 'HearifyV1' from project 'HearifyV1')
    cd /Users/Veer/Library/Mobile\ Documents/com\~apple\~CloudDocs/HearifyV1
    builtin-copy -exclude .DS_Store -exclude CVS -exclude .svn -exclude .git -exclude .hg -resolve-src-symlinks /Users/Veer/Library/Mobile\ Documents/com\~apple\~CloudDocs/HearifyV1/HearifyV1/Audio/CM\ Folder/MegMale1.mp3 /Users/Veer/Library/Developer/Xcode/DerivedData/HearifyV1-ftljoypfezvlxcgouzbpmsmxzads/Build/Products/Debug-iphoneos/HearifyV1.app

CpResource /Users/Veer/Library/Developer/Xcode/DerivedData/HearifyV1-ftljoypfezvlxcgouzbpmsmxzads/Build/Products/Debug-iphoneos/HearifyV1.app/MeatMale1.mp3 /Users/Veer/Library/Mobile\ Documents/com~apple~CloudDocs/HearifyV1/HearifyV1/Audio/Vowels\ Folder/MeatMale1.mp3 (in target 'HearifyV1' from project 'HearifyV1')
    cd /Users/Veer/Library/Mobile\ Documents/com\~apple\~CloudDocs/HearifyV1
    builtin-copy -exclude .DS_Store -exclude CVS -exclude .svn -exclude .git -exclude .hg -resolve-src-symlinks /Users/Veer/Library/Mobile\ Documents/com\~apple\~CloudDocs/HearifyV1/HearifyV1/Audio/Vowels\ Folder/MeatMale1.mp3 /Users/Veer/Library/Developer/Xcode/DerivedData/HearifyV1-ftljoypfezvlxcgouzbpmsmxzads/Build/Products/Debug-iphoneos/HearifyV1.app

CpResource /Users/Veer/Library/Developer/Xcode/DerivedData/HearifyV1-ftljoypfezvlxcgouzbpmsmxzads/Build/Products/Debug-iphoneos/HearifyV1.app/MeMale1.mp3 /Users/Veer/Library/Mobile\ Documents/com~apple~CloudDocs/HearifyV1/HearifyV1/Audio/Vowels\ Folder/MeMale1.mp3 (in target 'HearifyV1' from project 'HearifyV1')
    cd /Users/Veer/Library/Mobile\ Documents/com\~apple\~CloudDocs/HearifyV1
    builtin-copy -exclude .DS_Store -exclude CVS -exclude .svn -exclude .git -exclude .hg -resolve-src-symlinks /Users/Veer/Library/Mobile\ Documents/com\~apple\~CloudDocs/HearifyV1/HearifyV1/Audio/Vowels\ Folder/MeMale1.mp3 /Users/Veer/Library/Developer/Xcode/DerivedData/HearifyV1-ftljoypfezvlxcgouzbpmsmxzads/Build/Products/Debug-iphoneos/HearifyV1.app

CpResource /Users/Veer/Library/Developer/Xcode/DerivedData/HearifyV1-ftljoypfezvlxcgouzbpmsmxzads/Build/Products/Debug-iphoneos/HearifyV1.app/MatchedPairsExtended.csv /Users/Veer/Library/Mobile\ Documents/com~apple~CloudDocs/HearifyV1/HearifyV1/Audio/MatchedPairsExtended.csv (in target 'HearifyV1' from project 'HearifyV1')
    cd /Users/Veer/Library/Mobile\ Documents/com\~apple\~CloudDocs/HearifyV1
    builtin-copy -exclude .DS_Store -exclude CVS -exclude .svn -exclude .git -exclude .hg -resolve-src-symlinks /Users/Veer/Library/Mobile\ Documents/com\~apple\~CloudDocs/HearifyV1/HearifyV1/Audio/MatchedPairsExtended.csv /Users/Veer/Library/Developer/Xcode/DerivedData/HearifyV1-ftljoypfezvlxcgouzbpmsmxzads/Build/Products/Debug-iphoneos/HearifyV1.app

CpResource /Users/Veer/Library/Developer/Xcode/DerivedData/HearifyV1-ftljoypfezvlxcgouzbpmsmxzads/Build/Products/Debug-iphoneos/HearifyV1.app/MatchedPairsData.csv /Users/Veer/Library/Mobile\ Documents/com~apple~CloudDocs/HearifyV1/HearifyV1/MatchedPairsData.csv (in target 'HearifyV1' from project 'HearifyV1')
    cd /Users/Veer/Library/Mobile\ Documents/com\~apple\~CloudDocs/HearifyV1
    builtin-copy -exclude .DS_Store -exclude CVS -exclude .svn -exclude .git -exclude .hg -resolve-src-symlinks /Users/Veer/Library/Mobile\ Documents/com\~apple\~CloudDocs/HearifyV1/HearifyV1/MatchedPairsData.csv /Users/Veer/Library/Developer/Xcode/DerivedData/HearifyV1-ftljoypfezvlxcgouzbpmsmxzads/Build/Products/Debug-iphoneos/HearifyV1.app

CpResource /Users/Veer/Library/Developer/Xcode/DerivedData/HearifyV1-ftljoypfezvlxcgouzbpmsmxzads/Build/Products/Debug-iphoneos/HearifyV1.app/MatchMale1.mp3 /Users/Veer/Library/Mobile\ Documents/com~apple~CloudDocs/HearifyV1/HearifyV1/Audio/Word\ Recognition/MatchMale1.mp3 (in target 'HearifyV1' from project 'HearifyV1')
    cd /Users/Veer/Library/Mobile\ Documents/com\~apple\~CloudDocs/HearifyV1
    builtin-copy -exclude .DS_Store -exclude CVS -exclude .svn -exclude .git -exclude .hg -resolve-src-symlinks /Users/Veer/Library/Mobile\ Documents/com\~apple\~CloudDocs/HearifyV1/HearifyV1/Audio/Word\ Recognition/MatchMale1.mp3 /Users/Veer/Library/Developer/Xcode/DerivedData/HearifyV1-ftljoypfezvlxcgouzbpmsmxzads/Build/Products/Debug-iphoneos/HearifyV1.app

CpResource /Users/Veer/Library/Developer/Xcode/DerivedData/HearifyV1-ftljoypfezvlxcgouzbpmsmxzads/Build/Products/Debug-iphoneos/HearifyV1.app/MatMale1.mp3 /Users/Veer/Library/Mobile\ Documents/com~apple~CloudDocs/HearifyV1/HearifyV1/Audio/CM\ Folder/MatMale1.mp3 (in target 'HearifyV1' from project 'HearifyV1')
    cd /Users/Veer/Library/Mobile\ Documents/com\~apple\~CloudDocs/HearifyV1
    builtin-copy -exclude .DS_Store -exclude CVS -exclude .svn -exclude .git -exclude .hg -resolve-src-symlinks /Users/Veer/Library/Mobile\ Documents/com\~apple\~CloudDocs/HearifyV1/HearifyV1/Audio/CM\ Folder/MatMale1.mp3 /Users/Veer/Library/Developer/Xcode/DerivedData/HearifyV1-ftljoypfezvlxcgouzbpmsmxzads/Build/Products/Debug-iphoneos/HearifyV1.app

CpResource /Users/Veer/Library/Developer/Xcode/DerivedData/HearifyV1-ftljoypfezvlxcgouzbpmsmxzads/Build/Products/Debug-iphoneos/HearifyV1.app/MaryMale1.mp3 /Users/Veer/Library/Mobile\ Documents/com~apple~CloudDocs/HearifyV1/HearifyV1/Audio/CM\ Folder/MaryMale1.mp3 (in target 'HearifyV1' from project 'HearifyV1')
    cd /Users/Veer/Library/Mobile\ Documents/com\~apple\~CloudDocs/HearifyV1
    builtin-copy -exclude .DS_Store -exclude CVS -exclude .svn -exclude .git -exclude .hg -resolve-src-symlinks /Users/Veer/Library/Mobile\ Documents/com\~apple\~CloudDocs/HearifyV1/HearifyV1/Audio/CM\ Folder/MaryMale1.mp3 /Users/Veer/Library/Developer/Xcode/DerivedData/HearifyV1-ftljoypfezvlxcgouzbpmsmxzads/Build/Products/Debug-iphoneos/HearifyV1.app

CpResource /Users/Veer/Library/Developer/Xcode/DerivedData/HearifyV1-ftljoypfezvlxcgouzbpmsmxzads/Build/Products/Debug-iphoneos/HearifyV1.app/MapMale1.mp3 /Users/Veer/Library/Mobile\ Documents/com~apple~CloudDocs/HearifyV1/HearifyV1/Audio/Vowels\ Folder/MapMale1.mp3 (in target 'HearifyV1' from project 'HearifyV1')
    cd /Users/Veer/Library/Mobile\ Documents/com\~apple\~CloudDocs/HearifyV1
    builtin-copy -exclude .DS_Store -exclude CVS -exclude .svn -exclude .git -exclude .hg -resolve-src-symlinks /Users/Veer/Library/Mobile\ Documents/com\~apple\~CloudDocs/HearifyV1/HearifyV1/Audio/Vowels\ Folder/MapMale1.mp3 /Users/Veer/Library/Developer/Xcode/DerivedData/HearifyV1-ftljoypfezvlxcgouzbpmsmxzads/Build/Products/Debug-iphoneos/HearifyV1.app

CpResource /Users/Veer/Library/Developer/Xcode/DerivedData/HearifyV1-ftljoypfezvlxcgouzbpmsmxzads/Build/Products/Debug-iphoneos/HearifyV1.app/ManMale1.mp3 /Users/Veer/Library/Mobile\ Documents/com~apple~CloudDocs/HearifyV1/HearifyV1/Audio/Vowels\ Folder/ManMale1.mp3 (in target 'HearifyV1' from project 'HearifyV1')
    cd /Users/Veer/Library/Mobile\ Documents/com\~apple\~CloudDocs/HearifyV1
    builtin-copy -exclude .DS_Store -exclude CVS -exclude .svn -exclude .git -exclude .hg -resolve-src-symlinks /Users/Veer/Library/Mobile\ Documents/com\~apple\~CloudDocs/HearifyV1/HearifyV1/Audio/Vowels\ Folder/ManMale1.mp3 /Users/Veer/Library/Developer/Xcode/DerivedData/HearifyV1-ftljoypfezvlxcgouzbpmsmxzads/Build/Products/Debug-iphoneos/HearifyV1.app

CpResource /Users/Veer/Library/Developer/Xcode/DerivedData/HearifyV1-ftljoypfezvlxcgouzbpmsmxzads/Build/Products/Debug-iphoneos/HearifyV1.app/MailMale1.mp3 /Users/Veer/Library/Mobile\ Documents/com~apple~CloudDocs/HearifyV1/HearifyV1/Audio/Word\ Recognition/MailMale1.mp3 (in target 'HearifyV1' from project 'HearifyV1')
    cd /Users/Veer/Library/Mobile\ Documents/com\~apple\~CloudDocs/HearifyV1
    builtin-copy -exclude .DS_Store -exclude CVS -exclude .svn -exclude .git -exclude .hg -resolve-src-symlinks /Users/Veer/Library/Mobile\ Documents/com\~apple\~CloudDocs/HearifyV1/HearifyV1/Audio/Word\ Recognition/MailMale1.mp3 /Users/Veer/Library/Developer/Xcode/DerivedData/HearifyV1-ftljoypfezvlxcgouzbpmsmxzads/Build/Products/Debug-iphoneos/HearifyV1.app

CpResource /Users/Veer/Library/Developer/Xcode/DerivedData/HearifyV1-ftljoypfezvlxcgouzbpmsmxzads/Build/Products/Debug-iphoneos/HearifyV1.app/MadMale1.mp3 /Users/Veer/Library/Mobile\ Documents/com~apple~CloudDocs/HearifyV1/HearifyV1/Audio/CM\ Folder/MadMale1.mp3 (in target 'HearifyV1' from project 'HearifyV1')
    cd /Users/Veer/Library/Mobile\ Documents/com\~apple\~CloudDocs/HearifyV1
    builtin-copy -exclude .DS_Store -exclude CVS -exclude .svn -exclude .git -exclude .hg -resolve-src-symlinks /Users/Veer/Library/Mobile\ Documents/com\~apple\~CloudDocs/HearifyV1/HearifyV1/Audio/CM\ Folder/MadMale1.mp3 /Users/Veer/Library/Developer/Xcode/DerivedData/HearifyV1-ftljoypfezvlxcgouzbpmsmxzads/Build/Products/Debug-iphoneos/HearifyV1.app

CpResource /Users/Veer/Library/Developer/Xcode/DerivedData/HearifyV1-ftljoypfezvlxcgouzbpmsmxzads/Build/Products/Debug-iphoneos/HearifyV1.app/LowMale1.mp3 /Users/Veer/Library/Mobile\ Documents/com~apple~CloudDocs/HearifyV1/HearifyV1/Audio/Vowels\ Folder/LowMale1.mp3 (in target 'HearifyV1' from project 'HearifyV1')
    cd /Users/Veer/Library/Mobile\ Documents/com\~apple\~CloudDocs/HearifyV1
    builtin-copy -exclude .DS_Store -exclude CVS -exclude .svn -exclude .git -exclude .hg -resolve-src-symlinks /Users/Veer/Library/Mobile\ Documents/com\~apple\~CloudDocs/HearifyV1/HearifyV1/Audio/Vowels\ Folder/LowMale1.mp3 /Users/Veer/Library/Developer/Xcode/DerivedData/HearifyV1-ftljoypfezvlxcgouzbpmsmxzads/Build/Products/Debug-iphoneos/HearifyV1.app

CpResource /Users/Veer/Library/Developer/Xcode/DerivedData/HearifyV1-ftljoypfezvlxcgouzbpmsmxzads/Build/Products/Debug-iphoneos/HearifyV1.app/LouMale1.mp3 /Users/Veer/Library/Mobile\ Documents/com~apple~CloudDocs/HearifyV1/HearifyV1/Audio/Vowels\ Folder/LouMale1.mp3 (in target 'HearifyV1' from project 'HearifyV1')
    cd /Users/Veer/Library/Mobile\ Documents/com\~apple\~CloudDocs/HearifyV1
    builtin-copy -exclude .DS_Store -exclude CVS -exclude .svn -exclude .git -exclude .hg -resolve-src-symlinks /Users/Veer/Library/Mobile\ Documents/com\~apple\~CloudDocs/HearifyV1/HearifyV1/Audio/Vowels\ Folder/LouMale1.mp3 /Users/Veer/Library/Developer/Xcode/DerivedData/HearifyV1-ftljoypfezvlxcgouzbpmsmxzads/Build/Products/Debug-iphoneos/HearifyV1.app

CpResource /Users/Veer/Library/Developer/Xcode/DerivedData/HearifyV1-ftljoypfezvlxcgouzbpmsmxzads/Build/Products/Debug-iphoneos/HearifyV1.app/LooseMale1.mp3 /Users/Veer/Library/Mobile\ Documents/com~apple~CloudDocs/HearifyV1/HearifyV1/Audio/CM\ Folder/LooseMale1.mp3 (in target 'HearifyV1' from project 'HearifyV1')
    cd /Users/Veer/Library/Mobile\ Documents/com\~apple\~CloudDocs/HearifyV1
    builtin-copy -exclude .DS_Store -exclude CVS -exclude .svn -exclude .git -exclude .hg -resolve-src-symlinks /Users/Veer/Library/Mobile\ Documents/com\~apple\~CloudDocs/HearifyV1/HearifyV1/Audio/CM\ Folder/LooseMale1.mp3 /Users/Veer/Library/Developer/Xcode/DerivedData/HearifyV1-ftljoypfezvlxcgouzbpmsmxzads/Build/Products/Debug-iphoneos/HearifyV1.app

CpResource /Users/Veer/Library/Developer/Xcode/DerivedData/HearifyV1-ftljoypfezvlxcgouzbpmsmxzads/Build/Products/Debug-iphoneos/HearifyV1.app/LogMale1.mp3 /Users/Veer/Library/Mobile\ Documents/com~apple~CloudDocs/HearifyV1/HearifyV1/Audio/CM\ Folder/LogMale1.mp3 (in target 'HearifyV1' from project 'HearifyV1')
    cd /Users/Veer/Library/Mobile\ Documents/com\~apple\~CloudDocs/HearifyV1
    builtin-copy -exclude .DS_Store -exclude CVS -exclude .svn -exclude .git -exclude .hg -resolve-src-symlinks /Users/Veer/Library/Mobile\ Documents/com\~apple\~CloudDocs/HearifyV1/HearifyV1/Audio/CM\ Folder/LogMale1.mp3 /Users/Veer/Library/Developer/Xcode/DerivedData/HearifyV1-ftljoypfezvlxcgouzbpmsmxzads/Build/Products/Debug-iphoneos/HearifyV1.app

CpResource /Users/Veer/Library/Developer/Xcode/DerivedData/HearifyV1-ftljoypfezvlxcgouzbpmsmxzads/Build/Products/Debug-iphoneos/HearifyV1.app/LizardMale1.mp3 /Users/Veer/Library/Mobile\ Documents/com~apple~CloudDocs/HearifyV1/HearifyV1/Audio/PD\ Folder/LizardMale1.mp3 (in target 'HearifyV1' from project 'HearifyV1')
    cd /Users/Veer/Library/Mobile\ Documents/com\~apple\~CloudDocs/HearifyV1
    builtin-copy -exclude .DS_Store -exclude CVS -exclude .svn -exclude .git -exclude .hg -resolve-src-symlinks /Users/Veer/Library/Mobile\ Documents/com\~apple\~CloudDocs/HearifyV1/HearifyV1/Audio/PD\ Folder/LizardMale1.mp3 /Users/Veer/Library/Developer/Xcode/DerivedData/HearifyV1-ftljoypfezvlxcgouzbpmsmxzads/Build/Products/Debug-iphoneos/HearifyV1.app

CpResource /Users/Veer/Library/Developer/Xcode/DerivedData/HearifyV1-ftljoypfezvlxcgouzbpmsmxzads/Build/Products/Debug-iphoneos/HearifyV1.app/LineMale1.mp3 /Users/Veer/Library/Mobile\ Documents/com~apple~CloudDocs/HearifyV1/HearifyV1/Audio/CM\ Folder/LineMale1.mp3 (in target 'HearifyV1' from project 'HearifyV1')
    cd /Users/Veer/Library/Mobile\ Documents/com\~apple\~CloudDocs/HearifyV1
    builtin-copy -exclude .DS_Store -exclude CVS -exclude .svn -exclude .git -exclude .hg -resolve-src-symlinks /Users/Veer/Library/Mobile\ Documents/com\~apple\~CloudDocs/HearifyV1/HearifyV1/Audio/CM\ Folder/LineMale1.mp3 /Users/Veer/Library/Developer/Xcode/DerivedData/HearifyV1-ftljoypfezvlxcgouzbpmsmxzads/Build/Products/Debug-iphoneos/HearifyV1.app

CpResource /Users/Veer/Library/Developer/Xcode/DerivedData/HearifyV1-ftljoypfezvlxcgouzbpmsmxzads/Build/Products/Debug-iphoneos/HearifyV1.app/LightMale1.mp3 /Users/Veer/Library/Mobile\ Documents/com~apple~CloudDocs/HearifyV1/HearifyV1/Audio/CP\ Folder/LightMale1.mp3 (in target 'HearifyV1' from project 'HearifyV1')
    cd /Users/Veer/Library/Mobile\ Documents/com\~apple\~CloudDocs/HearifyV1
    builtin-copy -exclude .DS_Store -exclude CVS -exclude .svn -exclude .git -exclude .hg -resolve-src-symlinks /Users/Veer/Library/Mobile\ Documents/com\~apple\~CloudDocs/HearifyV1/HearifyV1/Audio/CP\ Folder/LightMale1.mp3 /Users/Veer/Library/Developer/Xcode/DerivedData/HearifyV1-ftljoypfezvlxcgouzbpmsmxzads/Build/Products/Debug-iphoneos/HearifyV1.app

CpResource /Users/Veer/Library/Developer/Xcode/DerivedData/HearifyV1-ftljoypfezvlxcgouzbpmsmxzads/Build/Products/Debug-iphoneos/HearifyV1.app/LickMale1.mp3 /Users/Veer/Library/Mobile\ Documents/com~apple~CloudDocs/HearifyV1/HearifyV1/Audio/CP\ Folder/LickMale1.mp3 (in target 'HearifyV1' from project 'HearifyV1')
    cd /Users/Veer/Library/Mobile\ Documents/com\~apple\~CloudDocs/HearifyV1
    builtin-copy -exclude .DS_Store -exclude CVS -exclude .svn -exclude .git -exclude .hg -resolve-src-symlinks /Users/Veer/Library/Mobile\ Documents/com\~apple\~CloudDocs/HearifyV1/HearifyV1/Audio/CP\ Folder/LickMale1.mp3 /Users/Veer/Library/Developer/Xcode/DerivedData/HearifyV1-ftljoypfezvlxcgouzbpmsmxzads/Build/Products/Debug-iphoneos/HearifyV1.app

CpResource /Users/Veer/Library/Developer/Xcode/DerivedData/HearifyV1-ftljoypfezvlxcgouzbpmsmxzads/Build/Products/Debug-iphoneos/HearifyV1.app/LemonadeMale1.mp3 /Users/Veer/Library/Mobile\ Documents/com~apple~CloudDocs/HearifyV1/HearifyV1/Audio/Syllables/Supra\ -\ 1\ v\ 3/LemonadeMale1.mp3 (in target 'HearifyV1' from project 'HearifyV1')
    cd /Users/Veer/Library/Mobile\ Documents/com\~apple\~CloudDocs/HearifyV1
    builtin-copy -exclude .DS_Store -exclude CVS -exclude .svn -exclude .git -exclude .hg -resolve-src-symlinks /Users/Veer/Library/Mobile\ Documents/com\~apple\~CloudDocs/HearifyV1/HearifyV1/Audio/Syllables/Supra\ -\ 1\ v\ 3/LemonadeMale1.mp3 /Users/Veer/Library/Developer/Xcode/DerivedData/HearifyV1-ftljoypfezvlxcgouzbpmsmxzads/Build/Products/Debug-iphoneos/HearifyV1.app

CpResource /Users/Veer/Library/Developer/Xcode/DerivedData/HearifyV1-ftljoypfezvlxcgouzbpmsmxzads/Build/Products/Debug-iphoneos/HearifyV1.app/LemonMale1.mp3 /Users/Veer/Library/Mobile\ Documents/com~apple~CloudDocs/HearifyV1/HearifyV1/Audio/Syllables/Supra\ 1\ v\ 2/LemonMale1.mp3 (in target 'HearifyV1' from project 'HearifyV1')
    cd /Users/Veer/Library/Mobile\ Documents/com\~apple\~CloudDocs/HearifyV1
    builtin-copy -exclude .DS_Store -exclude CVS -exclude .svn -exclude .git -exclude .hg -resolve-src-symlinks /Users/Veer/Library/Mobile\ Documents/com\~apple\~CloudDocs/HearifyV1/HearifyV1/Audio/Syllables/Supra\ 1\ v\ 2/LemonMale1.mp3 /Users/Veer/Library/Developer/Xcode/DerivedData/HearifyV1-ftljoypfezvlxcgouzbpmsmxzads/Build/Products/Debug-iphoneos/HearifyV1.app

CpResource /Users/Veer/Library/Developer/Xcode/DerivedData/HearifyV1-ftljoypfezvlxcgouzbpmsmxzads/Build/Products/Debug-iphoneos/HearifyV1.app/LegoMale1.mp3 /Users/Veer/Library/Mobile\ Documents/com~apple~CloudDocs/HearifyV1/HearifyV1/Audio/Syllables/Supra\ 1\ v\ 2/LegoMale1.mp3 (in target 'HearifyV1' from project 'HearifyV1')
    cd /Users/Veer/Library/Mobile\ Documents/com\~apple\~CloudDocs/HearifyV1
    builtin-copy -exclude .DS_Store -exclude CVS -exclude .svn -exclude .git -exclude .hg -resolve-src-symlinks /Users/Veer/Library/Mobile\ Documents/com\~apple\~CloudDocs/HearifyV1/HearifyV1/Audio/Syllables/Supra\ 1\ v\ 2/LegoMale1.mp3 /Users/Veer/Library/Developer/Xcode/DerivedData/HearifyV1-ftljoypfezvlxcgouzbpmsmxzads/Build/Products/Debug-iphoneos/HearifyV1.app

CpResource /Users/Veer/Library/Developer/Xcode/DerivedData/HearifyV1-ftljoypfezvlxcgouzbpmsmxzads/Build/Products/Debug-iphoneos/HearifyV1.app/LegMale1.mp3 /Users/Veer/Library/Mobile\ Documents/com~apple~CloudDocs/HearifyV1/HearifyV1/Audio/CM\ Folder/LegMale1.mp3 (in target 'HearifyV1' from project 'HearifyV1')
    cd /Users/Veer/Library/Mobile\ Documents/com\~apple\~CloudDocs/HearifyV1
    builtin-copy -exclude .DS_Store -exclude CVS -exclude .svn -exclude .git -exclude .hg -resolve-src-symlinks /Users/Veer/Library/Mobile\ Documents/com\~apple\~CloudDocs/HearifyV1/HearifyV1/Audio/CM\ Folder/LegMale1.mp3 /Users/Veer/Library/Developer/Xcode/DerivedData/HearifyV1-ftljoypfezvlxcgouzbpmsmxzads/Build/Products/Debug-iphoneos/HearifyV1.app

CpResource /Users/Veer/Library/Developer/Xcode/DerivedData/HearifyV1-ftljoypfezvlxcgouzbpmsmxzads/Build/Products/Debug-iphoneos/HearifyV1.app/LaughingMale1.mp3 /Users/Veer/Library/Mobile\ Documents/com~apple~CloudDocs/HearifyV1/HearifyV1/Audio/Syllables/Supra\ 1\ v\ 2/LaughingMale1.mp3 (in target 'HearifyV1' from project 'HearifyV1')
    cd /Users/Veer/Library/Mobile\ Documents/com\~apple\~CloudDocs/HearifyV1
    builtin-copy -exclude .DS_Store -exclude CVS -exclude .svn -exclude .git -exclude .hg -resolve-src-symlinks /Users/Veer/Library/Mobile\ Documents/com\~apple\~CloudDocs/HearifyV1/HearifyV1/Audio/Syllables/Supra\ 1\ v\ 2/LaughingMale1.mp3 /Users/Veer/Library/Developer/Xcode/DerivedData/HearifyV1-ftljoypfezvlxcgouzbpmsmxzads/Build/Products/Debug-iphoneos/HearifyV1.app

CpResource /Users/Veer/Library/Developer/Xcode/DerivedData/HearifyV1-ftljoypfezvlxcgouzbpmsmxzads/Build/Products/Debug-iphoneos/HearifyV1.app/LaneMale1.mp3 /Users/Veer/Library/Mobile\ Documents/com~apple~CloudDocs/HearifyV1/HearifyV1/Audio/CP\ Folder/LaneMale1.mp3 (in target 'HearifyV1' from project 'HearifyV1')
    cd /Users/Veer/Library/Mobile\ Documents/com\~apple\~CloudDocs/HearifyV1
    builtin-copy -exclude .DS_Store -exclude CVS -exclude .svn -exclude .git -exclude .hg -resolve-src-symlinks /Users/Veer/Library/Mobile\ Documents/com\~apple\~CloudDocs/HearifyV1/HearifyV1/Audio/CP\ Folder/LaneMale1.mp3 /Users/Veer/Library/Developer/Xcode/DerivedData/HearifyV1-ftljoypfezvlxcgouzbpmsmxzads/Build/Products/Debug-iphoneos/HearifyV1.app

CpResource /Users/Veer/Library/Developer/Xcode/DerivedData/HearifyV1-ftljoypfezvlxcgouzbpmsmxzads/Build/Products/Debug-iphoneos/HearifyV1.app/LampMale1.mp3 /Users/Veer/Library/Mobile\ Documents/com~apple~CloudDocs/HearifyV1/HearifyV1/Audio/PD\ Folder/LampMale1.mp3 (in target 'HearifyV1' from project 'HearifyV1')
    cd /Users/Veer/Library/Mobile\ Documents/com\~apple\~CloudDocs/HearifyV1
    builtin-copy -exclude .DS_Store -exclude CVS -exclude .svn -exclude .git -exclude .hg -resolve-src-symlinks /Users/Veer/Library/Mobile\ Documents/com\~apple\~CloudDocs/HearifyV1/HearifyV1/Audio/PD\ Folder/LampMale1.mp3 /Users/Veer/Library/Developer/Xcode/DerivedData/HearifyV1-ftljoypfezvlxcgouzbpmsmxzads/Build/Products/Debug-iphoneos/HearifyV1.app

CpResource /Users/Veer/Library/Developer/Xcode/DerivedData/HearifyV1-ftljoypfezvlxcgouzbpmsmxzads/Build/Products/Debug-iphoneos/HearifyV1.app/LambMale1.mp3 /Users/Veer/Library/Mobile\ Documents/com~apple~CloudDocs/HearifyV1/HearifyV1/Audio/CP\ Folder/LambMale1.mp3 (in target 'HearifyV1' from project 'HearifyV1')
    cd /Users/Veer/Library/Mobile\ Documents/com\~apple\~CloudDocs/HearifyV1
    builtin-copy -exclude .DS_Store -exclude CVS -exclude .svn -exclude .git -exclude .hg -resolve-src-symlinks /Users/Veer/Library/Mobile\ Documents/com\~apple\~CloudDocs/HearifyV1/HearifyV1/Audio/CP\ Folder/LambMale1.mp3 /Users/Veer/Library/Developer/Xcode/DerivedData/HearifyV1-ftljoypfezvlxcgouzbpmsmxzads/Build/Products/Debug-iphoneos/HearifyV1.app

CpResource /Users/Veer/Library/Developer/Xcode/DerivedData/HearifyV1-ftljoypfezvlxcgouzbpmsmxzads/Build/Products/Debug-iphoneos/HearifyV1.app/LakeMale1.mp3 /Users/Veer/Library/Mobile\ Documents/com~apple~CloudDocs/HearifyV1/HearifyV1/Audio/CM\ Folder/LakeMale1.mp3 (in target 'HearifyV1' from project 'HearifyV1')
    cd /Users/Veer/Library/Mobile\ Documents/com\~apple\~CloudDocs/HearifyV1
    builtin-copy -exclude .DS_Store -exclude CVS -exclude .svn -exclude .git -exclude .hg -resolve-src-symlinks /Users/Veer/Library/Mobile\ Documents/com\~apple\~CloudDocs/HearifyV1/HearifyV1/Audio/CM\ Folder/LakeMale1.mp3 /Users/Veer/Library/Developer/Xcode/DerivedData/HearifyV1-ftljoypfezvlxcgouzbpmsmxzads/Build/Products/Debug-iphoneos/HearifyV1.app

CpResource /Users/Veer/Library/Developer/Xcode/DerivedData/HearifyV1-ftljoypfezvlxcgouzbpmsmxzads/Build/Products/Debug-iphoneos/HearifyV1.app/KnotMale1.mp3 /Users/Veer/Library/Mobile\ Documents/com~apple~CloudDocs/HearifyV1/HearifyV1/Audio/Vowels\ Folder/KnotMale1.mp3 (in target 'HearifyV1' from project 'HearifyV1')
    cd /Users/Veer/Library/Mobile\ Documents/com\~apple\~CloudDocs/HearifyV1
    builtin-copy -exclude .DS_Store -exclude CVS -exclude .svn -exclude .git -exclude .hg -resolve-src-symlinks /Users/Veer/Library/Mobile\ Documents/com\~apple\~CloudDocs/HearifyV1/HearifyV1/Audio/Vowels\ Folder/KnotMale1.mp3 /Users/Veer/Library/Developer/Xcode/DerivedData/HearifyV1-ftljoypfezvlxcgouzbpmsmxzads/Build/Products/Debug-iphoneos/HearifyV1.app

CpResource /Users/Veer/Library/Developer/Xcode/DerivedData/HearifyV1-ftljoypfezvlxcgouzbpmsmxzads/Build/Products/Debug-iphoneos/HearifyV1.app/KnifeMale1.mp3 /Users/Veer/Library/Mobile\ Documents/com~apple~CloudDocs/HearifyV1/HearifyV1/Audio/Word\ Recognition/KnifeMale1.mp3 (in target 'HearifyV1' from project 'HearifyV1')
    cd /Users/Veer/Library/Mobile\ Documents/com\~apple\~CloudDocs/HearifyV1
    builtin-copy -exclude .DS_Store -exclude CVS -exclude .svn -exclude .git -exclude .hg -resolve-src-symlinks /Users/Veer/Library/Mobile\ Documents/com\~apple\~CloudDocs/HearifyV1/HearifyV1/Audio/Word\ Recognition/KnifeMale1.mp3 /Users/Veer/Library/Developer/Xcode/DerivedData/HearifyV1-ftljoypfezvlxcgouzbpmsmxzads/Build/Products/Debug-iphoneos/HearifyV1.app

CpResource /Users/Veer/Library/Developer/Xcode/DerivedData/HearifyV1-ftljoypfezvlxcgouzbpmsmxzads/Build/Products/Debug-iphoneos/HearifyV1.app/KneesMale1.mp3 /Users/Veer/Library/Mobile\ Documents/com~apple~CloudDocs/HearifyV1/HearifyV1/Audio/CM\ Folder/KneesMale1.mp3 (in target 'HearifyV1' from project 'HearifyV1')
    cd /Users/Veer/Library/Mobile\ Documents/com\~apple\~CloudDocs/HearifyV1
    builtin-copy -exclude .DS_Store -exclude CVS -exclude .svn -exclude .git -exclude .hg -resolve-src-symlinks /Users/Veer/Library/Mobile\ Documents/com\~apple\~CloudDocs/HearifyV1/HearifyV1/Audio/CM\ Folder/KneesMale1.mp3 /Users/Veer/Library/Developer/Xcode/DerivedData/HearifyV1-ftljoypfezvlxcgouzbpmsmxzads/Build/Products/Debug-iphoneos/HearifyV1.app

CpResource /Users/Veer/Library/Developer/Xcode/DerivedData/HearifyV1-ftljoypfezvlxcgouzbpmsmxzads/Build/Products/Debug-iphoneos/HearifyV1.app/KneeMale1.mp3 /Users/Veer/Library/Mobile\ Documents/com~apple~CloudDocs/HearifyV1/HearifyV1/Audio/Vowels\ Folder/KneeMale1.mp3 (in target 'HearifyV1' from project 'HearifyV1')
    cd /Users/Veer/Library/Mobile\ Documents/com\~apple\~CloudDocs/HearifyV1
    builtin-copy -exclude .DS_Store -exclude CVS -exclude .svn -exclude .git -exclude .hg -resolve-src-symlinks /Users/Veer/Library/Mobile\ Documents/com\~apple\~CloudDocs/HearifyV1/HearifyV1/Audio/Vowels\ Folder/KneeMale1.mp3 /Users/Veer/Library/Developer/Xcode/DerivedData/HearifyV1-ftljoypfezvlxcgouzbpmsmxzads/Build/Products/Debug-iphoneos/HearifyV1.app

CpResource /Users/Veer/Library/Developer/Xcode/DerivedData/HearifyV1-ftljoypfezvlxcgouzbpmsmxzads/Build/Products/Debug-iphoneos/HearifyV1.app/KiteMale1.mp3 /Users/Veer/Library/Mobile\ Documents/com~apple~CloudDocs/HearifyV1/HearifyV1/Audio/PD\ Folder/KiteMale1.mp3 (in target 'HearifyV1' from project 'HearifyV1')
    cd /Users/Veer/Library/Mobile\ Documents/com\~apple\~CloudDocs/HearifyV1
    builtin-copy -exclude .DS_Store -exclude CVS -exclude .svn -exclude .git -exclude .hg -resolve-src-symlinks /Users/Veer/Library/Mobile\ Documents/com\~apple\~CloudDocs/HearifyV1/HearifyV1/Audio/PD\ Folder/KiteMale1.mp3 /Users/Veer/Library/Developer/Xcode/DerivedData/HearifyV1-ftljoypfezvlxcgouzbpmsmxzads/Build/Products/Debug-iphoneos/HearifyV1.app

CpResource /Users/Veer/Library/Developer/Xcode/DerivedData/HearifyV1-ftljoypfezvlxcgouzbpmsmxzads/Build/Products/Debug-iphoneos/HearifyV1.app/KingMale1.mp3 /Users/Veer/Library/Mobile\ Documents/com~apple~CloudDocs/HearifyV1/HearifyV1/Audio/Word\ Recognition/KingMale1.mp3 (in target 'HearifyV1' from project 'HearifyV1')
    cd /Users/Veer/Library/Mobile\ Documents/com\~apple\~CloudDocs/HearifyV1
    builtin-copy -exclude .DS_Store -exclude CVS -exclude .svn -exclude .git -exclude .hg -resolve-src-symlinks /Users/Veer/Library/Mobile\ Documents/com\~apple\~CloudDocs/HearifyV1/HearifyV1/Audio/Word\ Recognition/KingMale1.mp3 /Users/Veer/Library/Developer/Xcode/DerivedData/HearifyV1-ftljoypfezvlxcgouzbpmsmxzads/Build/Products/Debug-iphoneos/HearifyV1.app

CpResource /Users/Veer/Library/Developer/Xcode/DerivedData/HearifyV1-ftljoypfezvlxcgouzbpmsmxzads/Build/Products/Debug-iphoneos/HearifyV1.app/KickMale1.mp3 /Users/Veer/Library/Mobile\ Documents/com~apple~CloudDocs/HearifyV1/HearifyV1/Audio/CP\ Folder/KickMale1.mp3 (in target 'HearifyV1' from project 'HearifyV1')
    cd /Users/Veer/Library/Mobile\ Documents/com\~apple\~CloudDocs/HearifyV1
    builtin-copy -exclude .DS_Store -exclude CVS -exclude .svn -exclude .git -exclude .hg -resolve-src-symlinks /Users/Veer/Library/Mobile\ Documents/com\~apple\~CloudDocs/HearifyV1/HearifyV1/Audio/CP\ Folder/KickMale1.mp3 /Users/Veer/Library/Developer/Xcode/DerivedData/HearifyV1-ftljoypfezvlxcgouzbpmsmxzads/Build/Products/Debug-iphoneos/HearifyV1.app

CpResource /Users/Veer/Library/Developer/Xcode/DerivedData/HearifyV1-ftljoypfezvlxcgouzbpmsmxzads/Build/Products/Debug-iphoneos/HearifyV1.app/KenMale1.mp3 /Users/Veer/Library/Mobile\ Documents/com~apple~CloudDocs/HearifyV1/HearifyV1/Audio/Vowels\ Folder/KenMale1.mp3 (in target 'HearifyV1' from project 'HearifyV1')
    cd /Users/Veer/Library/Mobile\ Documents/com\~apple\~CloudDocs/HearifyV1
    builtin-copy -exclude .DS_Store -exclude CVS -exclude .svn -exclude .git -exclude .hg -resolve-src-symlinks /Users/Veer/Library/Mobile\ Documents/com\~apple\~CloudDocs/HearifyV1/HearifyV1/Audio/Vowels\ Folder/KenMale1.mp3 /Users/Veer/Library/Developer/Xcode/DerivedData/HearifyV1-ftljoypfezvlxcgouzbpmsmxzads/Build/Products/Debug-iphoneos/HearifyV1.app

CpResource /Users/Veer/Library/Developer/Xcode/DerivedData/HearifyV1-ftljoypfezvlxcgouzbpmsmxzads/Build/Products/Debug-iphoneos/HearifyV1.app/KateMale3.mp3 /Users/Veer/Library/Mobile\ Documents/com~apple~CloudDocs/HearifyV1/HearifyV1/Audio/FC\ Folder/KateMale3.mp3 (in target 'HearifyV1' from project 'HearifyV1')
    cd /Users/Veer/Library/Mobile\ Documents/com\~apple\~CloudDocs/HearifyV1
    builtin-copy -exclude .DS_Store -exclude CVS -exclude .svn -exclude .git -exclude .hg -resolve-src-symlinks /Users/Veer/Library/Mobile\ Documents/com\~apple\~CloudDocs/HearifyV1/HearifyV1/Audio/FC\ Folder/KateMale3.mp3 /Users/Veer/Library/Developer/Xcode/DerivedData/HearifyV1-ftljoypfezvlxcgouzbpmsmxzads/Build/Products/Debug-iphoneos/HearifyV1.app

CpResource /Users/Veer/Library/Developer/Xcode/DerivedData/HearifyV1-ftljoypfezvlxcgouzbpmsmxzads/Build/Products/Debug-iphoneos/HearifyV1.app/KateMale2.mp3 /Users/Veer/Library/Mobile\ Documents/com~apple~CloudDocs/HearifyV1/HearifyV1/Audio/FC\ Folder/KateMale2.mp3 (in target 'HearifyV1' from project 'HearifyV1')
    cd /Users/Veer/Library/Mobile\ Documents/com\~apple\~CloudDocs/HearifyV1
    builtin-copy -exclude .DS_Store -exclude CVS -exclude .svn -exclude .git -exclude .hg -resolve-src-symlinks /Users/Veer/Library/Mobile\ Documents/com\~apple\~CloudDocs/HearifyV1/HearifyV1/Audio/FC\ Folder/KateMale2.mp3 /Users/Veer/Library/Developer/Xcode/DerivedData/HearifyV1-ftljoypfezvlxcgouzbpmsmxzads/Build/Products/Debug-iphoneos/HearifyV1.app

CpResource /Users/Veer/Library/Developer/Xcode/DerivedData/HearifyV1-ftljoypfezvlxcgouzbpmsmxzads/Build/Products/Debug-iphoneos/HearifyV1.app/KateMale1.mp3 /Users/Veer/Library/Mobile\ Documents/com~apple~CloudDocs/HearifyV1/HearifyV1/Audio/FC\ Folder/KateMale1.mp3 (in target 'HearifyV1' from project 'HearifyV1')
    cd /Users/Veer/Library/Mobile\ Documents/com\~apple\~CloudDocs/HearifyV1
    builtin-copy -exclude .DS_Store -exclude CVS -exclude .svn -exclude .git -exclude .hg -resolve-src-symlinks /Users/Veer/Library/Mobile\ Documents/com\~apple\~CloudDocs/HearifyV1/HearifyV1/Audio/FC\ Folder/KateMale1.mp3 /Users/Veer/Library/Developer/Xcode/DerivedData/HearifyV1-ftljoypfezvlxcgouzbpmsmxzads/Build/Products/Debug-iphoneos/HearifyV1.app

CpResource /Users/Veer/Library/Developer/Xcode/DerivedData/HearifyV1-ftljoypfezvlxcgouzbpmsmxzads/Build/Products/Debug-iphoneos/HearifyV1.app/KateFemale3.mp3 /Users/Veer/Library/Mobile\ Documents/com~apple~CloudDocs/HearifyV1/HearifyV1/Audio/FC\ Folder/KateFemale3.mp3 (in target 'HearifyV1' from project 'HearifyV1')
    cd /Users/Veer/Library/Mobile\ Documents/com\~apple\~CloudDocs/HearifyV1
    builtin-copy -exclude .DS_Store -exclude CVS -exclude .svn -exclude .git -exclude .hg -resolve-src-symlinks /Users/Veer/Library/Mobile\ Documents/com\~apple\~CloudDocs/HearifyV1/HearifyV1/Audio/FC\ Folder/KateFemale3.mp3 /Users/Veer/Library/Developer/Xcode/DerivedData/HearifyV1-ftljoypfezvlxcgouzbpmsmxzads/Build/Products/Debug-iphoneos/HearifyV1.app

CpResource /Users/Veer/Library/Developer/Xcode/DerivedData/HearifyV1-ftljoypfezvlxcgouzbpmsmxzads/Build/Products/Debug-iphoneos/HearifyV1.app/KateFemale2.mp3 /Users/Veer/Library/Mobile\ Documents/com~apple~CloudDocs/HearifyV1/HearifyV1/Audio/FC\ Folder/KateFemale2.mp3 (in target 'HearifyV1' from project 'HearifyV1')
    cd /Users/Veer/Library/Mobile\ Documents/com\~apple\~CloudDocs/HearifyV1
    builtin-copy -exclude .DS_Store -exclude CVS -exclude .svn -exclude .git -exclude .hg -resolve-src-symlinks /Users/Veer/Library/Mobile\ Documents/com\~apple\~CloudDocs/HearifyV1/HearifyV1/Audio/FC\ Folder/KateFemale2.mp3 /Users/Veer/Library/Developer/Xcode/DerivedData/HearifyV1-ftljoypfezvlxcgouzbpmsmxzads/Build/Products/Debug-iphoneos/HearifyV1.app

CpResource /Users/Veer/Library/Developer/Xcode/DerivedData/HearifyV1-ftljoypfezvlxcgouzbpmsmxzads/Build/Products/Debug-iphoneos/HearifyV1.app/KateFemale1.mp3 /Users/Veer/Library/Mobile\ Documents/com~apple~CloudDocs/HearifyV1/HearifyV1/Audio/FC\ Folder/KateFemale1.mp3 (in target 'HearifyV1' from project 'HearifyV1')
    cd /Users/Veer/Library/Mobile\ Documents/com\~apple\~CloudDocs/HearifyV1
    builtin-copy -exclude .DS_Store -exclude CVS -exclude .svn -exclude .git -exclude .hg -resolve-src-symlinks /Users/Veer/Library/Mobile\ Documents/com\~apple\~CloudDocs/HearifyV1/HearifyV1/Audio/FC\ Folder/KateFemale1.mp3 /Users/Veer/Library/Developer/Xcode/DerivedData/HearifyV1-ftljoypfezvlxcgouzbpmsmxzads/Build/Products/Debug-iphoneos/HearifyV1.app

CpResource /Users/Veer/Library/Developer/Xcode/DerivedData/HearifyV1-ftljoypfezvlxcgouzbpmsmxzads/Build/Products/Debug-iphoneos/HearifyV1.app/JuneMale1.mp3 /Users/Veer/Library/Mobile\ Documents/com~apple~CloudDocs/HearifyV1/HearifyV1/Audio/CM\ Folder/JuneMale1.mp3 (in target 'HearifyV1' from project 'HearifyV1')
    cd /Users/Veer/Library/Mobile\ Documents/com\~apple\~CloudDocs/HearifyV1
    builtin-copy -exclude .DS_Store -exclude CVS -exclude .svn -exclude .git -exclude .hg -resolve-src-symlinks /Users/Veer/Library/Mobile\ Documents/com\~apple\~CloudDocs/HearifyV1/HearifyV1/Audio/CM\ Folder/JuneMale1.mp3 /Users/Veer/Library/Developer/Xcode/DerivedData/HearifyV1-ftljoypfezvlxcgouzbpmsmxzads/Build/Products/Debug-iphoneos/HearifyV1.app

CpResource /Users/Veer/Library/Developer/Xcode/DerivedData/HearifyV1-ftljoypfezvlxcgouzbpmsmxzads/Build/Products/Debug-iphoneos/HearifyV1.app/JogMale1.mp3 /Users/Veer/Library/Mobile\ Documents/com~apple~CloudDocs/HearifyV1/HearifyV1/Audio/CM\ Folder/JogMale1.mp3 (in target 'HearifyV1' from project 'HearifyV1')
    cd /Users/Veer/Library/Mobile\ Documents/com\~apple\~CloudDocs/HearifyV1
    builtin-copy -exclude .DS_Store -exclude CVS -exclude .svn -exclude .git -exclude .hg -resolve-src-symlinks /Users/Veer/Library/Mobile\ Documents/com\~apple\~CloudDocs/HearifyV1/HearifyV1/Audio/CM\ Folder/JogMale1.mp3 /Users/Veer/Library/Developer/Xcode/DerivedData/HearifyV1-ftljoypfezvlxcgouzbpmsmxzads/Build/Products/Debug-iphoneos/HearifyV1.app

CpResource /Users/Veer/Library/Developer/Xcode/DerivedData/HearifyV1-ftljoypfezvlxcgouzbpmsmxzads/Build/Products/Debug-iphoneos/HearifyV1.app/JoeMale3.mp3 /Users/Veer/Library/Mobile\ Documents/com~apple~CloudDocs/HearifyV1/HearifyV1/Audio/FC\ Folder/JoeMale3.mp3 (in target 'HearifyV1' from project 'HearifyV1')
    cd /Users/Veer/Library/Mobile\ Documents/com\~apple\~CloudDocs/HearifyV1
    builtin-copy -exclude .DS_Store -exclude CVS -exclude .svn -exclude .git -exclude .hg -resolve-src-symlinks /Users/Veer/Library/Mobile\ Documents/com\~apple\~CloudDocs/HearifyV1/HearifyV1/Audio/FC\ Folder/JoeMale3.mp3 /Users/Veer/Library/Developer/Xcode/DerivedData/HearifyV1-ftljoypfezvlxcgouzbpmsmxzads/Build/Products/Debug-iphoneos/HearifyV1.app

CpResource /Users/Veer/Library/Developer/Xcode/DerivedData/HearifyV1-ftljoypfezvlxcgouzbpmsmxzads/Build/Products/Debug-iphoneos/HearifyV1.app/JoeMale2.mp3 /Users/Veer/Library/Mobile\ Documents/com~apple~CloudDocs/HearifyV1/HearifyV1/Audio/FC\ Folder/JoeMale2.mp3 (in target 'HearifyV1' from project 'HearifyV1')
    cd /Users/Veer/Library/Mobile\ Documents/com\~apple\~CloudDocs/HearifyV1
    builtin-copy -exclude .DS_Store -exclude CVS -exclude .svn -exclude .git -exclude .hg -resolve-src-symlinks /Users/Veer/Library/Mobile\ Documents/com\~apple\~CloudDocs/HearifyV1/HearifyV1/Audio/FC\ Folder/JoeMale2.mp3 /Users/Veer/Library/Developer/Xcode/DerivedData/HearifyV1-ftljoypfezvlxcgouzbpmsmxzads/Build/Products/Debug-iphoneos/HearifyV1.app

CpResource /Users/Veer/Library/Developer/Xcode/DerivedData/HearifyV1-ftljoypfezvlxcgouzbpmsmxzads/Build/Products/Debug-iphoneos/HearifyV1.app/JoeMale1.mp3 /Users/Veer/Library/Mobile\ Documents/com~apple~CloudDocs/HearifyV1/HearifyV1/Audio/FC\ Folder/JoeMale1.mp3 (in target 'HearifyV1' from project 'HearifyV1')
    cd /Users/Veer/Library/Mobile\ Documents/com\~apple\~CloudDocs/HearifyV1
    builtin-copy -exclude .DS_Store -exclude CVS -exclude .svn -exclude .git -exclude .hg -resolve-src-symlinks /Users/Veer/Library/Mobile\ Documents/com\~apple\~CloudDocs/HearifyV1/HearifyV1/Audio/FC\ Folder/JoeMale1.mp3 /Users/Veer/Library/Developer/Xcode/DerivedData/HearifyV1-ftljoypfezvlxcgouzbpmsmxzads/Build/Products/Debug-iphoneos/HearifyV1.app

CpResource /Users/Veer/Library/Developer/Xcode/DerivedData/HearifyV1-ftljoypfezvlxcgouzbpmsmxzads/Build/Products/Debug-iphoneos/HearifyV1.app/JoeFemale3.mp3 /Users/Veer/Library/Mobile\ Documents/com~apple~CloudDocs/HearifyV1/HearifyV1/Audio/FC\ Folder/JoeFemale3.mp3 (in target 'HearifyV1' from project 'HearifyV1')
    cd /Users/Veer/Library/Mobile\ Documents/com\~apple\~CloudDocs/HearifyV1
    builtin-copy -exclude .DS_Store -exclude CVS -exclude .svn -exclude .git -exclude .hg -resolve-src-symlinks /Users/Veer/Library/Mobile\ Documents/com\~apple\~CloudDocs/HearifyV1/HearifyV1/Audio/FC\ Folder/JoeFemale3.mp3 /Users/Veer/Library/Developer/Xcode/DerivedData/HearifyV1-ftljoypfezvlxcgouzbpmsmxzads/Build/Products/Debug-iphoneos/HearifyV1.app

CpResource /Users/Veer/Library/Developer/Xcode/DerivedData/HearifyV1-ftljoypfezvlxcgouzbpmsmxzads/Build/Products/Debug-iphoneos/HearifyV1.app/JoeFemale2.mp3 /Users/Veer/Library/Mobile\ Documents/com~apple~CloudDocs/HearifyV1/HearifyV1/Audio/FC\ Folder/JoeFemale2.mp3 (in target 'HearifyV1' from project 'HearifyV1')
    cd /Users/Veer/Library/Mobile\ Documents/com\~apple\~CloudDocs/HearifyV1
    builtin-copy -exclude .DS_Store -exclude CVS -exclude .svn -exclude .git -exclude .hg -resolve-src-symlinks /Users/Veer/Library/Mobile\ Documents/com\~apple\~CloudDocs/HearifyV1/HearifyV1/Audio/FC\ Folder/JoeFemale2.mp3 /Users/Veer/Library/Developer/Xcode/DerivedData/HearifyV1-ftljoypfezvlxcgouzbpmsmxzads/Build/Products/Debug-iphoneos/HearifyV1.app

CpResource /Users/Veer/Library/Developer/Xcode/DerivedData/HearifyV1-ftljoypfezvlxcgouzbpmsmxzads/Build/Products/Debug-iphoneos/HearifyV1.app/JoeFemale1.mp3 /Users/Veer/Library/Mobile\ Documents/com~apple~CloudDocs/HearifyV1/HearifyV1/Audio/FC\ Folder/JoeFemale1.mp3 (in target 'HearifyV1' from project 'HearifyV1')
    cd /Users/Veer/Library/Mobile\ Documents/com\~apple\~CloudDocs/HearifyV1
    builtin-copy -exclude .DS_Store -exclude CVS -exclude .svn -exclude .git -exclude .hg -resolve-src-symlinks /Users/Veer/Library/Mobile\ Documents/com\~apple\~CloudDocs/HearifyV1/HearifyV1/Audio/FC\ Folder/JoeFemale1.mp3 /Users/Veer/Library/Developer/Xcode/DerivedData/HearifyV1-ftljoypfezvlxcgouzbpmsmxzads/Build/Products/Debug-iphoneos/HearifyV1.app

CpResource /Users/Veer/Library/Developer/Xcode/DerivedData/HearifyV1-ftljoypfezvlxcgouzbpmsmxzads/Build/Products/Debug-iphoneos/HearifyV1.app/JoanMale3.mp3 /Users/Veer/Library/Mobile\ Documents/com~apple~CloudDocs/HearifyV1/HearifyV1/Audio/FC\ Folder/JoanMale3.mp3 (in target 'HearifyV1' from project 'HearifyV1')
    cd /Users/Veer/Library/Mobile\ Documents/com\~apple\~CloudDocs/HearifyV1
    builtin-copy -exclude .DS_Store -exclude CVS -exclude .svn -exclude .git -exclude .hg -resolve-src-symlinks /Users/Veer/Library/Mobile\ Documents/com\~apple\~CloudDocs/HearifyV1/HearifyV1/Audio/FC\ Folder/JoanMale3.mp3 /Users/Veer/Library/Developer/Xcode/DerivedData/HearifyV1-ftljoypfezvlxcgouzbpmsmxzads/Build/Products/Debug-iphoneos/HearifyV1.app

CpResource /Users/Veer/Library/Developer/Xcode/DerivedData/HearifyV1-ftljoypfezvlxcgouzbpmsmxzads/Build/Products/Debug-iphoneos/HearifyV1.app/JoanMale2.mp3 /Users/Veer/Library/Mobile\ Documents/com~apple~CloudDocs/HearifyV1/HearifyV1/Audio/FC\ Folder/JoanMale2.mp3 (in target 'HearifyV1' from project 'HearifyV1')
    cd /Users/Veer/Library/Mobile\ Documents/com\~apple\~CloudDocs/HearifyV1
    builtin-copy -exclude .DS_Store -exclude CVS -exclude .svn -exclude .git -exclude .hg -resolve-src-symlinks /Users/Veer/Library/Mobile\ Documents/com\~apple\~CloudDocs/HearifyV1/HearifyV1/Audio/FC\ Folder/JoanMale2.mp3 /Users/Veer/Library/Developer/Xcode/DerivedData/HearifyV1-ftljoypfezvlxcgouzbpmsmxzads/Build/Products/Debug-iphoneos/HearifyV1.app

CpResource /Users/Veer/Library/Developer/Xcode/DerivedData/HearifyV1-ftljoypfezvlxcgouzbpmsmxzads/Build/Products/Debug-iphoneos/HearifyV1.app/JoanMale1.mp3 /Users/Veer/Library/Mobile\ Documents/com~apple~CloudDocs/HearifyV1/HearifyV1/Audio/FC\ Folder/JoanMale1.mp3 (in target 'HearifyV1' from project 'HearifyV1')
    cd /Users/Veer/Library/Mobile\ Documents/com\~apple\~CloudDocs/HearifyV1
    builtin-copy -exclude .DS_Store -exclude CVS -exclude .svn -exclude .git -exclude .hg -resolve-src-symlinks /Users/Veer/Library/Mobile\ Documents/com\~apple\~CloudDocs/HearifyV1/HearifyV1/Audio/FC\ Folder/JoanMale1.mp3 /Users/Veer/Library/Developer/Xcode/DerivedData/HearifyV1-ftljoypfezvlxcgouzbpmsmxzads/Build/Products/Debug-iphoneos/HearifyV1.app

CpResource /Users/Veer/Library/Developer/Xcode/DerivedData/HearifyV1-ftljoypfezvlxcgouzbpmsmxzads/Build/Products/Debug-iphoneos/HearifyV1.app/JoanFemale3.mp3 /Users/Veer/Library/Mobile\ Documents/com~apple~CloudDocs/HearifyV1/HearifyV1/Audio/FC\ Folder/JoanFemale3.mp3 (in target 'HearifyV1' from project 'HearifyV1')
    cd /Users/Veer/Library/Mobile\ Documents/com\~apple\~CloudDocs/HearifyV1
    builtin-copy -exclude .DS_Store -exclude CVS -exclude .svn -exclude .git -exclude .hg -resolve-src-symlinks /Users/Veer/Library/Mobile\ Documents/com\~apple\~CloudDocs/HearifyV1/HearifyV1/Audio/FC\ Folder/JoanFemale3.mp3 /Users/Veer/Library/Developer/Xcode/DerivedData/HearifyV1-ftljoypfezvlxcgouzbpmsmxzads/Build/Products/Debug-iphoneos/HearifyV1.app

CpResource /Users/Veer/Library/Developer/Xcode/DerivedData/HearifyV1-ftljoypfezvlxcgouzbpmsmxzads/Build/Products/Debug-iphoneos/HearifyV1.app/JoanFemale2.mp3 /Users/Veer/Library/Mobile\ Documents/com~apple~CloudDocs/HearifyV1/HearifyV1/Audio/FC\ Folder/JoanFemale2.mp3 (in target 'HearifyV1' from project 'HearifyV1')
    cd /Users/Veer/Library/Mobile\ Documents/com\~apple\~CloudDocs/HearifyV1
    builtin-copy -exclude .DS_Store -exclude CVS -exclude .svn -exclude .git -exclude .hg -resolve-src-symlinks /Users/Veer/Library/Mobile\ Documents/com\~apple\~CloudDocs/HearifyV1/HearifyV1/Audio/FC\ Folder/JoanFemale2.mp3 /Users/Veer/Library/Developer/Xcode/DerivedData/HearifyV1-ftljoypfezvlxcgouzbpmsmxzads/Build/Products/Debug-iphoneos/HearifyV1.app

CpResource /Users/Veer/Library/Developer/Xcode/DerivedData/HearifyV1-ftljoypfezvlxcgouzbpmsmxzads/Build/Products/Debug-iphoneos/HearifyV1.app/JoanFemale1.mp3 /Users/Veer/Library/Mobile\ Documents/com~apple~CloudDocs/HearifyV1/HearifyV1/Audio/FC\ Folder/JoanFemale1.mp3 (in target 'HearifyV1' from project 'HearifyV1')
    cd /Users/Veer/Library/Mobile\ Documents/com\~apple\~CloudDocs/HearifyV1
    builtin-copy -exclude .DS_Store -exclude CVS -exclude .svn -exclude .git -exclude .hg -resolve-src-symlinks /Users/Veer/Library/Mobile\ Documents/com\~apple\~CloudDocs/HearifyV1/HearifyV1/Audio/FC\ Folder/JoanFemale1.mp3 /Users/Veer/Library/Developer/Xcode/DerivedData/HearifyV1-ftljoypfezvlxcgouzbpmsmxzads/Build/Products/Debug-iphoneos/HearifyV1.app

CpResource /Users/Veer/Library/Developer/Xcode/DerivedData/HearifyV1-ftljoypfezvlxcgouzbpmsmxzads/Build/Products/Debug-iphoneos/HearifyV1.app/JetMale1.mp3 /Users/Veer/Library/Mobile\ Documents/com~apple~CloudDocs/HearifyV1/HearifyV1/Audio/CM\ Folder/JetMale1.mp3 (in target 'HearifyV1' from project 'HearifyV1')
    cd /Users/Veer/Library/Mobile\ Documents/com\~apple\~CloudDocs/HearifyV1
    builtin-copy -exclude .DS_Store -exclude CVS -exclude .svn -exclude .git -exclude .hg -resolve-src-symlinks /Users/Veer/Library/Mobile\ Documents/com\~apple\~CloudDocs/HearifyV1/HearifyV1/Audio/CM\ Folder/JetMale1.mp3 /Users/Veer/Library/Developer/Xcode/DerivedData/HearifyV1-ftljoypfezvlxcgouzbpmsmxzads/Build/Products/Debug-iphoneos/HearifyV1.app

CpResource /Users/Veer/Library/Developer/Xcode/DerivedData/HearifyV1-ftljoypfezvlxcgouzbpmsmxzads/Build/Products/Debug-iphoneos/HearifyV1.app/JessMale1.mp3 /Users/Veer/Library/Mobile\ Documents/com~apple~CloudDocs/HearifyV1/HearifyV1/Audio/CV\ Data/JessMale1.mp3 (in target 'HearifyV1' from project 'HearifyV1')
    cd /Users/Veer/Library/Mobile\ Documents/com\~apple\~CloudDocs/HearifyV1
    builtin-copy -exclude .DS_Store -exclude CVS -exclude .svn -exclude .git -exclude .hg -resolve-src-symlinks /Users/Veer/Library/Mobile\ Documents/com\~apple\~CloudDocs/HearifyV1/HearifyV1/Audio/CV\ Data/JessMale1.mp3 /Users/Veer/Library/Developer/Xcode/DerivedData/HearifyV1-ftljoypfezvlxcgouzbpmsmxzads/Build/Products/Debug-iphoneos/HearifyV1.app

CpResource /Users/Veer/Library/Developer/Xcode/DerivedData/HearifyV1-ftljoypfezvlxcgouzbpmsmxzads/Build/Products/Debug-iphoneos/HearifyV1.app/Jell-OMale1.mp3 /Users/Veer/Library/Mobile\ Documents/com~apple~CloudDocs/HearifyV1/HearifyV1/Audio/CV\ Data/Jell-OMale1.mp3 (in target 'HearifyV1' from project 'HearifyV1')
    cd /Users/Veer/Library/Mobile\ Documents/com\~apple\~CloudDocs/HearifyV1
    builtin-copy -exclude .DS_Store -exclude CVS -exclude .svn -exclude .git -exclude .hg -resolve-src-symlinks /Users/Veer/Library/Mobile\ Documents/com\~apple\~CloudDocs/HearifyV1/HearifyV1/Audio/CV\ Data/Jell-OMale1.mp3 /Users/Veer/Library/Developer/Xcode/DerivedData/HearifyV1-ftljoypfezvlxcgouzbpmsmxzads/Build/Products/Debug-iphoneos/HearifyV1.app

CpResource /Users/Veer/Library/Developer/Xcode/DerivedData/HearifyV1-ftljoypfezvlxcgouzbpmsmxzads/Build/Products/Debug-iphoneos/HearifyV1.app/JeepMale1.mp3 /Users/Veer/Library/Mobile\ Documents/com~apple~CloudDocs/HearifyV1/HearifyV1/Audio/CV\ Data/JeepMale1.mp3 (in target 'HearifyV1' from project 'HearifyV1')
    cd /Users/Veer/Library/Mobile\ Documents/com\~apple\~CloudDocs/HearifyV1
    builtin-copy -exclude .DS_Store -exclude CVS -exclude .svn -exclude .git -exclude .hg -resolve-src-symlinks /Users/Veer/Library/Mobile\ Documents/com\~apple\~CloudDocs/HearifyV1/HearifyV1/Audio/CV\ Data/JeepMale1.mp3 /Users/Veer/Library/Developer/Xcode/DerivedData/HearifyV1-ftljoypfezvlxcgouzbpmsmxzads/Build/Products/Debug-iphoneos/HearifyV1.app

CpResource /Users/Veer/Library/Developer/Xcode/DerivedData/HearifyV1-ftljoypfezvlxcgouzbpmsmxzads/Build/Products/Debug-iphoneos/HearifyV1.app/JedMale1.mp3 /Users/Veer/Library/Mobile\ Documents/com~apple~CloudDocs/HearifyV1/HearifyV1/Audio/CM\ Folder/JedMale1.mp3 (in target 'HearifyV1' from project 'HearifyV1')
    cd /Users/Veer/Library/Mobile\ Documents/com\~apple\~CloudDocs/HearifyV1
    builtin-copy -exclude .DS_Store -exclude CVS -exclude .svn -exclude .git -exclude .hg -resolve-src-symlinks /Users/Veer/Library/Mobile\ Documents/com\~apple\~CloudDocs/HearifyV1/HearifyV1/Audio/CM\ Folder/JedMale1.mp3 /Users/Veer/Library/Developer/Xcode/DerivedData/HearifyV1-ftljoypfezvlxcgouzbpmsmxzads/Build/Products/Debug-iphoneos/HearifyV1.app

CpResource /Users/Veer/Library/Developer/Xcode/DerivedData/HearifyV1-ftljoypfezvlxcgouzbpmsmxzads/Build/Products/Debug-iphoneos/HearifyV1.app/JawMale1.mp3 /Users/Veer/Library/Mobile\ Documents/com~apple~CloudDocs/HearifyV1/HearifyV1/Audio/CM\ Folder/JawMale1.mp3 (in target 'HearifyV1' from project 'HearifyV1')
    cd /Users/Veer/Library/Mobile\ Documents/com\~apple\~CloudDocs/HearifyV1
    builtin-copy -exclude .DS_Store -exclude CVS -exclude .svn -exclude .git -exclude .hg -resolve-src-symlinks /Users/Veer/Library/Mobile\ Documents/com\~apple\~CloudDocs/HearifyV1/HearifyV1/Audio/CM\ Folder/JawMale1.mp3 /Users/Veer/Library/Developer/Xcode/DerivedData/HearifyV1-ftljoypfezvlxcgouzbpmsmxzads/Build/Products/Debug-iphoneos/HearifyV1.app

CpResource /Users/Veer/Library/Developer/Xcode/DerivedData/HearifyV1-ftljoypfezvlxcgouzbpmsmxzads/Build/Products/Debug-iphoneos/HearifyV1.app/JaneMale1.mp3 /Users/Veer/Library/Mobile\ Documents/com~apple~CloudDocs/HearifyV1/HearifyV1/Audio/CV\ Data/JaneMale1.mp3 (in target 'HearifyV1' from project 'HearifyV1')
    cd /Users/Veer/Library/Mobile\ Documents/com\~apple\~CloudDocs/HearifyV1
    builtin-copy -exclude .DS_Store -exclude CVS -exclude .svn -exclude .git -exclude .hg -resolve-src-symlinks /Users/Veer/Library/Mobile\ Documents/com\~apple\~CloudDocs/HearifyV1/HearifyV1/Audio/CV\ Data/JaneMale1.mp3 /Users/Veer/Library/Developer/Xcode/DerivedData/HearifyV1-ftljoypfezvlxcgouzbpmsmxzads/Build/Products/Debug-iphoneos/HearifyV1.app

CpResource /Users/Veer/Library/Developer/Xcode/DerivedData/HearifyV1-ftljoypfezvlxcgouzbpmsmxzads/Build/Products/Debug-iphoneos/HearifyV1.app/JanMale1.mp3 /Users/Veer/Library/Mobile\ Documents/com~apple~CloudDocs/HearifyV1/HearifyV1/Audio/CM\ Folder/JanMale1.mp3 (in target 'HearifyV1' from project 'HearifyV1')
    cd /Users/Veer/Library/Mobile\ Documents/com\~apple\~CloudDocs/HearifyV1
    builtin-copy -exclude .DS_Store -exclude CVS -exclude .svn -exclude .git -exclude .hg -resolve-src-symlinks /Users/Veer/Library/Mobile\ Documents/com\~apple\~CloudDocs/HearifyV1/HearifyV1/Audio/CM\ Folder/JanMale1.mp3 /Users/Veer/Library/Developer/Xcode/DerivedData/HearifyV1-ftljoypfezvlxcgouzbpmsmxzads/Build/Products/Debug-iphoneos/HearifyV1.app

CpResource /Users/Veer/Library/Developer/Xcode/DerivedData/HearifyV1-ftljoypfezvlxcgouzbpmsmxzads/Build/Products/Debug-iphoneos/HearifyV1.app/JakeMale1.mp3 /Users/Veer/Library/Mobile\ Documents/com~apple~CloudDocs/HearifyV1/HearifyV1/Audio/CM\ Folder/JakeMale1.mp3 (in target 'HearifyV1' from project 'HearifyV1')
    cd /Users/Veer/Library/Mobile\ Documents/com\~apple\~CloudDocs/HearifyV1
    builtin-copy -exclude .DS_Store -exclude CVS -exclude .svn -exclude .git -exclude .hg -resolve-src-symlinks /Users/Veer/Library/Mobile\ Documents/com\~apple\~CloudDocs/HearifyV1/HearifyV1/Audio/CM\ Folder/JakeMale1.mp3 /Users/Veer/Library/Developer/Xcode/DerivedData/HearifyV1-ftljoypfezvlxcgouzbpmsmxzads/Build/Products/Debug-iphoneos/HearifyV1.app

CpResource /Users/Veer/Library/Developer/Xcode/DerivedData/HearifyV1-ftljoypfezvlxcgouzbpmsmxzads/Build/Products/Debug-iphoneos/HearifyV1.app/JackMale1.mp3 /Users/Veer/Library/Mobile\ Documents/com~apple~CloudDocs/HearifyV1/HearifyV1/Audio/CM\ Folder/JackMale1.mp3 (in target 'HearifyV1' from project 'HearifyV1')
    cd /Users/Veer/Library/Mobile\ Documents/com\~apple\~CloudDocs/HearifyV1
    builtin-copy -exclude .DS_Store -exclude CVS -exclude .svn -exclude .git -exclude .hg -resolve-src-symlinks /Users/Veer/Library/Mobile\ Documents/com\~apple\~CloudDocs/HearifyV1/HearifyV1/Audio/CM\ Folder/JackMale1.mp3 /Users/Veer/Library/Developer/Xcode/DerivedData/HearifyV1-ftljoypfezvlxcgouzbpmsmxzads/Build/Products/Debug-iphoneos/HearifyV1.app

CpResource /Users/Veer/Library/Developer/Xcode/DerivedData/HearifyV1-ftljoypfezvlxcgouzbpmsmxzads/Build/Products/Debug-iphoneos/HearifyV1.app/I\ ordered\ pizza\ with\ extra\ cheeseMale1.mp3 /Users/Veer/Library/Mobile\ Documents/com~apple~CloudDocs/HearifyV1/HearifyV1/Audio/Sentences/I\ ordered\ pizza\ with\ extra\ cheeseMale1.mp3 (in target 'HearifyV1' from project 'HearifyV1')
    cd /Users/Veer/Library/Mobile\ Documents/com\~apple\~CloudDocs/HearifyV1
    builtin-copy -exclude .DS_Store -exclude CVS -exclude .svn -exclude .git -exclude .hg -resolve-src-symlinks /Users/Veer/Library/Mobile\ Documents/com\~apple\~CloudDocs/HearifyV1/HearifyV1/Audio/Sentences/I\ ordered\ pizza\ with\ extra\ cheeseMale1.mp3 /Users/Veer/Library/Developer/Xcode/DerivedData/HearifyV1-ftljoypfezvlxcgouzbpmsmxzads/Build/Products/Debug-iphoneos/HearifyV1.app

CpResource /Users/Veer/Library/Developer/Xcode/DerivedData/HearifyV1-ftljoypfezvlxcgouzbpmsmxzads/Build/Products/Debug-iphoneos/HearifyV1.app/I\ left\ my\ umbrella\ at\ the\ officeMale1.mp3 /Users/Veer/Library/Mobile\ Documents/com~apple~CloudDocs/HearifyV1/HearifyV1/Audio/Sentences/I\ left\ my\ umbrella\ at\ the\ officeMale1.mp3 (in target 'HearifyV1' from project 'HearifyV1')
    cd /Users/Veer/Library/Mobile\ Documents/com\~apple\~CloudDocs/HearifyV1
    builtin-copy -exclude .DS_Store -exclude CVS -exclude .svn -exclude .git -exclude .hg -resolve-src-symlinks /Users/Veer/Library/Mobile\ Documents/com\~apple\~CloudDocs/HearifyV1/HearifyV1/Audio/Sentences/I\ left\ my\ umbrella\ at\ the\ officeMale1.mp3 /Users/Veer/Library/Developer/Xcode/DerivedData/HearifyV1-ftljoypfezvlxcgouzbpmsmxzads/Build/Products/Debug-iphoneos/HearifyV1.app

CpResource /Users/Veer/Library/Developer/Xcode/DerivedData/HearifyV1-ftljoypfezvlxcgouzbpmsmxzads/Build/Products/Debug-iphoneos/HearifyV1.app/HusbandMale1.mp3 /Users/Veer/Library/Mobile\ Documents/com~apple~CloudDocs/HearifyV1/HearifyV1/Audio/PD\ Folder/HusbandMale1.mp3 (in target 'HearifyV1' from project 'HearifyV1')
    cd /Users/Veer/Library/Mobile\ Documents/com\~apple\~CloudDocs/HearifyV1
    builtin-copy -exclude .DS_Store -exclude CVS -exclude .svn -exclude .git -exclude .hg -resolve-src-symlinks /Users/Veer/Library/Mobile\ Documents/com\~apple\~CloudDocs/HearifyV1/HearifyV1/Audio/PD\ Folder/HusbandMale1.mp3 /Users/Veer/Library/Developer/Xcode/DerivedData/HearifyV1-ftljoypfezvlxcgouzbpmsmxzads/Build/Products/Debug-iphoneos/HearifyV1.app

CpResource /Users/Veer/Library/Developer/Xcode/DerivedData/HearifyV1-ftljoypfezvlxcgouzbpmsmxzads/Build/Products/Debug-iphoneos/HearifyV1.app/HouseMale1.mp3 /Users/Veer/Library/Mobile\ Documents/com~apple~CloudDocs/HearifyV1/HearifyV1/Audio/Syllables/Supra\ -\ 1\ v\ 3/HouseMale1.mp3 (in target 'HearifyV1' from project 'HearifyV1')
    cd /Users/Veer/Library/Mobile\ Documents/com\~apple\~CloudDocs/HearifyV1
    builtin-copy -exclude .DS_Store -exclude CVS -exclude .svn -exclude .git -exclude .hg -resolve-src-symlinks /Users/Veer/Library/Mobile\ Documents/com\~apple\~CloudDocs/HearifyV1/HearifyV1/Audio/Syllables/Supra\ -\ 1\ v\ 3/HouseMale1.mp3 /Users/Veer/Library/Developer/Xcode/DerivedData/HearifyV1-ftljoypfezvlxcgouzbpmsmxzads/Build/Products/Debug-iphoneos/HearifyV1.app

CpResource /Users/Veer/Library/Developer/Xcode/DerivedData/HearifyV1-ftljoypfezvlxcgouzbpmsmxzads/Build/Products/Debug-iphoneos/HearifyV1.app/HotMale1.mp3 /Users/Veer/Library/Mobile\ Documents/com~apple~CloudDocs/HearifyV1/HearifyV1/Audio/Vowels\ Folder/HotMale1.mp3 (in target 'HearifyV1' from project 'HearifyV1')
    cd /Users/Veer/Library/Mobile\ Documents/com\~apple\~CloudDocs/HearifyV1
    builtin-copy -exclude .DS_Store -exclude CVS -exclude .svn -exclude .git -exclude .hg -resolve-src-symlinks /Users/Veer/Library/Mobile\ Documents/com\~apple\~CloudDocs/HearifyV1/HearifyV1/Audio/Vowels\ Folder/HotMale1.mp3 /Users/Veer/Library/Developer/Xcode/DerivedData/HearifyV1-ftljoypfezvlxcgouzbpmsmxzads/Build/Products/Debug-iphoneos/HearifyV1.app

CpResource /Users/Veer/Library/Developer/Xcode/DerivedData/HearifyV1-ftljoypfezvlxcgouzbpmsmxzads/Build/Products/Debug-iphoneos/HearifyV1.app/Hot\ DogMale1.mp3 /Users/Veer/Library/Mobile\ Documents/com~apple~CloudDocs/HearifyV1/HearifyV1/Audio/Syllables/Supra\ 1\ v\ 2/Hot\ DogMale1.mp3 (in target 'HearifyV1' from project 'HearifyV1')
    cd /Users/Veer/Library/Mobile\ Documents/com\~apple\~CloudDocs/HearifyV1
    builtin-copy -exclude .DS_Store -exclude CVS -exclude .svn -exclude .git -exclude .hg -resolve-src-symlinks /Users/Veer/Library/Mobile\ Documents/com\~apple\~CloudDocs/HearifyV1/HearifyV1/Audio/Syllables/Supra\ 1\ v\ 2/Hot\ DogMale1.mp3 /Users/Veer/Library/Developer/Xcode/DerivedData/HearifyV1-ftljoypfezvlxcgouzbpmsmxzads/Build/Products/Debug-iphoneos/HearifyV1.app

CpResource /Users/Veer/Library/Developer/Xcode/DerivedData/HearifyV1-ftljoypfezvlxcgouzbpmsmxzads/Build/Products/Debug-iphoneos/HearifyV1.app/HootMale1.mp3 /Users/Veer/Library/Mobile\ Documents/com~apple~CloudDocs/HearifyV1/HearifyV1/Audio/Vowels\ Folder/HootMale1.mp3 (in target 'HearifyV1' from project 'HearifyV1')
    cd /Users/Veer/Library/Mobile\ Documents/com\~apple\~CloudDocs/HearifyV1
    builtin-copy -exclude .DS_Store -exclude CVS -exclude .svn -exclude .git -exclude .hg -resolve-src-symlinks /Users/Veer/Library/Mobile\ Documents/com\~apple\~CloudDocs/HearifyV1/HearifyV1/Audio/Vowels\ Folder/HootMale1.mp3 /Users/Veer/Library/Developer/Xcode/DerivedData/HearifyV1-ftljoypfezvlxcgouzbpmsmxzads/Build/Products/Debug-iphoneos/HearifyV1.app

CpResource /Users/Veer/Library/Developer/Xcode/DerivedData/HearifyV1-ftljoypfezvlxcgouzbpmsmxzads/Build/Products/Debug-iphoneos/HearifyV1.app/HomeMale1.mp3 /Users/Veer/Library/Mobile\ Documents/com~apple~CloudDocs/HearifyV1/HearifyV1/Audio/PD\ Folder/HomeMale1.mp3 (in target 'HearifyV1' from project 'HearifyV1')
    cd /Users/Veer/Library/Mobile\ Documents/com\~apple\~CloudDocs/HearifyV1
    builtin-copy -exclude .DS_Store -exclude CVS -exclude .svn -exclude .git -exclude .hg -resolve-src-symlinks /Users/Veer/Library/Mobile\ Documents/com\~apple\~CloudDocs/HearifyV1/HearifyV1/Audio/PD\ Folder/HomeMale1.mp3 /Users/Veer/Library/Developer/Xcode/DerivedData/HearifyV1-ftljoypfezvlxcgouzbpmsmxzads/Build/Products/Debug-iphoneos/HearifyV1.app

CpResource /Users/Veer/Library/Developer/Xcode/DerivedData/HearifyV1-ftljoypfezvlxcgouzbpmsmxzads/Build/Products/Debug-iphoneos/HearifyV1.app/HeatMale1.mp3 /Users/Veer/Library/Mobile\ Documents/com~apple~CloudDocs/HearifyV1/HearifyV1/Audio/Vowels\ Folder/HeatMale1.mp3 (in target 'HearifyV1' from project 'HearifyV1')
    cd /Users/Veer/Library/Mobile\ Documents/com\~apple\~CloudDocs/HearifyV1
    builtin-copy -exclude .DS_Store -exclude CVS -exclude .svn -exclude .git -exclude .hg -resolve-src-symlinks /Users/Veer/Library/Mobile\ Documents/com\~apple\~CloudDocs/HearifyV1/HearifyV1/Audio/Vowels\ Folder/HeatMale1.mp3 /Users/Veer/Library/Developer/Xcode/DerivedData/HearifyV1-ftljoypfezvlxcgouzbpmsmxzads/Build/Products/Debug-iphoneos/HearifyV1.app

CpResource /Users/Veer/Library/Developer/Xcode/DerivedData/HearifyV1-ftljoypfezvlxcgouzbpmsmxzads/Build/Products/Debug-iphoneos/HearifyV1.app/HappyMale1.mp3 /Users/Veer/Library/Mobile\ Documents/com~apple~CloudDocs/HearifyV1/HearifyV1/Audio/Syllables/Supra\ 2\ v3/HappyMale1.mp3 (in target 'HearifyV1' from project 'HearifyV1')
    cd /Users/Veer/Library/Mobile\ Documents/com\~apple\~CloudDocs/HearifyV1
    builtin-copy -exclude .DS_Store -exclude CVS -exclude .svn -exclude .git -exclude .hg -resolve-src-symlinks /Users/Veer/Library/Mobile\ Documents/com\~apple\~CloudDocs/HearifyV1/HearifyV1/Audio/Syllables/Supra\ 2\ v3/HappyMale1.mp3 /Users/Veer/Library/Developer/Xcode/DerivedData/HearifyV1-ftljoypfezvlxcgouzbpmsmxzads/Build/Products/Debug-iphoneos/HearifyV1.app

CpResource /Users/Veer/Library/Developer/Xcode/DerivedData/HearifyV1-ftljoypfezvlxcgouzbpmsmxzads/Build/Products/Debug-iphoneos/HearifyV1.app/HatMale1.mp3 /Users/Veer/Library/Mobile\ Documents/com~apple~CloudDocs/HearifyV1/HearifyV1/Audio/Vowels\ Folder/HatMale1.mp3 (in target 'HearifyV1' from project 'HearifyV1')
    cd /Users/Veer/Library/Mobile\ Documents/com\~apple\~CloudDocs/HearifyV1
    builtin-copy -exclude .DS_Store -exclude CVS -exclude .svn -exclude .git -exclude .hg -resolve-src-symlinks /Users/Veer/Library/Mobile\ Documents/com\~apple\~CloudDocs/HearifyV1/HearifyV1/Audio/Vowels\ Folder/HatMale1.mp3 /Users/Veer/Library/Developer/Xcode/DerivedData/HearifyV1-ftljoypfezvlxcgouzbpmsmxzads/Build/Products/Debug-iphoneos/HearifyV1.app

CpResource /Users/Veer/Library/Developer/Xcode/DerivedData/HearifyV1-ftljoypfezvlxcgouzbpmsmxzads/Build/Products/Debug-iphoneos/HearifyV1.app/HamsterMale1.mp3 /Users/Veer/Library/Mobile\ Documents/com~apple~CloudDocs/HearifyV1/HearifyV1/Audio/Syllables/Supra\ 1\ v\ 2/HamsterMale1.mp3 (in target 'HearifyV1' from project 'HearifyV1')
    cd /Users/Veer/Library/Mobile\ Documents/com\~apple\~CloudDocs/HearifyV1
    builtin-copy -exclude .DS_Store -exclude CVS -exclude .svn -exclude .git -exclude .hg -resolve-src-symlinks /Users/Veer/Library/Mobile\ Documents/com\~apple\~CloudDocs/HearifyV1/HearifyV1/Audio/Syllables/Supra\ 1\ v\ 2/HamsterMale1.mp3 /Users/Veer/Library/Developer/Xcode/DerivedData/HearifyV1-ftljoypfezvlxcgouzbpmsmxzads/Build/Products/Debug-iphoneos/HearifyV1.app

CpResource /Users/Veer/Library/Developer/Xcode/DerivedData/HearifyV1-ftljoypfezvlxcgouzbpmsmxzads/Build/Products/Debug-iphoneos/HearifyV1.app/HamMale1.mp3 /Users/Veer/Library/Mobile\ Documents/com~apple~CloudDocs/HearifyV1/HearifyV1/Audio/Vowels\ Folder/HamMale1.mp3 (in target 'HearifyV1' from project 'HearifyV1')
    cd /Users/Veer/Library/Mobile\ Documents/com\~apple\~CloudDocs/HearifyV1
    builtin-copy -exclude .DS_Store -exclude CVS -exclude .svn -exclude .git -exclude .hg -resolve-src-symlinks /Users/Veer/Library/Mobile\ Documents/com\~apple\~CloudDocs/HearifyV1/HearifyV1/Audio/Vowels\ Folder/HamMale1.mp3 /Users/Veer/Library/Developer/Xcode/DerivedData/HearifyV1-ftljoypfezvlxcgouzbpmsmxzads/Build/Products/Debug-iphoneos/HearifyV1.app

CpResource /Users/Veer/Library/Developer/Xcode/DerivedData/HearifyV1-ftljoypfezvlxcgouzbpmsmxzads/Build/Products/Debug-iphoneos/HearifyV1.app/GumMale1.mp3 /Users/Veer/Library/Mobile\ Documents/com~apple~CloudDocs/HearifyV1/HearifyV1/Audio/PD\ Folder/GumMale1.mp3 (in target 'HearifyV1' from project 'HearifyV1')
    cd /Users/Veer/Library/Mobile\ Documents/com\~apple\~CloudDocs/HearifyV1
    builtin-copy -exclude .DS_Store -exclude CVS -exclude .svn -exclude .git -exclude .hg -resolve-src-symlinks /Users/Veer/Library/Mobile\ Documents/com\~apple\~CloudDocs/HearifyV1/HearifyV1/Audio/PD\ Folder/GumMale1.mp3 /Users/Veer/Library/Developer/Xcode/DerivedData/HearifyV1-ftljoypfezvlxcgouzbpmsmxzads/Build/Products/Debug-iphoneos/HearifyV1.app

CpResource /Users/Veer/Library/Developer/Xcode/DerivedData/HearifyV1-ftljoypfezvlxcgouzbpmsmxzads/Build/Products/Debug-iphoneos/HearifyV1.app/GrindMale1.mp3 /Users/Veer/Library/Mobile\ Documents/com~apple~CloudDocs/HearifyV1/HearifyV1/Audio/Word\ Recognition/GrindMale1.mp3 (in target 'HearifyV1' from project 'HearifyV1')
    cd /Users/Veer/Library/Mobile\ Documents/com\~apple\~CloudDocs/HearifyV1
    builtin-copy -exclude .DS_Store -exclude CVS -exclude .svn -exclude .git -exclude .hg -resolve-src-symlinks /Users/Veer/Library/Mobile\ Documents/com\~apple\~CloudDocs/HearifyV1/HearifyV1/Audio/Word\ Recognition/GrindMale1.mp3 /Users/Veer/Library/Developer/Xcode/DerivedData/HearifyV1-ftljoypfezvlxcgouzbpmsmxzads/Build/Products/Debug-iphoneos/HearifyV1.app

CpResource /Users/Veer/Library/Developer/Xcode/DerivedData/HearifyV1-ftljoypfezvlxcgouzbpmsmxzads/Build/Products/Debug-iphoneos/HearifyV1.app/GreenMale1.mp3 /Users/Veer/Library/Mobile\ Documents/com~apple~CloudDocs/HearifyV1/HearifyV1/Audio/PD\ Folder/GreenMale1.mp3 (in target 'HearifyV1' from project 'HearifyV1')
    cd /Users/Veer/Library/Mobile\ Documents/com\~apple\~CloudDocs/HearifyV1
    builtin-copy -exclude .DS_Store -exclude CVS -exclude .svn -exclude .git -exclude .hg -resolve-src-symlinks /Users/Veer/Library/Mobile\ Documents/com\~apple\~CloudDocs/HearifyV1/HearifyV1/Audio/PD\ Folder/GreenMale1.mp3 /Users/Veer/Library/Developer/Xcode/DerivedData/HearifyV1-ftljoypfezvlxcgouzbpmsmxzads/Build/Products/Debug-iphoneos/HearifyV1.app

CpResource /Users/Veer/Library/Developer/Xcode/DerivedData/HearifyV1-ftljoypfezvlxcgouzbpmsmxzads/Build/Products/Debug-iphoneos/HearifyV1.app/Grape\ JuiceMale1.mp3 /Users/Veer/Library/Mobile\ Documents/com~apple~CloudDocs/HearifyV1/HearifyV1/Audio/Syllables/Supra\ 1\ v\ 2/Grape\ JuiceMale1.mp3 (in target 'HearifyV1' from project 'HearifyV1')
    cd /Users/Veer/Library/Mobile\ Documents/com\~apple\~CloudDocs/HearifyV1
    builtin-copy -exclude .DS_Store -exclude CVS -exclude .svn -exclude .git -exclude .hg -resolve-src-symlinks /Users/Veer/Library/Mobile\ Documents/com\~apple\~CloudDocs/HearifyV1/HearifyV1/Audio/Syllables/Supra\ 1\ v\ 2/Grape\ JuiceMale1.mp3 /Users/Veer/Library/Developer/Xcode/DerivedData/HearifyV1-ftljoypfezvlxcgouzbpmsmxzads/Build/Products/Debug-iphoneos/HearifyV1.app

CpResource /Users/Veer/Library/Developer/Xcode/DerivedData/HearifyV1-ftljoypfezvlxcgouzbpmsmxzads/Build/Products/Debug-iphoneos/HearifyV1.app/GrandMale1.mp3 /Users/Veer/Library/Mobile\ Documents/com~apple~CloudDocs/HearifyV1/HearifyV1/Audio/Word\ Recognition/GrandMale1.mp3 (in target 'HearifyV1' from project 'HearifyV1')
    cd /Users/Veer/Library/Mobile\ Documents/com\~apple\~CloudDocs/HearifyV1
    builtin-copy -exclude .DS_Store -exclude CVS -exclude .svn -exclude .git -exclude .hg -resolve-src-symlinks /Users/Veer/Library/Mobile\ Documents/com\~apple\~CloudDocs/HearifyV1/HearifyV1/Audio/Word\ Recognition/GrandMale1.mp3 /Users/Veer/Library/Developer/Xcode/DerivedData/HearifyV1-ftljoypfezvlxcgouzbpmsmxzads/Build/Products/Debug-iphoneos/HearifyV1.app

CpResource /Users/Veer/Library/Developer/Xcode/DerivedData/HearifyV1-ftljoypfezvlxcgouzbpmsmxzads/Build/Products/Debug-iphoneos/HearifyV1.app/GownMale1.mp3 /Users/Veer/Library/Mobile\ Documents/com~apple~CloudDocs/HearifyV1/HearifyV1/Audio/CP\ Folder/GownMale1.mp3 (in target 'HearifyV1' from project 'HearifyV1')
    cd /Users/Veer/Library/Mobile\ Documents/com\~apple\~CloudDocs/HearifyV1
    builtin-copy -exclude .DS_Store -exclude CVS -exclude .svn -exclude .git -exclude .hg -resolve-src-symlinks /Users/Veer/Library/Mobile\ Documents/com\~apple\~CloudDocs/HearifyV1/HearifyV1/Audio/CP\ Folder/GownMale1.mp3 /Users/Veer/Library/Developer/Xcode/DerivedData/HearifyV1-ftljoypfezvlxcgouzbpmsmxzads/Build/Products/Debug-iphoneos/HearifyV1.app

CpResource /Users/Veer/Library/Developer/Xcode/DerivedData/HearifyV1-ftljoypfezvlxcgouzbpmsmxzads/Build/Products/Debug-iphoneos/HearifyV1.app/GooseMale1.mp3 /Users/Veer/Library/Mobile\ Documents/com~apple~CloudDocs/HearifyV1/HearifyV1/Audio/CM\ Folder/GooseMale1.mp3 (in target 'HearifyV1' from project 'HearifyV1')
    cd /Users/Veer/Library/Mobile\ Documents/com\~apple\~CloudDocs/HearifyV1
    builtin-copy -exclude .DS_Store -exclude CVS -exclude .svn -exclude .git -exclude .hg -resolve-src-symlinks /Users/Veer/Library/Mobile\ Documents/com\~apple\~CloudDocs/HearifyV1/HearifyV1/Audio/CM\ Folder/GooseMale1.mp3 /Users/Veer/Library/Developer/Xcode/DerivedData/HearifyV1-ftljoypfezvlxcgouzbpmsmxzads/Build/Products/Debug-iphoneos/HearifyV1.app

CpResource /Users/Veer/Library/Developer/Xcode/DerivedData/HearifyV1-ftljoypfezvlxcgouzbpmsmxzads/Build/Products/Debug-iphoneos/HearifyV1.app/GoldfishMale1.mp3 /Users/Veer/Library/Mobile\ Documents/com~apple~CloudDocs/HearifyV1/HearifyV1/Audio/PD\ Folder/GoldfishMale1.mp3 (in target 'HearifyV1' from project 'HearifyV1')
    cd /Users/Veer/Library/Mobile\ Documents/com\~apple\~CloudDocs/HearifyV1
    builtin-copy -exclude .DS_Store -exclude CVS -exclude .svn -exclude .git -exclude .hg -resolve-src-symlinks /Users/Veer/Library/Mobile\ Documents/com\~apple\~CloudDocs/HearifyV1/HearifyV1/Audio/PD\ Folder/GoldfishMale1.mp3 /Users/Veer/Library/Developer/Xcode/DerivedData/HearifyV1-ftljoypfezvlxcgouzbpmsmxzads/Build/Products/Debug-iphoneos/HearifyV1.app

CpResource /Users/Veer/Library/Developer/Xcode/DerivedData/HearifyV1-ftljoypfezvlxcgouzbpmsmxzads/Build/Products/Debug-iphoneos/HearifyV1.app/GoMale1.mp3 /Users/Veer/Library/Mobile\ Documents/com~apple~CloudDocs/HearifyV1/HearifyV1/Audio/CP\ Folder/GoMale1.mp3 (in target 'HearifyV1' from project 'HearifyV1')
    cd /Users/Veer/Library/Mobile\ Documents/com\~apple\~CloudDocs/HearifyV1
    builtin-copy -exclude .DS_Store -exclude CVS -exclude .svn -exclude .git -exclude .hg -resolve-src-symlinks /Users/Veer/Library/Mobile\ Documents/com\~apple\~CloudDocs/HearifyV1/HearifyV1/Audio/CP\ Folder/GoMale1.mp3 /Users/Veer/Library/Developer/Xcode/DerivedData/HearifyV1-ftljoypfezvlxcgouzbpmsmxzads/Build/Products/Debug-iphoneos/HearifyV1.app

CpResource /Users/Veer/Library/Developer/Xcode/DerivedData/HearifyV1-ftljoypfezvlxcgouzbpmsmxzads/Build/Products/Debug-iphoneos/HearifyV1.app/GnatMale1.mp3 /Users/Veer/Library/Mobile\ Documents/com~apple~CloudDocs/HearifyV1/HearifyV1/Audio/Vowels\ Folder/GnatMale1.mp3 (in target 'HearifyV1' from project 'HearifyV1')
    cd /Users/Veer/Library/Mobile\ Documents/com\~apple\~CloudDocs/HearifyV1
    builtin-copy -exclude .DS_Store -exclude CVS -exclude .svn -exclude .git -exclude .hg -resolve-src-symlinks /Users/Veer/Library/Mobile\ Documents/com\~apple\~CloudDocs/HearifyV1/HearifyV1/Audio/Vowels\ Folder/GnatMale1.mp3 /Users/Veer/Library/Developer/Xcode/DerivedData/HearifyV1-ftljoypfezvlxcgouzbpmsmxzads/Build/Products/Debug-iphoneos/HearifyV1.app

CpResource /Users/Veer/Library/Developer/Xcode/DerivedData/HearifyV1-ftljoypfezvlxcgouzbpmsmxzads/Build/Products/Debug-iphoneos/HearifyV1.app/GloveMale1.mp3 /Users/Veer/Library/Mobile\ Documents/com~apple~CloudDocs/HearifyV1/HearifyV1/Audio/Word\ Recognition/GloveMale1.mp3 (in target 'HearifyV1' from project 'HearifyV1')
    cd /Users/Veer/Library/Mobile\ Documents/com\~apple\~CloudDocs/HearifyV1
    builtin-copy -exclude .DS_Store -exclude CVS -exclude .svn -exclude .git -exclude .hg -resolve-src-symlinks /Users/Veer/Library/Mobile\ Documents/com\~apple\~CloudDocs/HearifyV1/HearifyV1/Audio/Word\ Recognition/GloveMale1.mp3 /Users/Veer/Library/Developer/Xcode/DerivedData/HearifyV1-ftljoypfezvlxcgouzbpmsmxzads/Build/Products/Debug-iphoneos/HearifyV1.app

CpResource /Users/Veer/Library/Developer/Xcode/DerivedData/HearifyV1-ftljoypfezvlxcgouzbpmsmxzads/Build/Products/Debug-iphoneos/HearifyV1.app/GlobeMale1.mp3 /Users/Veer/Library/Mobile\ Documents/com~apple~CloudDocs/HearifyV1/HearifyV1/Audio/Word\ Recognition/GlobeMale1.mp3 (in target 'HearifyV1' from project 'HearifyV1')
    cd /Users/Veer/Library/Mobile\ Documents/com\~apple\~CloudDocs/HearifyV1
    builtin-copy -exclude .DS_Store -exclude CVS -exclude .svn -exclude .git -exclude .hg -resolve-src-symlinks /Users/Veer/Library/Mobile\ Documents/com\~apple\~CloudDocs/HearifyV1/HearifyV1/Audio/Word\ Recognition/GlobeMale1.mp3 /Users/Veer/Library/Developer/Xcode/DerivedData/HearifyV1-ftljoypfezvlxcgouzbpmsmxzads/Build/Products/Debug-iphoneos/HearifyV1.app

CpResource /Users/Veer/Library/Developer/Xcode/DerivedData/HearifyV1-ftljoypfezvlxcgouzbpmsmxzads/Build/Products/Debug-iphoneos/HearifyV1.app/GlassMale1.mp3 /Users/Veer/Library/Mobile\ Documents/com~apple~CloudDocs/HearifyV1/HearifyV1/Audio/Word\ Recognition/GlassMale1.mp3 (in target 'HearifyV1' from project 'HearifyV1')
    cd /Users/Veer/Library/Mobile\ Documents/com\~apple\~CloudDocs/HearifyV1
    builtin-copy -exclude .DS_Store -exclude CVS -exclude .svn -exclude .git -exclude .hg -resolve-src-symlinks /Users/Veer/Library/Mobile\ Documents/com\~apple\~CloudDocs/HearifyV1/HearifyV1/Audio/Word\ Recognition/GlassMale1.mp3 /Users/Veer/Library/Developer/Xcode/DerivedData/HearifyV1-ftljoypfezvlxcgouzbpmsmxzads/Build/Products/Debug-iphoneos/HearifyV1.app

CpResource /Users/Veer/Library/Developer/Xcode/DerivedData/HearifyV1-ftljoypfezvlxcgouzbpmsmxzads/Build/Products/Debug-iphoneos/HearifyV1.app/GiraffeMale1.mp3 /Users/Veer/Library/Mobile\ Documents/com~apple~CloudDocs/HearifyV1/HearifyV1/Audio/PD\ Folder/GiraffeMale1.mp3 (in target 'HearifyV1' from project 'HearifyV1')
    cd /Users/Veer/Library/Mobile\ Documents/com\~apple\~CloudDocs/HearifyV1
    builtin-copy -exclude .DS_Store -exclude CVS -exclude .svn -exclude .git -exclude .hg -resolve-src-symlinks /Users/Veer/Library/Mobile\ Documents/com\~apple\~CloudDocs/HearifyV1/HearifyV1/Audio/PD\ Folder/GiraffeMale1.mp3 /Users/Veer/Library/Developer/Xcode/DerivedData/HearifyV1-ftljoypfezvlxcgouzbpmsmxzads/Build/Products/Debug-iphoneos/HearifyV1.app

CpResource /Users/Veer/Library/Developer/Xcode/DerivedData/HearifyV1-ftljoypfezvlxcgouzbpmsmxzads/Build/Products/Debug-iphoneos/HearifyV1.app/GhostMale1.mp3 /Users/Veer/Library/Mobile\ Documents/com~apple~CloudDocs/HearifyV1/HearifyV1/Audio/CV\ Data/GhostMale1.mp3 (in target 'HearifyV1' from project 'HearifyV1')
    cd /Users/Veer/Library/Mobile\ Documents/com\~apple\~CloudDocs/HearifyV1
    builtin-copy -exclude .DS_Store -exclude CVS -exclude .svn -exclude .git -exclude .hg -resolve-src-symlinks /Users/Veer/Library/Mobile\ Documents/com\~apple\~CloudDocs/HearifyV1/HearifyV1/Audio/CV\ Data/GhostMale1.mp3 /Users/Veer/Library/Developer/Xcode/DerivedData/HearifyV1-ftljoypfezvlxcgouzbpmsmxzads/Build/Products/Debug-iphoneos/HearifyV1.app

CpResource /Users/Veer/Library/Developer/Xcode/DerivedData/HearifyV1-ftljoypfezvlxcgouzbpmsmxzads/Build/Products/Debug-iphoneos/HearifyV1.app/GaveMale1.mp3 /Users/Veer/Library/Mobile\ Documents/com~apple~CloudDocs/HearifyV1/HearifyV1/Audio/CV\ Data/GaveMale1.mp3 (in target 'HearifyV1' from project 'HearifyV1')
    cd /Users/Veer/Library/Mobile\ Documents/com\~apple\~CloudDocs/HearifyV1
    builtin-copy -exclude .DS_Store -exclude CVS -exclude .svn -exclude .git -exclude .hg -resolve-src-symlinks /Users/Veer/Library/Mobile\ Documents/com\~apple\~CloudDocs/HearifyV1/HearifyV1/Audio/CV\ Data/GaveMale1.mp3 /Users/Veer/Library/Developer/Xcode/DerivedData/HearifyV1-ftljoypfezvlxcgouzbpmsmxzads/Build/Products/Debug-iphoneos/HearifyV1.app

CpResource /Users/Veer/Library/Developer/Xcode/DerivedData/HearifyV1-ftljoypfezvlxcgouzbpmsmxzads/Build/Products/Debug-iphoneos/HearifyV1.app/GateMale1.mp3 /Users/Veer/Library/Mobile\ Documents/com~apple~CloudDocs/HearifyV1/HearifyV1/Audio/CP\ Folder/GateMale1.mp3 (in target 'HearifyV1' from project 'HearifyV1')
    cd /Users/Veer/Library/Mobile\ Documents/com\~apple\~CloudDocs/HearifyV1
    builtin-copy -exclude .DS_Store -exclude CVS -exclude .svn -exclude .git -exclude .hg -resolve-src-symlinks /Users/Veer/Library/Mobile\ Documents/com\~apple\~CloudDocs/HearifyV1/HearifyV1/Audio/CP\ Folder/GateMale1.mp3 /Users/Veer/Library/Developer/Xcode/DerivedData/HearifyV1-ftljoypfezvlxcgouzbpmsmxzads/Build/Products/Debug-iphoneos/HearifyV1.app

CpResource /Users/Veer/Library/Developer/Xcode/DerivedData/HearifyV1-ftljoypfezvlxcgouzbpmsmxzads/Build/Products/Debug-iphoneos/HearifyV1.app/FunMale1.mp3 /Users/Veer/Library/Mobile\ Documents/com~apple~CloudDocs/HearifyV1/HearifyV1/Audio/CP\ Folder/FunMale1.mp3 (in target 'HearifyV1' from project 'HearifyV1')
    cd /Users/Veer/Library/Mobile\ Documents/com\~apple\~CloudDocs/HearifyV1
    builtin-copy -exclude .DS_Store -exclude CVS -exclude .svn -exclude .git -exclude .hg -resolve-src-symlinks /Users/Veer/Library/Mobile\ Documents/com\~apple\~CloudDocs/HearifyV1/HearifyV1/Audio/CP\ Folder/FunMale1.mp3 /Users/Veer/Library/Developer/Xcode/DerivedData/HearifyV1-ftljoypfezvlxcgouzbpmsmxzads/Build/Products/Debug-iphoneos/HearifyV1.app

CpResource /Users/Veer/Library/Developer/Xcode/DerivedData/HearifyV1-ftljoypfezvlxcgouzbpmsmxzads/Build/Products/Debug-iphoneos/HearifyV1.app/FruitMale1.mp3 /Users/Veer/Library/Mobile\ Documents/com~apple~CloudDocs/HearifyV1/HearifyV1/Audio/Word\ Recognition/FruitMale1.mp3 (in target 'HearifyV1' from project 'HearifyV1')
    cd /Users/Veer/Library/Mobile\ Documents/com\~apple\~CloudDocs/HearifyV1
    builtin-copy -exclude .DS_Store -exclude CVS -exclude .svn -exclude .git -exclude .hg -resolve-src-symlinks /Users/Veer/Library/Mobile\ Documents/com\~apple\~CloudDocs/HearifyV1/HearifyV1/Audio/Word\ Recognition/FruitMale1.mp3 /Users/Veer/Library/Developer/Xcode/DerivedData/HearifyV1-ftljoypfezvlxcgouzbpmsmxzads/Build/Products/Debug-iphoneos/HearifyV1.app

CpResource /Users/Veer/Library/Developer/Xcode/DerivedData/HearifyV1-ftljoypfezvlxcgouzbpmsmxzads/Build/Products/Debug-iphoneos/HearifyV1.app/FoxMale1.mp3 /Users/Veer/Library/Mobile\ Documents/com~apple~CloudDocs/HearifyV1/HearifyV1/Audio/PD\ Folder/FoxMale1.mp3 (in target 'HearifyV1' from project 'HearifyV1')
    cd /Users/Veer/Library/Mobile\ Documents/com\~apple\~CloudDocs/HearifyV1
    builtin-copy -exclude .DS_Store -exclude CVS -exclude .svn -exclude .git -exclude .hg -resolve-src-symlinks /Users/Veer/Library/Mobile\ Documents/com\~apple\~CloudDocs/HearifyV1/HearifyV1/Audio/PD\ Folder/FoxMale1.mp3 /Users/Veer/Library/Developer/Xcode/DerivedData/HearifyV1-ftljoypfezvlxcgouzbpmsmxzads/Build/Products/Debug-iphoneos/HearifyV1.app

CpResource /Users/Veer/Library/Developer/Xcode/DerivedData/HearifyV1-ftljoypfezvlxcgouzbpmsmxzads/Build/Products/Debug-iphoneos/HearifyV1.app/FourMale1.mp3 /Users/Veer/Library/Mobile\ Documents/com~apple~CloudDocs/HearifyV1/HearifyV1/Audio/CP\ Folder/FourMale1.mp3 (in target 'HearifyV1' from project 'HearifyV1')
    cd /Users/Veer/Library/Mobile\ Documents/com\~apple\~CloudDocs/HearifyV1
    builtin-copy -exclude .DS_Store -exclude CVS -exclude .svn -exclude .git -exclude .hg -resolve-src-symlinks /Users/Veer/Library/Mobile\ Documents/com\~apple\~CloudDocs/HearifyV1/HearifyV1/Audio/CP\ Folder/FourMale1.mp3 /Users/Veer/Library/Developer/Xcode/DerivedData/HearifyV1-ftljoypfezvlxcgouzbpmsmxzads/Build/Products/Debug-iphoneos/HearifyV1.app

CpResource /Users/Veer/Library/Developer/Xcode/DerivedData/HearifyV1-ftljoypfezvlxcgouzbpmsmxzads/Build/Products/Debug-iphoneos/HearifyV1.app/FoalMale1.mp3 /Users/Veer/Library/Mobile\ Documents/com~apple~CloudDocs/HearifyV1/HearifyV1/Audio/Vowels\ Folder/FoalMale1.mp3 (in target 'HearifyV1' from project 'HearifyV1')
    cd /Users/Veer/Library/Mobile\ Documents/com\~apple\~CloudDocs/HearifyV1
    builtin-copy -exclude .DS_Store -exclude CVS -exclude .svn -exclude .git -exclude .hg -resolve-src-symlinks /Users/Veer/Library/Mobile\ Documents/com\~apple\~CloudDocs/HearifyV1/HearifyV1/Audio/Vowels\ Folder/FoalMale1.mp3 /Users/Veer/Library/Developer/Xcode/DerivedData/HearifyV1-ftljoypfezvlxcgouzbpmsmxzads/Build/Products/Debug-iphoneos/HearifyV1.app

CpResource /Users/Veer/Library/Developer/Xcode/DerivedData/HearifyV1-ftljoypfezvlxcgouzbpmsmxzads/Build/Products/Debug-iphoneos/HearifyV1.app/FlameMale1.mp3 /Users/Veer/Library/Mobile\ Documents/com~apple~CloudDocs/HearifyV1/HearifyV1/Audio/Word\ Recognition/FlameMale1.mp3 (in target 'HearifyV1' from project 'HearifyV1')
    cd /Users/Veer/Library/Mobile\ Documents/com\~apple\~CloudDocs/HearifyV1
    builtin-copy -exclude .DS_Store -exclude CVS -exclude .svn -exclude .git -exclude .hg -resolve-src-symlinks /Users/Veer/Library/Mobile\ Documents/com\~apple\~CloudDocs/HearifyV1/HearifyV1/Audio/Word\ Recognition/FlameMale1.mp3 /Users/Veer/Library/Developer/Xcode/DerivedData/HearifyV1-ftljoypfezvlxcgouzbpmsmxzads/Build/Products/Debug-iphoneos/HearifyV1.app

CpResource /Users/Veer/Library/Developer/Xcode/DerivedData/HearifyV1-ftljoypfezvlxcgouzbpmsmxzads/Build/Products/Debug-iphoneos/HearifyV1.app/FlagMale1.mp3 /Users/Veer/Library/Mobile\ Documents/com~apple~CloudDocs/HearifyV1/HearifyV1/Audio/Word\ Recognition/FlagMale1.mp3 (in target 'HearifyV1' from project 'HearifyV1')
    cd /Users/Veer/Library/Mobile\ Documents/com\~apple\~CloudDocs/HearifyV1
    builtin-copy -exclude .DS_Store -exclude CVS -exclude .svn -exclude .git -exclude .hg -resolve-src-symlinks /Users/Veer/Library/Mobile\ Documents/com\~apple\~CloudDocs/HearifyV1/HearifyV1/Audio/Word\ Recognition/FlagMale1.mp3 /Users/Veer/Library/Developer/Xcode/DerivedData/HearifyV1-ftljoypfezvlxcgouzbpmsmxzads/Build/Products/Debug-iphoneos/HearifyV1.app

CpResource /Users/Veer/Library/Developer/Xcode/DerivedData/HearifyV1-ftljoypfezvlxcgouzbpmsmxzads/Build/Products/Debug-iphoneos/HearifyV1.app/FishMale1.mp3 /Users/Veer/Library/Mobile\ Documents/com~apple~CloudDocs/HearifyV1/HearifyV1/Audio/PD\ Folder/FishMale1.mp3 (in target 'HearifyV1' from project 'HearifyV1')
    cd /Users/Veer/Library/Mobile\ Documents/com\~apple\~CloudDocs/HearifyV1
    builtin-copy -exclude .DS_Store -exclude CVS -exclude .svn -exclude .git -exclude .hg -resolve-src-symlinks /Users/Veer/Library/Mobile\ Documents/com\~apple\~CloudDocs/HearifyV1/HearifyV1/Audio/PD\ Folder/FishMale1.mp3 /Users/Veer/Library/Developer/Xcode/DerivedData/HearifyV1-ftljoypfezvlxcgouzbpmsmxzads/Build/Products/Debug-iphoneos/HearifyV1.app

CpResource /Users/Veer/Library/Developer/Xcode/DerivedData/HearifyV1-ftljoypfezvlxcgouzbpmsmxzads/Build/Products/Debug-iphoneos/HearifyV1.app/FireMale1.mp3 /Users/Veer/Library/Mobile\ Documents/com~apple~CloudDocs/HearifyV1/HearifyV1/Audio/CM\ Folder/FireMale1.mp3 (in target 'HearifyV1' from project 'HearifyV1')
    cd /Users/Veer/Library/Mobile\ Documents/com\~apple\~CloudDocs/HearifyV1
    builtin-copy -exclude .DS_Store -exclude CVS -exclude .svn -exclude .git -exclude .hg -resolve-src-symlinks /Users/Veer/Library/Mobile\ Documents/com\~apple\~CloudDocs/HearifyV1/HearifyV1/Audio/CM\ Folder/FireMale1.mp3 /Users/Veer/Library/Developer/Xcode/DerivedData/HearifyV1-ftljoypfezvlxcgouzbpmsmxzads/Build/Products/Debug-iphoneos/HearifyV1.app

CpResource /Users/Veer/Library/Developer/Xcode/DerivedData/HearifyV1-ftljoypfezvlxcgouzbpmsmxzads/Build/Products/Debug-iphoneos/HearifyV1.app/FinalConsonants.csv /Users/Veer/Library/Mobile\ Documents/com~apple~CloudDocs/HearifyV1/HearifyV1/FinalConsonants.csv (in target 'HearifyV1' from project 'HearifyV1')
    cd /Users/Veer/Library/Mobile\ Documents/com\~apple\~CloudDocs/HearifyV1
    builtin-copy -exclude .DS_Store -exclude CVS -exclude .svn -exclude .git -exclude .hg -resolve-src-symlinks /Users/Veer/Library/Mobile\ Documents/com\~apple\~CloudDocs/HearifyV1/HearifyV1/FinalConsonants.csv /Users/Veer/Library/Developer/Xcode/DerivedData/HearifyV1-ftljoypfezvlxcgouzbpmsmxzads/Build/Products/Debug-iphoneos/HearifyV1.app

CpResource /Users/Veer/Library/Developer/Xcode/DerivedData/HearifyV1-ftljoypfezvlxcgouzbpmsmxzads/Build/Products/Debug-iphoneos/HearifyV1.app/FinalConsonants\ 2.csv /Users/Veer/Library/Mobile\ Documents/com~apple~CloudDocs/HearifyV1/HearifyV1/FinalConsonants\ 2.csv (in target 'HearifyV1' from project 'HearifyV1')
    cd /Users/Veer/Library/Mobile\ Documents/com\~apple\~CloudDocs/HearifyV1
    builtin-copy -exclude .DS_Store -exclude CVS -exclude .svn -exclude .git -exclude .hg -resolve-src-symlinks /Users/Veer/Library/Mobile\ Documents/com\~apple\~CloudDocs/HearifyV1/HearifyV1/FinalConsonants\ 2.csv /Users/Veer/Library/Developer/Xcode/DerivedData/HearifyV1-ftljoypfezvlxcgouzbpmsmxzads/Build/Products/Debug-iphoneos/HearifyV1.app

CpResource /Users/Veer/Library/Developer/Xcode/DerivedData/HearifyV1-ftljoypfezvlxcgouzbpmsmxzads/Build/Products/Debug-iphoneos/HearifyV1.app/FewMale1.mp3 /Users/Veer/Library/Mobile\ Documents/com~apple~CloudDocs/HearifyV1/HearifyV1/Audio/CP\ Folder/FewMale1.mp3 (in target 'HearifyV1' from project 'HearifyV1')
    cd /Users/Veer/Library/Mobile\ Documents/com\~apple\~CloudDocs/HearifyV1
    builtin-copy -exclude .DS_Store -exclude CVS -exclude .svn -exclude .git -exclude .hg -resolve-src-symlinks /Users/Veer/Library/Mobile\ Documents/com\~apple\~CloudDocs/HearifyV1/HearifyV1/Audio/CP\ Folder/FewMale1.mp3 /Users/Veer/Library/Developer/Xcode/DerivedData/HearifyV1-ftljoypfezvlxcgouzbpmsmxzads/Build/Products/Debug-iphoneos/HearifyV1.app

CpResource /Users/Veer/Library/Developer/Xcode/DerivedData/HearifyV1-ftljoypfezvlxcgouzbpmsmxzads/Build/Products/Debug-iphoneos/HearifyV1.app/FeetMale1.mp3 /Users/Veer/Library/Mobile\ Documents/com~apple~CloudDocs/HearifyV1/HearifyV1/Audio/CP\ Folder/FeetMale1.mp3 (in target 'HearifyV1' from project 'HearifyV1')
    cd /Users/Veer/Library/Mobile\ Documents/com\~apple\~CloudDocs/HearifyV1
    builtin-copy -exclude .DS_Store -exclude CVS -exclude .svn -exclude .git -exclude .hg -resolve-src-symlinks /Users/Veer/Library/Mobile\ Documents/com\~apple\~CloudDocs/HearifyV1/HearifyV1/Audio/CP\ Folder/FeetMale1.mp3 /Users/Veer/Library/Developer/Xcode/DerivedData/HearifyV1-ftljoypfezvlxcgouzbpmsmxzads/Build/Products/Debug-iphoneos/HearifyV1.app

CpResource /Users/Veer/Library/Developer/Xcode/DerivedData/HearifyV1-ftljoypfezvlxcgouzbpmsmxzads/Build/Products/Debug-iphoneos/HearifyV1.app/FatMale1.mp3 /Users/Veer/Library/Mobile\ Documents/com~apple~CloudDocs/HearifyV1/HearifyV1/Audio/CV\ Data/FatMale1.mp3 (in target 'HearifyV1' from project 'HearifyV1')
    cd /Users/Veer/Library/Mobile\ Documents/com\~apple\~CloudDocs/HearifyV1
    builtin-copy -exclude .DS_Store -exclude CVS -exclude .svn -exclude .git -exclude .hg -resolve-src-symlinks /Users/Veer/Library/Mobile\ Documents/com\~apple\~CloudDocs/HearifyV1/HearifyV1/Audio/CV\ Data/FatMale1.mp3 /Users/Veer/Library/Developer/Xcode/DerivedData/HearifyV1-ftljoypfezvlxcgouzbpmsmxzads/Build/Products/Debug-iphoneos/HearifyV1.app

CpResource /Users/Veer/Library/Developer/Xcode/DerivedData/HearifyV1-ftljoypfezvlxcgouzbpmsmxzads/Build/Products/Debug-iphoneos/HearifyV1.app/FanMale1.mp3 /Users/Veer/Library/Mobile\ Documents/com~apple~CloudDocs/HearifyV1/HearifyV1/Audio/Vowels\ Folder/FanMale1.mp3 (in target 'HearifyV1' from project 'HearifyV1')
    cd /Users/Veer/Library/Mobile\ Documents/com\~apple\~CloudDocs/HearifyV1
    builtin-copy -exclude .DS_Store -exclude CVS -exclude .svn -exclude .git -exclude .hg -resolve-src-symlinks /Users/Veer/Library/Mobile\ Documents/com\~apple\~CloudDocs/HearifyV1/HearifyV1/Audio/Vowels\ Folder/FanMale1.mp3 /Users/Veer/Library/Developer/Xcode/DerivedData/HearifyV1-ftljoypfezvlxcgouzbpmsmxzads/Build/Products/Debug-iphoneos/HearifyV1.app

CpResource /Users/Veer/Library/Developer/Xcode/DerivedData/HearifyV1-ftljoypfezvlxcgouzbpmsmxzads/Build/Products/Debug-iphoneos/HearifyV1.app/FallMale1.mp3 /Users/Veer/Library/Mobile\ Documents/com~apple~CloudDocs/HearifyV1/HearifyV1/Audio/Vowels\ Folder/FallMale1.mp3 (in target 'HearifyV1' from project 'HearifyV1')
    cd /Users/Veer/Library/Mobile\ Documents/com\~apple\~CloudDocs/HearifyV1
    builtin-copy -exclude .DS_Store -exclude CVS -exclude .svn -exclude .git -exclude .hg -resolve-src-symlinks /Users/Veer/Library/Mobile\ Documents/com\~apple\~CloudDocs/HearifyV1/HearifyV1/Audio/Vowels\ Folder/FallMale1.mp3 /Users/Veer/Library/Developer/Xcode/DerivedData/HearifyV1-ftljoypfezvlxcgouzbpmsmxzads/Build/Products/Debug-iphoneos/HearifyV1.app

CpResource /Users/Veer/Library/Developer/Xcode/DerivedData/HearifyV1-ftljoypfezvlxcgouzbpmsmxzads/Build/Products/Debug-iphoneos/HearifyV1.app/FaceMale1.mp3 /Users/Veer/Library/Mobile\ Documents/com~apple~CloudDocs/HearifyV1/HearifyV1/Audio/CV\ Data/FaceMale1.mp3 (in target 'HearifyV1' from project 'HearifyV1')
    cd /Users/Veer/Library/Mobile\ Documents/com\~apple\~CloudDocs/HearifyV1
    builtin-copy -exclude .DS_Store -exclude CVS -exclude .svn -exclude .git -exclude .hg -resolve-src-symlinks /Users/Veer/Library/Mobile\ Documents/com\~apple\~CloudDocs/HearifyV1/HearifyV1/Audio/CV\ Data/FaceMale1.mp3 /Users/Veer/Library/Developer/Xcode/DerivedData/HearifyV1-ftljoypfezvlxcgouzbpmsmxzads/Build/Products/Debug-iphoneos/HearifyV1.app

CpResource /Users/Veer/Library/Developer/Xcode/DerivedData/HearifyV1-ftljoypfezvlxcgouzbpmsmxzads/Build/Products/Debug-iphoneos/HearifyV1.app/EagleMale1.mp3 /Users/Veer/Library/Mobile\ Documents/com~apple~CloudDocs/HearifyV1/HearifyV1/Audio/PD\ Folder/EagleMale1.mp3 (in target 'HearifyV1' from project 'HearifyV1')
    cd /Users/Veer/Library/Mobile\ Documents/com\~apple\~CloudDocs/HearifyV1
    builtin-copy -exclude .DS_Store -exclude CVS -exclude .svn -exclude .git -exclude .hg -resolve-src-symlinks /Users/Veer/Library/Mobile\ Documents/com\~apple\~CloudDocs/HearifyV1/HearifyV1/Audio/PD\ Folder/EagleMale1.mp3 /Users/Veer/Library/Developer/Xcode/DerivedData/HearifyV1-ftljoypfezvlxcgouzbpmsmxzads/Build/Products/Debug-iphoneos/HearifyV1.app

CpResource /Users/Veer/Library/Developer/Xcode/DerivedData/HearifyV1-ftljoypfezvlxcgouzbpmsmxzads/Build/Products/Debug-iphoneos/HearifyV1.app/DuckMale1.mp3 /Users/Veer/Library/Mobile\ Documents/com~apple~CloudDocs/HearifyV1/HearifyV1/Audio/CP\ Folder/DuckMale1.mp3 (in target 'HearifyV1' from project 'HearifyV1')
    cd /Users/Veer/Library/Mobile\ Documents/com\~apple\~CloudDocs/HearifyV1
    builtin-copy -exclude .DS_Store -exclude CVS -exclude .svn -exclude .git -exclude .hg -resolve-src-symlinks /Users/Veer/Library/Mobile\ Documents/com\~apple\~CloudDocs/HearifyV1/HearifyV1/Audio/CP\ Folder/DuckMale1.mp3 /Users/Veer/Library/Developer/Xcode/DerivedData/HearifyV1-ftljoypfezvlxcgouzbpmsmxzads/Build/Products/Debug-iphoneos/HearifyV1.app

CpResource /Users/Veer/Library/Developer/Xcode/DerivedData/HearifyV1-ftljoypfezvlxcgouzbpmsmxzads/Build/Products/Debug-iphoneos/HearifyV1.app/DrumMale1.mp3 /Users/Veer/Library/Mobile\ Documents/com~apple~CloudDocs/HearifyV1/HearifyV1/Audio/Word\ Recognition/DrumMale1.mp3 (in target 'HearifyV1' from project 'HearifyV1')
    cd /Users/Veer/Library/Mobile\ Documents/com\~apple\~CloudDocs/HearifyV1
    builtin-copy -exclude .DS_Store -exclude CVS -exclude .svn -exclude .git -exclude .hg -resolve-src-symlinks /Users/Veer/Library/Mobile\ Documents/com\~apple\~CloudDocs/HearifyV1/HearifyV1/Audio/Word\ Recognition/DrumMale1.mp3 /Users/Veer/Library/Developer/Xcode/DerivedData/HearifyV1-ftljoypfezvlxcgouzbpmsmxzads/Build/Products/Debug-iphoneos/HearifyV1.app

SwiftExplicitDependencyGeneratePcm arm64 /Users/Veer/Library/Developer/Xcode/DerivedData/HearifyV1-ftljoypfezvlxcgouzbpmsmxzads/Build/Intermediates.noindex/SwiftExplicitPrecompiledModules/FirebaseAuthInterop-BVT7OAB7QKEIW4YLAYL9BV0ZH.pcm

SwiftExplicitDependencyGeneratePcm arm64 /Users/Veer/Library/Developer/Xcode/DerivedData/HearifyV1-ftljoypfezvlxcgouzbpmsmxzads/Build/Intermediates.noindex/SwiftExplicitPrecompiledModules/RecaptchaInterop-9G5RNNQ301KZNZIQPZ87QBK3J.pcm

SwiftExplicitDependencyGeneratePcm arm64 /Users/Veer/Library/Developer/Xcode/DerivedData/ModuleCache.noindex/CoreData-1TWBCGSAIB0DVM4FBVJO79KFE.pcm

SwiftExplicitDependencyGeneratePcm arm64 /Users/Veer/Library/Developer/Xcode/DerivedData/ModuleCache.noindex/LocalAuthentication-DC4QT42UCHZ3XBQ0YGZ9WWXKY.pcm

SwiftExplicitDependencyGeneratePcm arm64 /Users/Veer/Library/Developer/Xcode/DerivedData/ModuleCache.noindex/Contacts-1NURL1OKE5T3JD0M6B1B1HQK0.pcm

SwiftExplicitDependencyGeneratePcm arm64 /Users/Veer/Library/Developer/Xcode/DerivedData/ModuleCache.noindex/FileProvider-C15M381IGFF35I6ZUSNUYS06D.pcm

SwiftExplicitDependencyGeneratePcm arm64 /Users/Veer/Library/Developer/Xcode/DerivedData/ModuleCache.noindex/_LocationEssentials-BO3RZQ8L00VE8ANXBSLTMX88Q.pcm

SwiftExplicitDependencyGeneratePcm arm64 /Users/Veer/Library/Developer/Xcode/DerivedData/ModuleCache.noindex/IOSurface-BURW1FH8AN93GZLOL7Z80VLW5.pcm

SwiftExplicitDependencyGeneratePcm arm64 /Users/Veer/Library/Developer/Xcode/DerivedData/ModuleCache.noindex/UserNotifications-8Q5K6RBG553XF1NZ7PZKJ3YT8.pcm

SwiftExplicitDependencyGeneratePcm arm64 /Users/Veer/Library/Developer/Xcode/DerivedData/HearifyV1-ftljoypfezvlxcgouzbpmsmxzads/Build/Intermediates.noindex/SwiftExplicitPrecompiledModules/FirebaseAppCheckInterop-BO2MNCHU0C8R9JNX92602UZ8B.pcm

SwiftExplicitDependencyGeneratePcm arm64 /Users/Veer/Library/Developer/Xcode/DerivedData/ModuleCache.noindex/UIUtilities-3MUE22PHMONL9IFHNLMLA30ZL.pcm

SwiftExplicitDependencyGeneratePcm arm64 /Users/Veer/Library/Developer/Xcode/DerivedData/ModuleCache.noindex/Network-EG7P7XH49QSEW6QF49NQTL7K5.pcm

SwiftExplicitDependencyGeneratePcm arm64 /Users/Veer/Library/Developer/Xcode/DerivedData/ModuleCache.noindex/UniformTypeIdentifiers-AXTKOAAENN856XVLFYEL31IY3.pcm

SwiftExplicitDependencyGeneratePcm arm64 /Users/Veer/Library/Developer/Xcode/DerivedData/ModuleCache.noindex/OSLog-CY2I46YW375DWOA4R1CTFF9KU.pcm

SwiftExplicitDependencyGeneratePcm arm64 /Users/Veer/Library/Developer/Xcode/DerivedData/ModuleCache.noindex/Accessibility-A785DW1LW1C47NTR61JY6NLJJ.pcm

SwiftExplicitDependencyGeneratePcm arm64 /Users/Veer/Library/Developer/Xcode/DerivedData/ModuleCache.noindex/Symbols-98IW7IC99LQ5164MGN584RRN3.pcm

SwiftExplicitDependencyGeneratePcm arm64 /Users/Veer/Library/Developer/Xcode/DerivedData/ModuleCache.noindex/Metal-7EQ15UK71FPU50BCF38WMYB8U.pcm

SwiftExplicitDependencyGeneratePcm arm64 /Users/Veer/Library/Developer/Xcode/DerivedData/HearifyV1-ftljoypfezvlxcgouzbpmsmxzads/Build/Intermediates.noindex/SwiftExplicitPrecompiledModules/GoogleUtilities_Environment-3X85METE8VUGYRTPOTG3JZSKE.pcm

SwiftExplicitDependencyGeneratePcm arm64 /Users/Veer/Library/Developer/Xcode/DerivedData/ModuleCache.noindex/CoreTransferable-ACLVL3KYV6EQIFVEQS1HAHP2O.pcm

SwiftExplicitDependencyGeneratePcm arm64 /Users/Veer/Library/Developer/Xcode/DerivedData/HearifyV1-ftljoypfezvlxcgouzbpmsmxzads/Build/Intermediates.noindex/SwiftExplicitPrecompiledModules/FirebaseCore-4JYFFCGQCFCN1EFX19RBLQ22N.pcm

SwiftExplicitDependencyGeneratePcm arm64 /Users/Veer/Library/Developer/Xcode/DerivedData/ModuleCache.noindex/ModelIO-9TCK6801BZAGT9ZR0QFXYSXYX.pcm

SwiftExplicitDependencyGeneratePcm arm64 /Users/Veer/Library/Developer/Xcode/DerivedData/ModuleCache.noindex/DataDetection-2VCDB2ZW4D88D3T90U27DFMNH.pcm

SwiftExplicitDependencyGeneratePcm arm64 /Users/Veer/Library/Developer/Xcode/DerivedData/HearifyV1-ftljoypfezvlxcgouzbpmsmxzads/Build/Intermediates.noindex/SwiftExplicitPrecompiledModules/GoogleUtilities_NSData-9P480L2I6E24CM5NGRH5G1SA0.pcm

SwiftExplicitDependencyGeneratePcm arm64 /Users/Veer/Library/Developer/Xcode/DerivedData/ModuleCache.noindex/CoreMIDI-BCO61LFECOP5C0328XL2GYCD8.pcm

SwiftExplicitDependencyGeneratePcm arm64 /Users/Veer/Library/Developer/Xcode/DerivedData/ModuleCache.noindex/OpenGLES-71DK8JR6673QAX20S0W9Y5U5V.pcm

SwiftExplicitDependencyGeneratePcm arm64 /Users/Veer/Library/Developer/Xcode/DerivedData/HearifyV1-ftljoypfezvlxcgouzbpmsmxzads/Build/Intermediates.noindex/SwiftExplicitPrecompiledModules/FirebaseAuthInternal-BBQY6KHQ3YLW0KFB494CFUDTC.pcm

SwiftExplicitDependencyGeneratePcm arm64 /Users/Veer/Library/Developer/Xcode/DerivedData/ModuleCache.noindex/CoreLocation-BPK4WQ0YPGAZ53EXMKRCWG580.pcm

CpResource /Users/Veer/Library/Developer/Xcode/DerivedData/HearifyV1-ftljoypfezvlxcgouzbpmsmxzads/Build/Products/Debug-iphoneos/HearifyV1.app/DriveMale1.mp3 /Users/Veer/Library/Mobile\ Documents/com~apple~CloudDocs/HearifyV1/HearifyV1/Audio/Word\ Recognition/DriveMale1.mp3 (in target 'HearifyV1' from project 'HearifyV1')
    cd /Users/Veer/Library/Mobile\ Documents/com\~apple\~CloudDocs/HearifyV1
    builtin-copy -exclude .DS_Store -exclude CVS -exclude .svn -exclude .git -exclude .hg -resolve-src-symlinks /Users/Veer/Library/Mobile\ Documents/com\~apple\~CloudDocs/HearifyV1/HearifyV1/Audio/Word\ Recognition/DriveMale1.mp3 /Users/Veer/Library/Developer/Xcode/DerivedData/HearifyV1-ftljoypfezvlxcgouzbpmsmxzads/Build/Products/Debug-iphoneos/HearifyV1.app

SwiftExplicitDependencyGeneratePcm arm64 /Users/Veer/Library/Developer/Xcode/DerivedData/HearifyV1-ftljoypfezvlxcgouzbpmsmxzads/Build/Intermediates.noindex/SwiftExplicitPrecompiledModules/FirebaseCoreExtension-D8SBHSPWLPFLVZH8L1MPSLF3B.pcm

CpResource /Users/Veer/Library/Developer/Xcode/DerivedData/HearifyV1-ftljoypfezvlxcgouzbpmsmxzads/Build/Products/Debug-iphoneos/HearifyV1.app/DownMale1.mp3 /Users/Veer/Library/Mobile\ Documents/com~apple~CloudDocs/HearifyV1/HearifyV1/Audio/PD\ Folder/DownMale1.mp3 (in target 'HearifyV1' from project 'HearifyV1')
    cd /Users/Veer/Library/Mobile\ Documents/com\~apple\~CloudDocs/HearifyV1
    builtin-copy -exclude .DS_Store -exclude CVS -exclude .svn -exclude .git -exclude .hg -resolve-src-symlinks /Users/Veer/Library/Mobile\ Documents/com\~apple\~CloudDocs/HearifyV1/HearifyV1/Audio/PD\ Folder/DownMale1.mp3 /Users/Veer/Library/Developer/Xcode/DerivedData/HearifyV1-ftljoypfezvlxcgouzbpmsmxzads/Build/Products/Debug-iphoneos/HearifyV1.app

CpResource /Users/Veer/Library/Developer/Xcode/DerivedData/HearifyV1-ftljoypfezvlxcgouzbpmsmxzads/Build/Products/Debug-iphoneos/HearifyV1.app/DougMale1.mp3 /Users/Veer/Library/Mobile\ Documents/com~apple~CloudDocs/HearifyV1/HearifyV1/Audio/CV\ Data/DougMale1.mp3 (in target 'HearifyV1' from project 'HearifyV1')
    cd /Users/Veer/Library/Mobile\ Documents/com\~apple\~CloudDocs/HearifyV1
    builtin-copy -exclude .DS_Store -exclude CVS -exclude .svn -exclude .git -exclude .hg -resolve-src-symlinks /Users/Veer/Library/Mobile\ Documents/com\~apple\~CloudDocs/HearifyV1/HearifyV1/Audio/CV\ Data/DougMale1.mp3 /Users/Veer/Library/Developer/Xcode/DerivedData/HearifyV1-ftljoypfezvlxcgouzbpmsmxzads/Build/Products/Debug-iphoneos/HearifyV1.app

SwiftExplicitDependencyGeneratePcm arm64 /Users/Veer/Library/Developer/Xcode/DerivedData/ModuleCache.noindex/AVRouting-5XKA74UZXN92C6VHXY8OMLAKK.pcm

CpResource /Users/Veer/Library/Developer/Xcode/DerivedData/HearifyV1-ftljoypfezvlxcgouzbpmsmxzads/Build/Products/Debug-iphoneos/HearifyV1.app/DoorknobMale1.mp3 /Users/Veer/Library/Mobile\ Documents/com~apple~CloudDocs/HearifyV1/HearifyV1/Audio/Syllables/Supra\ 1\ v\ 2/DoorknobMale1.mp3 (in target 'HearifyV1' from project 'HearifyV1')
    cd /Users/Veer/Library/Mobile\ Documents/com\~apple\~CloudDocs/HearifyV1
    builtin-copy -exclude .DS_Store -exclude CVS -exclude .svn -exclude .git -exclude .hg -resolve-src-symlinks /Users/Veer/Library/Mobile\ Documents/com\~apple\~CloudDocs/HearifyV1/HearifyV1/Audio/Syllables/Supra\ 1\ v\ 2/DoorknobMale1.mp3 /Users/Veer/Library/Developer/Xcode/DerivedData/HearifyV1-ftljoypfezvlxcgouzbpmsmxzads/Build/Products/Debug-iphoneos/HearifyV1.app

CpResource /Users/Veer/Library/Developer/Xcode/DerivedData/HearifyV1-ftljoypfezvlxcgouzbpmsmxzads/Build/Products/Debug-iphoneos/HearifyV1.app/DollMale1.mp3 /Users/Veer/Library/Mobile\ Documents/com~apple~CloudDocs/HearifyV1/HearifyV1/Audio/Syllables/Supra\ -\ 1\ v\ 3/DollMale1.mp3 (in target 'HearifyV1' from project 'HearifyV1')
    cd /Users/Veer/Library/Mobile\ Documents/com\~apple\~CloudDocs/HearifyV1
    builtin-copy -exclude .DS_Store -exclude CVS -exclude .svn -exclude .git -exclude .hg -resolve-src-symlinks /Users/Veer/Library/Mobile\ Documents/com\~apple\~CloudDocs/HearifyV1/HearifyV1/Audio/Syllables/Supra\ -\ 1\ v\ 3/DollMale1.mp3 /Users/Veer/Library/Developer/Xcode/DerivedData/HearifyV1-ftljoypfezvlxcgouzbpmsmxzads/Build/Products/Debug-iphoneos/HearifyV1.app

CpResource /Users/Veer/Library/Developer/Xcode/DerivedData/HearifyV1-ftljoypfezvlxcgouzbpmsmxzads/Build/Products/Debug-iphoneos/HearifyV1.app/DogMale1.mp3 /Users/Veer/Library/Mobile\ Documents/com~apple~CloudDocs/HearifyV1/HearifyV1/Audio/Syllables/Supra\ 1\ v\ 2/DogMale1.mp3 (in target 'HearifyV1' from project 'HearifyV1')
    cd /Users/Veer/Library/Mobile\ Documents/com\~apple\~CloudDocs/HearifyV1
    builtin-copy -exclude .DS_Store -exclude CVS -exclude .svn -exclude .git -exclude .hg -resolve-src-symlinks /Users/Veer/Library/Mobile\ Documents/com\~apple\~CloudDocs/HearifyV1/HearifyV1/Audio/Syllables/Supra\ 1\ v\ 2/DogMale1.mp3 /Users/Veer/Library/Developer/Xcode/DerivedData/HearifyV1-ftljoypfezvlxcgouzbpmsmxzads/Build/Products/Debug-iphoneos/HearifyV1.app

CpResource /Users/Veer/Library/Developer/Xcode/DerivedData/HearifyV1-ftljoypfezvlxcgouzbpmsmxzads/Build/Products/Debug-iphoneos/HearifyV1.app/DipMale1.mp3 /Users/Veer/Library/Mobile\ Documents/com~apple~CloudDocs/HearifyV1/HearifyV1/Audio/Vowels\ Folder/DipMale1.mp3 (in target 'HearifyV1' from project 'HearifyV1')
    cd /Users/Veer/Library/Mobile\ Documents/com\~apple\~CloudDocs/HearifyV1
    builtin-copy -exclude .DS_Store -exclude CVS -exclude .svn -exclude .git -exclude .hg -resolve-src-symlinks /Users/Veer/Library/Mobile\ Documents/com\~apple\~CloudDocs/HearifyV1/HearifyV1/Audio/Vowels\ Folder/DipMale1.mp3 /Users/Veer/Library/Developer/Xcode/DerivedData/HearifyV1-ftljoypfezvlxcgouzbpmsmxzads/Build/Products/Debug-iphoneos/HearifyV1.app

CpResource /Users/Veer/Library/Developer/Xcode/DerivedData/HearifyV1-ftljoypfezvlxcgouzbpmsmxzads/Build/Products/Debug-iphoneos/HearifyV1.app/DinosaurMale1.mp3 /Users/Veer/Library/Mobile\ Documents/com~apple~CloudDocs/HearifyV1/HearifyV1/Audio/Syllables/Supra\ -\ 1\ v\ 3/DinosaurMale1.mp3 (in target 'HearifyV1' from project 'HearifyV1')
    cd /Users/Veer/Library/Mobile\ Documents/com\~apple\~CloudDocs/HearifyV1
    builtin-copy -exclude .DS_Store -exclude CVS -exclude .svn -exclude .git -exclude .hg -resolve-src-symlinks /Users/Veer/Library/Mobile\ Documents/com\~apple\~CloudDocs/HearifyV1/HearifyV1/Audio/Syllables/Supra\ -\ 1\ v\ 3/DinosaurMale1.mp3 /Users/Veer/Library/Developer/Xcode/DerivedData/HearifyV1-ftljoypfezvlxcgouzbpmsmxzads/Build/Products/Debug-iphoneos/HearifyV1.app

CpResource /Users/Veer/Library/Developer/Xcode/DerivedData/HearifyV1-ftljoypfezvlxcgouzbpmsmxzads/Build/Products/Debug-iphoneos/HearifyV1.app/DimeMale1.mp3 /Users/Veer/Library/Mobile\ Documents/com~apple~CloudDocs/HearifyV1/HearifyV1/Audio/CV\ Data/DimeMale1.mp3 (in target 'HearifyV1' from project 'HearifyV1')
    cd /Users/Veer/Library/Mobile\ Documents/com\~apple\~CloudDocs/HearifyV1
    builtin-copy -exclude .DS_Store -exclude CVS -exclude .svn -exclude .git -exclude .hg -resolve-src-symlinks /Users/Veer/Library/Mobile\ Documents/com\~apple\~CloudDocs/HearifyV1/HearifyV1/Audio/CV\ Data/DimeMale1.mp3 /Users/Veer/Library/Developer/Xcode/DerivedData/HearifyV1-ftljoypfezvlxcgouzbpmsmxzads/Build/Products/Debug-iphoneos/HearifyV1.app

CpResource /Users/Veer/Library/Developer/Xcode/DerivedData/HearifyV1-ftljoypfezvlxcgouzbpmsmxzads/Build/Products/Debug-iphoneos/HearifyV1.app/DiagnosticTestData.csv /Users/Veer/Library/Mobile\ Documents/com~apple~CloudDocs/HearifyV1/HearifyV1/DiagnosticTestData.csv (in target 'HearifyV1' from project 'HearifyV1')
    cd /Users/Veer/Library/Mobile\ Documents/com\~apple\~CloudDocs/HearifyV1
    builtin-copy -exclude .DS_Store -exclude CVS -exclude .svn -exclude .git -exclude .hg -resolve-src-symlinks /Users/Veer/Library/Mobile\ Documents/com\~apple\~CloudDocs/HearifyV1/HearifyV1/DiagnosticTestData.csv /Users/Veer/Library/Developer/Xcode/DerivedData/HearifyV1-ftljoypfezvlxcgouzbpmsmxzads/Build/Products/Debug-iphoneos/HearifyV1.app

CpResource /Users/Veer/Library/Developer/Xcode/DerivedData/HearifyV1-ftljoypfezvlxcgouzbpmsmxzads/Build/Products/Debug-iphoneos/HearifyV1.app/DeskMale1.mp3 /Users/Veer/Library/Mobile\ Documents/com~apple~CloudDocs/HearifyV1/HearifyV1/Audio/Word\ Recognition/DeskMale1.mp3 (in target 'HearifyV1' from project 'HearifyV1')
    cd /Users/Veer/Library/Mobile\ Documents/com\~apple\~CloudDocs/HearifyV1
    builtin-copy -exclude .DS_Store -exclude CVS -exclude .svn -exclude .git -exclude .hg -resolve-src-symlinks /Users/Veer/Library/Mobile\ Documents/com\~apple\~CloudDocs/HearifyV1/HearifyV1/Audio/Word\ Recognition/DeskMale1.mp3 /Users/Veer/Library/Developer/Xcode/DerivedData/HearifyV1-ftljoypfezvlxcgouzbpmsmxzads/Build/Products/Debug-iphoneos/HearifyV1.app

CpResource /Users/Veer/Library/Developer/Xcode/DerivedData/HearifyV1-ftljoypfezvlxcgouzbpmsmxzads/Build/Products/Debug-iphoneos/HearifyV1.app/DeerMale1.mp3 /Users/Veer/Library/Mobile\ Documents/com~apple~CloudDocs/HearifyV1/HearifyV1/Audio/CV\ Data/DeerMale1.mp3 (in target 'HearifyV1' from project 'HearifyV1')
    cd /Users/Veer/Library/Mobile\ Documents/com\~apple\~CloudDocs/HearifyV1
    builtin-copy -exclude .DS_Store -exclude CVS -exclude .svn -exclude .git -exclude .hg -resolve-src-symlinks /Users/Veer/Library/Mobile\ Documents/com\~apple\~CloudDocs/HearifyV1/HearifyV1/Audio/CV\ Data/DeerMale1.mp3 /Users/Veer/Library/Developer/Xcode/DerivedData/HearifyV1-ftljoypfezvlxcgouzbpmsmxzads/Build/Products/Debug-iphoneos/HearifyV1.app

CpResource /Users/Veer/Library/Developer/Xcode/DerivedData/HearifyV1-ftljoypfezvlxcgouzbpmsmxzads/Build/Products/Debug-iphoneos/HearifyV1.app/DeepMale1.mp3 /Users/Veer/Library/Mobile\ Documents/com~apple~CloudDocs/HearifyV1/HearifyV1/Audio/Vowels\ Folder/DeepMale1.mp3 (in target 'HearifyV1' from project 'HearifyV1')
    cd /Users/Veer/Library/Mobile\ Documents/com\~apple\~CloudDocs/HearifyV1
    builtin-copy -exclude .DS_Store -exclude CVS -exclude .svn -exclude .git -exclude .hg -resolve-src-symlinks /Users/Veer/Library/Mobile\ Documents/com\~apple\~CloudDocs/HearifyV1/HearifyV1/Audio/Vowels\ Folder/DeepMale1.mp3 /Users/Veer/Library/Developer/Xcode/DerivedData/HearifyV1-ftljoypfezvlxcgouzbpmsmxzads/Build/Products/Debug-iphoneos/HearifyV1.app

CpResource /Users/Veer/Library/Developer/Xcode/DerivedData/HearifyV1-ftljoypfezvlxcgouzbpmsmxzads/Build/Products/Debug-iphoneos/HearifyV1.app/DateMale1.mp3 /Users/Veer/Library/Mobile\ Documents/com~apple~CloudDocs/HearifyV1/HearifyV1/Audio/CP\ Folder/DateMale1.mp3 (in target 'HearifyV1' from project 'HearifyV1')
    cd /Users/Veer/Library/Mobile\ Documents/com\~apple\~CloudDocs/HearifyV1
    builtin-copy -exclude .DS_Store -exclude CVS -exclude .svn -exclude .git -exclude .hg -resolve-src-symlinks /Users/Veer/Library/Mobile\ Documents/com\~apple\~CloudDocs/HearifyV1/HearifyV1/Audio/CP\ Folder/DateMale1.mp3 /Users/Veer/Library/Developer/Xcode/DerivedData/HearifyV1-ftljoypfezvlxcgouzbpmsmxzads/Build/Products/Debug-iphoneos/HearifyV1.app

CpResource /Users/Veer/Library/Developer/Xcode/DerivedData/HearifyV1-ftljoypfezvlxcgouzbpmsmxzads/Build/Products/Debug-iphoneos/HearifyV1.app/DartMale1.mp3 /Users/Veer/Library/Mobile\ Documents/com~apple~CloudDocs/HearifyV1/HearifyV1/Audio/CP\ Folder/DartMale1.mp3 (in target 'HearifyV1' from project 'HearifyV1')
    cd /Users/Veer/Library/Mobile\ Documents/com\~apple\~CloudDocs/HearifyV1
    builtin-copy -exclude .DS_Store -exclude CVS -exclude .svn -exclude .git -exclude .hg -resolve-src-symlinks /Users/Veer/Library/Mobile\ Documents/com\~apple\~CloudDocs/HearifyV1/HearifyV1/Audio/CP\ Folder/DartMale1.mp3 /Users/Veer/Library/Developer/Xcode/DerivedData/HearifyV1-ftljoypfezvlxcgouzbpmsmxzads/Build/Products/Debug-iphoneos/HearifyV1.app

CpResource /Users/Veer/Library/Developer/Xcode/DerivedData/HearifyV1-ftljoypfezvlxcgouzbpmsmxzads/Build/Products/Debug-iphoneos/HearifyV1.app/DaleMale1.mp3 /Users/Veer/Library/Mobile\ Documents/com~apple~CloudDocs/HearifyV1/HearifyV1/Audio/CV\ Data/DaleMale1.mp3 (in target 'HearifyV1' from project 'HearifyV1')
    cd /Users/Veer/Library/Mobile\ Documents/com\~apple\~CloudDocs/HearifyV1
    builtin-copy -exclude .DS_Store -exclude CVS -exclude .svn -exclude .git -exclude .hg -resolve-src-symlinks /Users/Veer/Library/Mobile\ Documents/com\~apple\~CloudDocs/HearifyV1/HearifyV1/Audio/CV\ Data/DaleMale1.mp3 /Users/Veer/Library/Developer/Xcode/DerivedData/HearifyV1-ftljoypfezvlxcgouzbpmsmxzads/Build/Products/Debug-iphoneos/HearifyV1.app

CpResource /Users/Veer/Library/Developer/Xcode/DerivedData/HearifyV1-ftljoypfezvlxcgouzbpmsmxzads/Build/Products/Debug-iphoneos/HearifyV1.app/DadMale1.mp3 /Users/Veer/Library/Mobile\ Documents/com~apple~CloudDocs/HearifyV1/HearifyV1/Audio/Syllables/Supra\ -\ 1\ v\ 3/DadMale1.mp3 (in target 'HearifyV1' from project 'HearifyV1')
    cd /Users/Veer/Library/Mobile\ Documents/com\~apple\~CloudDocs/HearifyV1
    builtin-copy -exclude .DS_Store -exclude CVS -exclude .svn -exclude .git -exclude .hg -resolve-src-symlinks /Users/Veer/Library/Mobile\ Documents/com\~apple\~CloudDocs/HearifyV1/HearifyV1/Audio/Syllables/Supra\ -\ 1\ v\ 3/DadMale1.mp3 /Users/Veer/Library/Developer/Xcode/DerivedData/HearifyV1-ftljoypfezvlxcgouzbpmsmxzads/Build/Products/Debug-iphoneos/HearifyV1.app

CpResource /Users/Veer/Library/Developer/Xcode/DerivedData/HearifyV1-ftljoypfezvlxcgouzbpmsmxzads/Build/Products/Debug-iphoneos/HearifyV1.app/DMale1.mp3 /Users/Veer/Library/Mobile\ Documents/com~apple~CloudDocs/HearifyV1/HearifyV1/Audio/CV\ Data/DMale1.mp3 (in target 'HearifyV1' from project 'HearifyV1')
    cd /Users/Veer/Library/Mobile\ Documents/com\~apple\~CloudDocs/HearifyV1
    builtin-copy -exclude .DS_Store -exclude CVS -exclude .svn -exclude .git -exclude .hg -resolve-src-symlinks /Users/Veer/Library/Mobile\ Documents/com\~apple\~CloudDocs/HearifyV1/HearifyV1/Audio/CV\ Data/DMale1.mp3 /Users/Veer/Library/Developer/Xcode/DerivedData/HearifyV1-ftljoypfezvlxcgouzbpmsmxzads/Build/Products/Debug-iphoneos/HearifyV1.app

CpResource /Users/Veer/Library/Developer/Xcode/DerivedData/HearifyV1-ftljoypfezvlxcgouzbpmsmxzads/Build/Products/Debug-iphoneos/HearifyV1.app/DATA_FILES_GUIDE.md /Users/Veer/Library/Mobile\ Documents/com~apple~CloudDocs/HearifyV1/HearifyV1/DATA_FILES_GUIDE.md (in target 'HearifyV1' from project 'HearifyV1')
    cd /Users/Veer/Library/Mobile\ Documents/com\~apple\~CloudDocs/HearifyV1
    builtin-copy -exclude .DS_Store -exclude CVS -exclude .svn -exclude .git -exclude .hg -resolve-src-symlinks /Users/Veer/Library/Mobile\ Documents/com\~apple\~CloudDocs/HearifyV1/HearifyV1/DATA_FILES_GUIDE.md /Users/Veer/Library/Developer/Xcode/DerivedData/HearifyV1-ftljoypfezvlxcgouzbpmsmxzads/Build/Products/Debug-iphoneos/HearifyV1.app

CpResource /Users/Veer/Library/Developer/Xcode/DerivedData/HearifyV1-ftljoypfezvlxcgouzbpmsmxzads/Build/Products/Debug-iphoneos/HearifyV1.app/CutMale1.mp3 /Users/Veer/Library/Mobile\ Documents/com~apple~CloudDocs/HearifyV1/HearifyV1/Audio/CP\ Folder/CutMale1.mp3 (in target 'HearifyV1' from project 'HearifyV1')
    cd /Users/Veer/Library/Mobile\ Documents/com\~apple\~CloudDocs/HearifyV1
    builtin-copy -exclude .DS_Store -exclude CVS -exclude .svn -exclude .git -exclude .hg -resolve-src-symlinks /Users/Veer/Library/Mobile\ Documents/com\~apple\~CloudDocs/HearifyV1/HearifyV1/Audio/CP\ Folder/CutMale1.mp3 /Users/Veer/Library/Developer/Xcode/DerivedData/HearifyV1-ftljoypfezvlxcgouzbpmsmxzads/Build/Products/Debug-iphoneos/HearifyV1.app

CpResource /Users/Veer/Library/Developer/Xcode/DerivedData/HearifyV1-ftljoypfezvlxcgouzbpmsmxzads/Build/Products/Debug-iphoneos/HearifyV1.app/CupMale1.mp3 /Users/Veer/Library/Mobile\ Documents/com~apple~CloudDocs/HearifyV1/HearifyV1/Audio/Syllables/Supra\ -\ 1\ v\ 3/CupMale1.mp3 (in target 'HearifyV1' from project 'HearifyV1')
    cd /Users/Veer/Library/Mobile\ Documents/com\~apple\~CloudDocs/HearifyV1
    builtin-copy -exclude .DS_Store -exclude CVS -exclude .svn -exclude .git -exclude .hg -resolve-src-symlinks /Users/Veer/Library/Mobile\ Documents/com\~apple\~CloudDocs/HearifyV1/HearifyV1/Audio/Syllables/Supra\ -\ 1\ v\ 3/CupMale1.mp3 /Users/Veer/Library/Developer/Xcode/DerivedData/HearifyV1-ftljoypfezvlxcgouzbpmsmxzads/Build/Products/Debug-iphoneos/HearifyV1.app

CpResource /Users/Veer/Library/Developer/Xcode/DerivedData/HearifyV1-ftljoypfezvlxcgouzbpmsmxzads/Build/Products/Debug-iphoneos/HearifyV1.app/CubMale3.mp3 /Users/Veer/Library/Mobile\ Documents/com~apple~CloudDocs/HearifyV1/HearifyV1/Audio/FC\ Folder/CubMale3.mp3 (in target 'HearifyV1' from project 'HearifyV1')
    cd /Users/Veer/Library/Mobile\ Documents/com\~apple\~CloudDocs/HearifyV1
    builtin-copy -exclude .DS_Store -exclude CVS -exclude .svn -exclude .git -exclude .hg -resolve-src-symlinks /Users/Veer/Library/Mobile\ Documents/com\~apple\~CloudDocs/HearifyV1/HearifyV1/Audio/FC\ Folder/CubMale3.mp3 /Users/Veer/Library/Developer/Xcode/DerivedData/HearifyV1-ftljoypfezvlxcgouzbpmsmxzads/Build/Products/Debug-iphoneos/HearifyV1.app

CpResource /Users/Veer/Library/Developer/Xcode/DerivedData/HearifyV1-ftljoypfezvlxcgouzbpmsmxzads/Build/Products/Debug-iphoneos/HearifyV1.app/CubMale2.mp3 /Users/Veer/Library/Mobile\ Documents/com~apple~CloudDocs/HearifyV1/HearifyV1/Audio/FC\ Folder/CubMale2.mp3 (in target 'HearifyV1' from project 'HearifyV1')
    cd /Users/Veer/Library/Mobile\ Documents/com\~apple\~CloudDocs/HearifyV1
    builtin-copy -exclude .DS_Store -exclude CVS -exclude .svn -exclude .git -exclude .hg -resolve-src-symlinks /Users/Veer/Library/Mobile\ Documents/com\~apple\~CloudDocs/HearifyV1/HearifyV1/Audio/FC\ Folder/CubMale2.mp3 /Users/Veer/Library/Developer/Xcode/DerivedData/HearifyV1-ftljoypfezvlxcgouzbpmsmxzads/Build/Products/Debug-iphoneos/HearifyV1.app

CpResource /Users/Veer/Library/Developer/Xcode/DerivedData/HearifyV1-ftljoypfezvlxcgouzbpmsmxzads/Build/Products/Debug-iphoneos/HearifyV1.app/CubMale1.mp3 /Users/Veer/Library/Mobile\ Documents/com~apple~CloudDocs/HearifyV1/HearifyV1/Audio/FC\ Folder/CubMale1.mp3 (in target 'HearifyV1' from project 'HearifyV1')
    cd /Users/Veer/Library/Mobile\ Documents/com\~apple\~CloudDocs/HearifyV1
    builtin-copy -exclude .DS_Store -exclude CVS -exclude .svn -exclude .git -exclude .hg -resolve-src-symlinks /Users/Veer/Library/Mobile\ Documents/com\~apple\~CloudDocs/HearifyV1/HearifyV1/Audio/FC\ Folder/CubMale1.mp3 /Users/Veer/Library/Developer/Xcode/DerivedData/HearifyV1-ftljoypfezvlxcgouzbpmsmxzads/Build/Products/Debug-iphoneos/HearifyV1.app

CpResource /Users/Veer/Library/Developer/Xcode/DerivedData/HearifyV1-ftljoypfezvlxcgouzbpmsmxzads/Build/Products/Debug-iphoneos/HearifyV1.app/CubFemale3.mp3 /Users/Veer/Library/Mobile\ Documents/com~apple~CloudDocs/HearifyV1/HearifyV1/Audio/FC\ Folder/CubFemale3.mp3 (in target 'HearifyV1' from project 'HearifyV1')
    cd /Users/Veer/Library/Mobile\ Documents/com\~apple\~CloudDocs/HearifyV1
    builtin-copy -exclude .DS_Store -exclude CVS -exclude .svn -exclude .git -exclude .hg -resolve-src-symlinks /Users/Veer/Library/Mobile\ Documents/com\~apple\~CloudDocs/HearifyV1/HearifyV1/Audio/FC\ Folder/CubFemale3.mp3 /Users/Veer/Library/Developer/Xcode/DerivedData/HearifyV1-ftljoypfezvlxcgouzbpmsmxzads/Build/Products/Debug-iphoneos/HearifyV1.app

CpResource /Users/Veer/Library/Developer/Xcode/DerivedData/HearifyV1-ftljoypfezvlxcgouzbpmsmxzads/Build/Products/Debug-iphoneos/HearifyV1.app/CubFemale2.mp3 /Users/Veer/Library/Mobile\ Documents/com~apple~CloudDocs/HearifyV1/HearifyV1/Audio/FC\ Folder/CubFemale2.mp3 (in target 'HearifyV1' from project 'HearifyV1')
    cd /Users/Veer/Library/Mobile\ Documents/com\~apple\~CloudDocs/HearifyV1
    builtin-copy -exclude .DS_Store -exclude CVS -exclude .svn -exclude .git -exclude .hg -resolve-src-symlinks /Users/Veer/Library/Mobile\ Documents/com\~apple\~CloudDocs/HearifyV1/HearifyV1/Audio/FC\ Folder/CubFemale2.mp3 /Users/Veer/Library/Developer/Xcode/DerivedData/HearifyV1-ftljoypfezvlxcgouzbpmsmxzads/Build/Products/Debug-iphoneos/HearifyV1.app

CpResource /Users/Veer/Library/Developer/Xcode/DerivedData/HearifyV1-ftljoypfezvlxcgouzbpmsmxzads/Build/Products/Debug-iphoneos/HearifyV1.app/CubFemale1.mp3 /Users/Veer/Library/Mobile\ Documents/com~apple~CloudDocs/HearifyV1/HearifyV1/Audio/FC\ Folder/CubFemale1.mp3 (in target 'HearifyV1' from project 'HearifyV1')
    cd /Users/Veer/Library/Mobile\ Documents/com\~apple\~CloudDocs/HearifyV1
    builtin-copy -exclude .DS_Store -exclude CVS -exclude .svn -exclude .git -exclude .hg -resolve-src-symlinks /Users/Veer/Library/Mobile\ Documents/com\~apple\~CloudDocs/HearifyV1/HearifyV1/Audio/FC\ Folder/CubFemale1.mp3 /Users/Veer/Library/Developer/Xcode/DerivedData/HearifyV1-ftljoypfezvlxcgouzbpmsmxzads/Build/Products/Debug-iphoneos/HearifyV1.app

CpResource /Users/Veer/Library/Developer/Xcode/DerivedData/HearifyV1-ftljoypfezvlxcgouzbpmsmxzads/Build/Products/Debug-iphoneos/HearifyV1.app/CryingMale1.mp3 /Users/Veer/Library/Mobile\ Documents/com~apple~CloudDocs/HearifyV1/HearifyV1/Audio/Syllables/Supra\ 2\ v3/CryingMale1.mp3 (in target 'HearifyV1' from project 'HearifyV1')
    cd /Users/Veer/Library/Mobile\ Documents/com\~apple\~CloudDocs/HearifyV1
    builtin-copy -exclude .DS_Store -exclude CVS -exclude .svn -exclude .git -exclude .hg -resolve-src-symlinks /Users/Veer/Library/Mobile\ Documents/com\~apple\~CloudDocs/HearifyV1/HearifyV1/Audio/Syllables/Supra\ 2\ v3/CryingMale1.mp3 /Users/Veer/Library/Developer/Xcode/DerivedData/HearifyV1-ftljoypfezvlxcgouzbpmsmxzads/Build/Products/Debug-iphoneos/HearifyV1.app

CpResource /Users/Veer/Library/Developer/Xcode/DerivedData/HearifyV1-ftljoypfezvlxcgouzbpmsmxzads/Build/Products/Debug-iphoneos/HearifyV1.app/CrownMale1.mp3 /Users/Veer/Library/Mobile\ Documents/com~apple~CloudDocs/HearifyV1/HearifyV1/Audio/Word\ Recognition/CrownMale1.mp3 (in target 'HearifyV1' from project 'HearifyV1')
    cd /Users/Veer/Library/Mobile\ Documents/com\~apple\~CloudDocs/HearifyV1
    builtin-copy -exclude .DS_Store -exclude CVS -exclude .svn -exclude .git -exclude .hg -resolve-src-symlinks /Users/Veer/Library/Mobile\ Documents/com\~apple\~CloudDocs/HearifyV1/HearifyV1/Audio/Word\ Recognition/CrownMale1.mp3 /Users/Veer/Library/Developer/Xcode/DerivedData/HearifyV1-ftljoypfezvlxcgouzbpmsmxzads/Build/Products/Debug-iphoneos/HearifyV1.app

CpResource /Users/Veer/Library/Developer/Xcode/DerivedData/HearifyV1-ftljoypfezvlxcgouzbpmsmxzads/Build/Products/Debug-iphoneos/HearifyV1.app/CreekMale1.mp3 /Users/Veer/Library/Mobile\ Documents/com~apple~CloudDocs/HearifyV1/HearifyV1/Audio/Word\ Recognition/CreekMale1.mp3 (in target 'HearifyV1' from project 'HearifyV1')
    cd /Users/Veer/Library/Mobile\ Documents/com\~apple\~CloudDocs/HearifyV1
    builtin-copy -exclude .DS_Store -exclude CVS -exclude .svn -exclude .git -exclude .hg -resolve-src-symlinks /Users/Veer/Library/Mobile\ Documents/com\~apple\~CloudDocs/HearifyV1/HearifyV1/Audio/Word\ Recognition/CreekMale1.mp3 /Users/Veer/Library/Developer/Xcode/DerivedData/HearifyV1-ftljoypfezvlxcgouzbpmsmxzads/Build/Products/Debug-iphoneos/HearifyV1.app

CpResource /Users/Veer/Library/Developer/Xcode/DerivedData/HearifyV1-ftljoypfezvlxcgouzbpmsmxzads/Build/Products/Debug-iphoneos/HearifyV1.app/CouchMale1.mp3 /Users/Veer/Library/Mobile\ Documents/com~apple~CloudDocs/HearifyV1/HearifyV1/Audio/PD\ Folder/CouchMale1.mp3 (in target 'HearifyV1' from project 'HearifyV1')
    cd /Users/Veer/Library/Mobile\ Documents/com\~apple\~CloudDocs/HearifyV1
    builtin-copy -exclude .DS_Store -exclude CVS -exclude .svn -exclude .git -exclude .hg -resolve-src-symlinks /Users/Veer/Library/Mobile\ Documents/com\~apple\~CloudDocs/HearifyV1/HearifyV1/Audio/PD\ Folder/CouchMale1.mp3 /Users/Veer/Library/Developer/Xcode/DerivedData/HearifyV1-ftljoypfezvlxcgouzbpmsmxzads/Build/Products/Debug-iphoneos/HearifyV1.app

CpResource /Users/Veer/Library/Developer/Xcode/DerivedData/HearifyV1-ftljoypfezvlxcgouzbpmsmxzads/Build/Products/Debug-iphoneos/HearifyV1.app/Could\ you\ pass\ me\ the\ salt\ pleaseMale1.mp3 /Users/Veer/Library/Mobile\ Documents/com~apple~CloudDocs/HearifyV1/HearifyV1/Audio/Sentences/Could\ you\ pass\ me\ the\ salt\ pleaseMale1.mp3 (in target 'HearifyV1' from project 'HearifyV1')
    cd /Users/Veer/Library/Mobile\ Documents/com\~apple\~CloudDocs/HearifyV1
    builtin-copy -exclude .DS_Store -exclude CVS -exclude .svn -exclude .git -exclude .hg -resolve-src-symlinks /Users/Veer/Library/Mobile\ Documents/com\~apple\~CloudDocs/HearifyV1/HearifyV1/Audio/Sentences/Could\ you\ pass\ me\ the\ salt\ pleaseMale1.mp3 /Users/Veer/Library/Developer/Xcode/DerivedData/HearifyV1-ftljoypfezvlxcgouzbpmsmxzads/Build/Products/Debug-iphoneos/HearifyV1.app

SwiftExplicitDependencyGeneratePcm arm64 /Users/Veer/Library/Developer/Xcode/DerivedData/ModuleCache.noindex/CloudKit-1R39L9YLGX8VPXNF1WFBBKN0O.pcm

CpResource /Users/Veer/Library/Developer/Xcode/DerivedData/HearifyV1-ftljoypfezvlxcgouzbpmsmxzads/Build/Products/Debug-iphoneos/HearifyV1.app/CotMale1.mp3 /Users/Veer/Library/Mobile\ Documents/com~apple~CloudDocs/HearifyV1/HearifyV1/Audio/Vowels\ Folder/CotMale1.mp3 (in target 'HearifyV1' from project 'HearifyV1')
    cd /Users/Veer/Library/Mobile\ Documents/com\~apple\~CloudDocs/HearifyV1
    builtin-copy -exclude .DS_Store -exclude CVS -exclude .svn -exclude .git -exclude .hg -resolve-src-symlinks /Users/Veer/Library/Mobile\ Documents/com\~apple\~CloudDocs/HearifyV1/HearifyV1/Audio/Vowels\ Folder/CotMale1.mp3 /Users/Veer/Library/Developer/Xcode/DerivedData/HearifyV1-ftljoypfezvlxcgouzbpmsmxzads/Build/Products/Debug-iphoneos/HearifyV1.app

SwiftExplicitDependencyGeneratePcm arm64 /Users/Veer/Library/Developer/Xcode/DerivedData/ModuleCache.noindex/AudioToolbox-CBDPC7ERS51BFE78ONHAUM0AH.pcm

CpResource /Users/Veer/Library/Developer/Xcode/DerivedData/HearifyV1-ftljoypfezvlxcgouzbpmsmxzads/Build/Products/Debug-iphoneos/HearifyV1.app/CornMale1.mp3 /Users/Veer/Library/Mobile\ Documents/com~apple~CloudDocs/HearifyV1/HearifyV1/Audio/Word\ Recognition/CornMale1.mp3 (in target 'HearifyV1' from project 'HearifyV1')
    cd /Users/Veer/Library/Mobile\ Documents/com\~apple\~CloudDocs/HearifyV1
    builtin-copy -exclude .DS_Store -exclude CVS -exclude .svn -exclude .git -exclude .hg -resolve-src-symlinks /Users/Veer/Library/Mobile\ Documents/com\~apple\~CloudDocs/HearifyV1/HearifyV1/Audio/Word\ Recognition/CornMale1.mp3 /Users/Veer/Library/Developer/Xcode/DerivedData/HearifyV1-ftljoypfezvlxcgouzbpmsmxzads/Build/Products/Debug-iphoneos/HearifyV1.app

CpResource /Users/Veer/Library/Developer/Xcode/DerivedData/HearifyV1-ftljoypfezvlxcgouzbpmsmxzads/Build/Products/Debug-iphoneos/HearifyV1.app/CookieMale1.mp3 /Users/Veer/Library/Mobile\ Documents/com~apple~CloudDocs/HearifyV1/HearifyV1/Audio/Syllables/Supra\ 1\ v\ 2/CookieMale1.mp3 (in target 'HearifyV1' from project 'HearifyV1')
    cd /Users/Veer/Library/Mobile\ Documents/com\~apple\~CloudDocs/HearifyV1
    builtin-copy -exclude .DS_Store -exclude CVS -exclude .svn -exclude .git -exclude .hg -resolve-src-symlinks /Users/Veer/Library/Mobile\ Documents/com\~apple\~CloudDocs/HearifyV1/HearifyV1/Audio/Syllables/Supra\ 1\ v\ 2/CookieMale1.mp3 /Users/Veer/Library/Developer/Xcode/DerivedData/HearifyV1-ftljoypfezvlxcgouzbpmsmxzads/Build/Products/Debug-iphoneos/HearifyV1.app

CpResource /Users/Veer/Library/Developer/Xcode/DerivedData/HearifyV1-ftljoypfezvlxcgouzbpmsmxzads/Build/Products/Debug-iphoneos/HearifyV1.app/ConsonantsVoicingData.csv /Users/Veer/Library/Mobile\ Documents/com~apple~CloudDocs/HearifyV1/HearifyV1/ConsonantsVoicingData.csv (in target 'HearifyV1' from project 'HearifyV1')
    cd /Users/Veer/Library/Mobile\ Documents/com\~apple\~CloudDocs/HearifyV1
    builtin-copy -exclude .DS_Store -exclude CVS -exclude .svn -exclude .git -exclude .hg -resolve-src-symlinks /Users/Veer/Library/Mobile\ Documents/com\~apple\~CloudDocs/HearifyV1/HearifyV1/ConsonantsVoicingData.csv /Users/Veer/Library/Developer/Xcode/DerivedData/HearifyV1-ftljoypfezvlxcgouzbpmsmxzads/Build/Products/Debug-iphoneos/HearifyV1.app

CpResource /Users/Veer/Library/Developer/Xcode/DerivedData/HearifyV1-ftljoypfezvlxcgouzbpmsmxzads/Build/Products/Debug-iphoneos/HearifyV1.app/ConsonantsPlaceData.csv /Users/Veer/Library/Mobile\ Documents/com~apple~CloudDocs/HearifyV1/HearifyV1/ConsonantsPlaceData.csv (in target 'HearifyV1' from project 'HearifyV1')
    cd /Users/Veer/Library/Mobile\ Documents/com\~apple\~CloudDocs/HearifyV1
    builtin-copy -exclude .DS_Store -exclude CVS -exclude .svn -exclude .git -exclude .hg -resolve-src-symlinks /Users/Veer/Library/Mobile\ Documents/com\~apple\~CloudDocs/HearifyV1/HearifyV1/ConsonantsPlaceData.csv /Users/Veer/Library/Developer/Xcode/DerivedData/HearifyV1-ftljoypfezvlxcgouzbpmsmxzads/Build/Products/Debug-iphoneos/HearifyV1.app

CpResource /Users/Veer/Library/Developer/Xcode/DerivedData/HearifyV1-ftljoypfezvlxcgouzbpmsmxzads/Build/Products/Debug-iphoneos/HearifyV1.app/Consonants.csv /Users/Veer/Library/Mobile\ Documents/com~apple~CloudDocs/HearifyV1/HearifyV1/Consonants.csv (in target 'HearifyV1' from project 'HearifyV1')
    cd /Users/Veer/Library/Mobile\ Documents/com\~apple\~CloudDocs/HearifyV1
    builtin-copy -exclude .DS_Store -exclude CVS -exclude .svn -exclude .git -exclude .hg -resolve-src-symlinks /Users/Veer/Library/Mobile\ Documents/com\~apple\~CloudDocs/HearifyV1/HearifyV1/Consonants.csv /Users/Veer/Library/Developer/Xcode/DerivedData/HearifyV1-ftljoypfezvlxcgouzbpmsmxzads/Build/Products/Debug-iphoneos/HearifyV1.app

CpResource /Users/Veer/Library/Developer/Xcode/DerivedData/HearifyV1-ftljoypfezvlxcgouzbpmsmxzads/Build/Products/Debug-iphoneos/HearifyV1.app/ComputerMale1.mp3 /Users/Veer/Library/Mobile\ Documents/com~apple~CloudDocs/HearifyV1/HearifyV1/Audio/Syllables/Supra\ -\ 1\ v\ 3/ComputerMale1.mp3 (in target 'HearifyV1' from project 'HearifyV1')
    cd /Users/Veer/Library/Mobile\ Documents/com\~apple\~CloudDocs/HearifyV1
    builtin-copy -exclude .DS_Store -exclude CVS -exclude .svn -exclude .git -exclude .hg -resolve-src-symlinks /Users/Veer/Library/Mobile\ Documents/com\~apple\~CloudDocs/HearifyV1/HearifyV1/Audio/Syllables/Supra\ -\ 1\ v\ 3/ComputerMale1.mp3 /Users/Veer/Library/Developer/Xcode/DerivedData/HearifyV1-ftljoypfezvlxcgouzbpmsmxzads/Build/Products/Debug-iphoneos/HearifyV1.app

CpResource /Users/Veer/Library/Developer/Xcode/DerivedData/HearifyV1-ftljoypfezvlxcgouzbpmsmxzads/Build/Products/Debug-iphoneos/HearifyV1.app/ComeMale1.mp3 /Users/Veer/Library/Mobile\ Documents/com~apple~CloudDocs/HearifyV1/HearifyV1/Audio/CV\ Data/ComeMale1.mp3 (in target 'HearifyV1' from project 'HearifyV1')
    cd /Users/Veer/Library/Mobile\ Documents/com\~apple\~CloudDocs/HearifyV1
    builtin-copy -exclude .DS_Store -exclude CVS -exclude .svn -exclude .git -exclude .hg -resolve-src-symlinks /Users/Veer/Library/Mobile\ Documents/com\~apple\~CloudDocs/HearifyV1/HearifyV1/Audio/CV\ Data/ComeMale1.mp3 /Users/Veer/Library/Developer/Xcode/DerivedData/HearifyV1-ftljoypfezvlxcgouzbpmsmxzads/Build/Products/Debug-iphoneos/HearifyV1.app

CpResource /Users/Veer/Library/Developer/Xcode/DerivedData/HearifyV1-ftljoypfezvlxcgouzbpmsmxzads/Build/Products/Debug-iphoneos/HearifyV1.app/CoinMale1.mp3 /Users/Veer/Library/Mobile\ Documents/com~apple~CloudDocs/HearifyV1/HearifyV1/Audio/Word\ Recognition/CoinMale1.mp3 (in target 'HearifyV1' from project 'HearifyV1')
    cd /Users/Veer/Library/Mobile\ Documents/com\~apple\~CloudDocs/HearifyV1
    builtin-copy -exclude .DS_Store -exclude CVS -exclude .svn -exclude .git -exclude .hg -resolve-src-symlinks /Users/Veer/Library/Mobile\ Documents/com\~apple\~CloudDocs/HearifyV1/HearifyV1/Audio/Word\ Recognition/CoinMale1.mp3 /Users/Veer/Library/Developer/Xcode/DerivedData/HearifyV1-ftljoypfezvlxcgouzbpmsmxzads/Build/Products/Debug-iphoneos/HearifyV1.app

CpResource /Users/Veer/Library/Developer/Xcode/DerivedData/HearifyV1-ftljoypfezvlxcgouzbpmsmxzads/Build/Products/Debug-iphoneos/HearifyV1.app/CobMale1.mp3 /Users/Veer/Library/Mobile\ Documents/com~apple~CloudDocs/HearifyV1/HearifyV1/Audio/Vowels\ Folder/CobMale1.mp3 (in target 'HearifyV1' from project 'HearifyV1')
    cd /Users/Veer/Library/Mobile\ Documents/com\~apple\~CloudDocs/HearifyV1
    builtin-copy -exclude .DS_Store -exclude CVS -exclude .svn -exclude .git -exclude .hg -resolve-src-symlinks /Users/Veer/Library/Mobile\ Documents/com\~apple\~CloudDocs/HearifyV1/HearifyV1/Audio/Vowels\ Folder/CobMale1.mp3 /Users/Veer/Library/Developer/Xcode/DerivedData/HearifyV1-ftljoypfezvlxcgouzbpmsmxzads/Build/Products/Debug-iphoneos/HearifyV1.app

CpResource /Users/Veer/Library/Developer/Xcode/DerivedData/HearifyV1-ftljoypfezvlxcgouzbpmsmxzads/Build/Products/Debug-iphoneos/HearifyV1.app/CoatMale1.mp3 /Users/Veer/Library/Mobile\ Documents/com~apple~CloudDocs/HearifyV1/HearifyV1/Audio/Vowels\ Folder/CoatMale1.mp3 (in target 'HearifyV1' from project 'HearifyV1')
    cd /Users/Veer/Library/Mobile\ Documents/com\~apple\~CloudDocs/HearifyV1
    builtin-copy -exclude .DS_Store -exclude CVS -exclude .svn -exclude .git -exclude .hg -resolve-src-symlinks /Users/Veer/Library/Mobile\ Documents/com\~apple\~CloudDocs/HearifyV1/HearifyV1/Audio/Vowels\ Folder/CoatMale1.mp3 /Users/Veer/Library/Developer/Xcode/DerivedData/HearifyV1-ftljoypfezvlxcgouzbpmsmxzads/Build/Products/Debug-iphoneos/HearifyV1.app

CpResource /Users/Veer/Library/Developer/Xcode/DerivedData/HearifyV1-ftljoypfezvlxcgouzbpmsmxzads/Build/Products/Debug-iphoneos/HearifyV1.app/CloudMale1.mp3 /Users/Veer/Library/Mobile\ Documents/com~apple~CloudDocs/HearifyV1/HearifyV1/Audio/Word\ Recognition/CloudMale1.mp3 (in target 'HearifyV1' from project 'HearifyV1')
    cd /Users/Veer/Library/Mobile\ Documents/com\~apple\~CloudDocs/HearifyV1
    builtin-copy -exclude .DS_Store -exclude CVS -exclude .svn -exclude .git -exclude .hg -resolve-src-symlinks /Users/Veer/Library/Mobile\ Documents/com\~apple\~CloudDocs/HearifyV1/HearifyV1/Audio/Word\ Recognition/CloudMale1.mp3 /Users/Veer/Library/Developer/Xcode/DerivedData/HearifyV1-ftljoypfezvlxcgouzbpmsmxzads/Build/Products/Debug-iphoneos/HearifyV1.app

CpResource /Users/Veer/Library/Developer/Xcode/DerivedData/HearifyV1-ftljoypfezvlxcgouzbpmsmxzads/Build/Products/Debug-iphoneos/HearifyV1.app/CoastMale1.mp3 /Users/Veer/Library/Mobile\ Documents/com~apple~CloudDocs/HearifyV1/HearifyV1/Audio/CV\ Data/CoastMale1.mp3 (in target 'HearifyV1' from project 'HearifyV1')
    cd /Users/Veer/Library/Mobile\ Documents/com\~apple\~CloudDocs/HearifyV1
    builtin-copy -exclude .DS_Store -exclude CVS -exclude .svn -exclude .git -exclude .hg -resolve-src-symlinks /Users/Veer/Library/Mobile\ Documents/com\~apple\~CloudDocs/HearifyV1/HearifyV1/Audio/CV\ Data/CoastMale1.mp3 /Users/Veer/Library/Developer/Xcode/DerivedData/HearifyV1-ftljoypfezvlxcgouzbpmsmxzads/Build/Products/Debug-iphoneos/HearifyV1.app

CpResource /Users/Veer/Library/Developer/Xcode/DerivedData/HearifyV1-ftljoypfezvlxcgouzbpmsmxzads/Build/Products/Debug-iphoneos/HearifyV1.app/ChipsMale1.mp3 /Users/Veer/Library/Mobile\ Documents/com~apple~CloudDocs/HearifyV1/HearifyV1/Audio/PD\ Folder/ChipsMale1.mp3 (in target 'HearifyV1' from project 'HearifyV1')
    cd /Users/Veer/Library/Mobile\ Documents/com\~apple\~CloudDocs/HearifyV1
    builtin-copy -exclude .DS_Store -exclude CVS -exclude .svn -exclude .git -exclude .hg -resolve-src-symlinks /Users/Veer/Library/Mobile\ Documents/com\~apple\~CloudDocs/HearifyV1/HearifyV1/Audio/PD\ Folder/ChipsMale1.mp3 /Users/Veer/Library/Developer/Xcode/DerivedData/HearifyV1-ftljoypfezvlxcgouzbpmsmxzads/Build/Products/Debug-iphoneos/HearifyV1.app

CpResource /Users/Veer/Library/Developer/Xcode/DerivedData/HearifyV1-ftljoypfezvlxcgouzbpmsmxzads/Build/Products/Debug-iphoneos/HearifyV1.app/ChipMale1.mp3 /Users/Veer/Library/Mobile\ Documents/com~apple~CloudDocs/HearifyV1/HearifyV1/Audio/CM\ Folder/ChipMale1.mp3 (in target 'HearifyV1' from project 'HearifyV1')
    cd /Users/Veer/Library/Mobile\ Documents/com\~apple\~CloudDocs/HearifyV1
    builtin-copy -exclude .DS_Store -exclude CVS -exclude .svn -exclude .git -exclude .hg -resolve-src-symlinks /Users/Veer/Library/Mobile\ Documents/com\~apple\~CloudDocs/HearifyV1/HearifyV1/Audio/CM\ Folder/ChipMale1.mp3 /Users/Veer/Library/Developer/Xcode/DerivedData/HearifyV1-ftljoypfezvlxcgouzbpmsmxzads/Build/Products/Debug-iphoneos/HearifyV1.app

CpResource /Users/Veer/Library/Developer/Xcode/DerivedData/HearifyV1-ftljoypfezvlxcgouzbpmsmxzads/Build/Products/Debug-iphoneos/HearifyV1.app/ChinMale1.mp3 /Users/Veer/Library/Mobile\ Documents/com~apple~CloudDocs/HearifyV1/HearifyV1/Audio/CM\ Folder/ChinMale1.mp3 (in target 'HearifyV1' from project 'HearifyV1')
    cd /Users/Veer/Library/Mobile\ Documents/com\~apple\~CloudDocs/HearifyV1
    builtin-copy -exclude .DS_Store -exclude CVS -exclude .svn -exclude .git -exclude .hg -resolve-src-symlinks /Users/Veer/Library/Mobile\ Documents/com\~apple\~CloudDocs/HearifyV1/HearifyV1/Audio/CM\ Folder/ChinMale1.mp3 /Users/Veer/Library/Developer/Xcode/DerivedData/HearifyV1-ftljoypfezvlxcgouzbpmsmxzads/Build/Products/Debug-iphoneos/HearifyV1.app

CpResource /Users/Veer/Library/Developer/Xcode/DerivedData/HearifyV1-ftljoypfezvlxcgouzbpmsmxzads/Build/Products/Debug-iphoneos/HearifyV1.app/ChickMale1.mp3 /Users/Veer/Library/Mobile\ Documents/com~apple~CloudDocs/HearifyV1/HearifyV1/Audio/CM\ Folder/ChickMale1.mp3 (in target 'HearifyV1' from project 'HearifyV1')
    cd /Users/Veer/Library/Mobile\ Documents/com\~apple\~CloudDocs/HearifyV1
    builtin-copy -exclude .DS_Store -exclude CVS -exclude .svn -exclude .git -exclude .hg -resolve-src-symlinks /Users/Veer/Library/Mobile\ Documents/com\~apple\~CloudDocs/HearifyV1/HearifyV1/Audio/CM\ Folder/ChickMale1.mp3 /Users/Veer/Library/Developer/Xcode/DerivedData/HearifyV1-ftljoypfezvlxcgouzbpmsmxzads/Build/Products/Debug-iphoneos/HearifyV1.app

CpResource /Users/Veer/Library/Developer/Xcode/DerivedData/HearifyV1-ftljoypfezvlxcgouzbpmsmxzads/Build/Products/Debug-iphoneos/HearifyV1.app/ChewMale1.mp3 /Users/Veer/Library/Mobile\ Documents/com~apple~CloudDocs/HearifyV1/HearifyV1/Audio/CM\ Folder/ChewMale1.mp3 (in target 'HearifyV1' from project 'HearifyV1')
    cd /Users/Veer/Library/Mobile\ Documents/com\~apple\~CloudDocs/HearifyV1
    builtin-copy -exclude .DS_Store -exclude CVS -exclude .svn -exclude .git -exclude .hg -resolve-src-symlinks /Users/Veer/Library/Mobile\ Documents/com\~apple\~CloudDocs/HearifyV1/HearifyV1/Audio/CM\ Folder/ChewMale1.mp3 /Users/Veer/Library/Developer/Xcode/DerivedData/HearifyV1-ftljoypfezvlxcgouzbpmsmxzads/Build/Products/Debug-iphoneos/HearifyV1.app

CpResource /Users/Veer/Library/Developer/Xcode/DerivedData/HearifyV1-ftljoypfezvlxcgouzbpmsmxzads/Build/Products/Debug-iphoneos/HearifyV1.app/ChestMale1.mp3 /Users/Veer/Library/Mobile\ Documents/com~apple~CloudDocs/HearifyV1/HearifyV1/Audio/Word\ Recognition/ChestMale1.mp3 (in target 'HearifyV1' from project 'HearifyV1')
    cd /Users/Veer/Library/Mobile\ Documents/com\~apple\~CloudDocs/HearifyV1
    builtin-copy -exclude .DS_Store -exclude CVS -exclude .svn -exclude .git -exclude .hg -resolve-src-symlinks /Users/Veer/Library/Mobile\ Documents/com\~apple\~CloudDocs/HearifyV1/HearifyV1/Audio/Word\ Recognition/ChestMale1.mp3 /Users/Veer/Library/Developer/Xcode/DerivedData/HearifyV1-ftljoypfezvlxcgouzbpmsmxzads/Build/Products/Debug-iphoneos/HearifyV1.app

CpResource /Users/Veer/Library/Developer/Xcode/DerivedData/HearifyV1-ftljoypfezvlxcgouzbpmsmxzads/Build/Products/Debug-iphoneos/HearifyV1.app/ChessMale1.mp3 /Users/Veer/Library/Mobile\ Documents/com~apple~CloudDocs/HearifyV1/HearifyV1/Audio/CV\ Data/ChessMale1.mp3 (in target 'HearifyV1' from project 'HearifyV1')
    cd /Users/Veer/Library/Mobile\ Documents/com\~apple\~CloudDocs/HearifyV1
    builtin-copy -exclude .DS_Store -exclude CVS -exclude .svn -exclude .git -exclude .hg -resolve-src-symlinks /Users/Veer/Library/Mobile\ Documents/com\~apple\~CloudDocs/HearifyV1/HearifyV1/Audio/CV\ Data/ChessMale1.mp3 /Users/Veer/Library/Developer/Xcode/DerivedData/HearifyV1-ftljoypfezvlxcgouzbpmsmxzads/Build/Products/Debug-iphoneos/HearifyV1.app

CpResource /Users/Veer/Library/Developer/Xcode/DerivedData/HearifyV1-ftljoypfezvlxcgouzbpmsmxzads/Build/Products/Debug-iphoneos/HearifyV1.app/CherryMale1.mp3 /Users/Veer/Library/Mobile\ Documents/com~apple~CloudDocs/HearifyV1/HearifyV1/Audio/CM\ Folder/CherryMale1.mp3 (in target 'HearifyV1' from project 'HearifyV1')
    cd /Users/Veer/Library/Mobile\ Documents/com\~apple\~CloudDocs/HearifyV1
    builtin-copy -exclude .DS_Store -exclude CVS -exclude .svn -exclude .git -exclude .hg -resolve-src-symlinks /Users/Veer/Library/Mobile\ Documents/com\~apple\~CloudDocs/HearifyV1/HearifyV1/Audio/CM\ Folder/CherryMale1.mp3 /Users/Veer/Library/Developer/Xcode/DerivedData/HearifyV1-ftljoypfezvlxcgouzbpmsmxzads/Build/Products/Debug-iphoneos/HearifyV1.app

CpResource /Users/Veer/Library/Developer/Xcode/DerivedData/HearifyV1-ftljoypfezvlxcgouzbpmsmxzads/Build/Products/Debug-iphoneos/HearifyV1.app/CherriesMale1.mp3 /Users/Veer/Library/Mobile\ Documents/com~apple~CloudDocs/HearifyV1/HearifyV1/Audio/PD\ Folder/CherriesMale1.mp3 (in target 'HearifyV1' from project 'HearifyV1')
    cd /Users/Veer/Library/Mobile\ Documents/com\~apple\~CloudDocs/HearifyV1
    builtin-copy -exclude .DS_Store -exclude CVS -exclude .svn -exclude .git -exclude .hg -resolve-src-symlinks /Users/Veer/Library/Mobile\ Documents/com\~apple\~CloudDocs/HearifyV1/HearifyV1/Audio/PD\ Folder/CherriesMale1.mp3 /Users/Veer/Library/Developer/Xcode/DerivedData/HearifyV1-ftljoypfezvlxcgouzbpmsmxzads/Build/Products/Debug-iphoneos/HearifyV1.app

CpResource /Users/Veer/Library/Developer/Xcode/DerivedData/HearifyV1-ftljoypfezvlxcgouzbpmsmxzads/Build/Products/Debug-iphoneos/HearifyV1.app/CheeseMale1.mp3 /Users/Veer/Library/Mobile\ Documents/com~apple~CloudDocs/HearifyV1/HearifyV1/Audio/CM\ Folder/CheeseMale1.mp3 (in target 'HearifyV1' from project 'HearifyV1')
    cd /Users/Veer/Library/Mobile\ Documents/com\~apple\~CloudDocs/HearifyV1
    builtin-copy -exclude .DS_Store -exclude CVS -exclude .svn -exclude .git -exclude .hg -resolve-src-symlinks /Users/Veer/Library/Mobile\ Documents/com\~apple\~CloudDocs/HearifyV1/HearifyV1/Audio/CM\ Folder/CheeseMale1.mp3 /Users/Veer/Library/Developer/Xcode/DerivedData/HearifyV1-ftljoypfezvlxcgouzbpmsmxzads/Build/Products/Debug-iphoneos/HearifyV1.app

CpResource /Users/Veer/Library/Developer/Xcode/DerivedData/HearifyV1-ftljoypfezvlxcgouzbpmsmxzads/Build/Products/Debug-iphoneos/HearifyV1.app/CheepMale1.mp3 /Users/Veer/Library/Mobile\ Documents/com~apple~CloudDocs/HearifyV1/HearifyV1/Audio/CV\ Data/CheepMale1.mp3 (in target 'HearifyV1' from project 'HearifyV1')
    cd /Users/Veer/Library/Mobile\ Documents/com\~apple\~CloudDocs/HearifyV1
    builtin-copy -exclude .DS_Store -exclude CVS -exclude .svn -exclude .git -exclude .hg -resolve-src-symlinks /Users/Veer/Library/Mobile\ Documents/com\~apple\~CloudDocs/HearifyV1/HearifyV1/Audio/CV\ Data/CheepMale1.mp3 /Users/Veer/Library/Developer/Xcode/DerivedData/HearifyV1-ftljoypfezvlxcgouzbpmsmxzads/Build/Products/Debug-iphoneos/HearifyV1.app

CpResource /Users/Veer/Library/Developer/Xcode/DerivedData/HearifyV1-ftljoypfezvlxcgouzbpmsmxzads/Build/Products/Debug-iphoneos/HearifyV1.app/ChairMale1.mp3 /Users/Veer/Library/Mobile\ Documents/com~apple~CloudDocs/HearifyV1/HearifyV1/Audio/Syllables/Supra\ 1\ v\ 2/ChairMale1.mp3 (in target 'HearifyV1' from project 'HearifyV1')
    cd /Users/Veer/Library/Mobile\ Documents/com\~apple\~CloudDocs/HearifyV1
    builtin-copy -exclude .DS_Store -exclude CVS -exclude .svn -exclude .git -exclude .hg -resolve-src-symlinks /Users/Veer/Library/Mobile\ Documents/com\~apple\~CloudDocs/HearifyV1/HearifyV1/Audio/Syllables/Supra\ 1\ v\ 2/ChairMale1.mp3 /Users/Veer/Library/Developer/Xcode/DerivedData/HearifyV1-ftljoypfezvlxcgouzbpmsmxzads/Build/Products/Debug-iphoneos/HearifyV1.app

CpResource /Users/Veer/Library/Developer/Xcode/DerivedData/HearifyV1-ftljoypfezvlxcgouzbpmsmxzads/Build/Products/Debug-iphoneos/HearifyV1.app/ChainMale1.mp3 /Users/Veer/Library/Mobile\ Documents/com~apple~CloudDocs/HearifyV1/HearifyV1/Audio/CV\ Data/ChainMale1.mp3 (in target 'HearifyV1' from project 'HearifyV1')
    cd /Users/Veer/Library/Mobile\ Documents/com\~apple\~CloudDocs/HearifyV1
    builtin-copy -exclude .DS_Store -exclude CVS -exclude .svn -exclude .git -exclude .hg -resolve-src-symlinks /Users/Veer/Library/Mobile\ Documents/com\~apple\~CloudDocs/HearifyV1/HearifyV1/Audio/CV\ Data/ChainMale1.mp3 /Users/Veer/Library/Developer/Xcode/DerivedData/HearifyV1-ftljoypfezvlxcgouzbpmsmxzads/Build/Products/Debug-iphoneos/HearifyV1.app

CpResource /Users/Veer/Library/Developer/Xcode/DerivedData/HearifyV1-ftljoypfezvlxcgouzbpmsmxzads/Build/Products/Debug-iphoneos/HearifyV1.app/ChadMale1.mp3 /Users/Veer/Library/Mobile\ Documents/com~apple~CloudDocs/HearifyV1/HearifyV1/Audio/CM\ Folder/ChadMale1.mp3 (in target 'HearifyV1' from project 'HearifyV1')
    cd /Users/Veer/Library/Mobile\ Documents/com\~apple\~CloudDocs/HearifyV1
    builtin-copy -exclude .DS_Store -exclude CVS -exclude .svn -exclude .git -exclude .hg -resolve-src-symlinks /Users/Veer/Library/Mobile\ Documents/com\~apple\~CloudDocs/HearifyV1/HearifyV1/Audio/CM\ Folder/ChadMale1.mp3 /Users/Veer/Library/Developer/Xcode/DerivedData/HearifyV1-ftljoypfezvlxcgouzbpmsmxzads/Build/Products/Debug-iphoneos/HearifyV1.app

CpResource /Users/Veer/Library/Developer/Xcode/DerivedData/HearifyV1-ftljoypfezvlxcgouzbpmsmxzads/Build/Products/Debug-iphoneos/HearifyV1.app/CelloMale1.mp3 /Users/Veer/Library/Mobile\ Documents/com~apple~CloudDocs/HearifyV1/HearifyV1/Audio/CV\ Data/CelloMale1.mp3 (in target 'HearifyV1' from project 'HearifyV1')
    cd /Users/Veer/Library/Mobile\ Documents/com\~apple\~CloudDocs/HearifyV1
    builtin-copy -exclude .DS_Store -exclude CVS -exclude .svn -exclude .git -exclude .hg -resolve-src-symlinks /Users/Veer/Library/Mobile\ Documents/com\~apple\~CloudDocs/HearifyV1/HearifyV1/Audio/CV\ Data/CelloMale1.mp3 /Users/Veer/Library/Developer/Xcode/DerivedData/HearifyV1-ftljoypfezvlxcgouzbpmsmxzads/Build/Products/Debug-iphoneos/HearifyV1.app

CpResource /Users/Veer/Library/Developer/Xcode/DerivedData/HearifyV1-ftljoypfezvlxcgouzbpmsmxzads/Build/Products/Debug-iphoneos/HearifyV1.app/CaveMale1.mp3 /Users/Veer/Library/Mobile\ Documents/com~apple~CloudDocs/HearifyV1/HearifyV1/Audio/CV\ Data/CaveMale1.mp3 (in target 'HearifyV1' from project 'HearifyV1')
    cd /Users/Veer/Library/Mobile\ Documents/com\~apple\~CloudDocs/HearifyV1
    builtin-copy -exclude .DS_Store -exclude CVS -exclude .svn -exclude .git -exclude .hg -resolve-src-symlinks /Users/Veer/Library/Mobile\ Documents/com\~apple\~CloudDocs/HearifyV1/HearifyV1/Audio/CV\ Data/CaveMale1.mp3 /Users/Veer/Library/Developer/Xcode/DerivedData/HearifyV1-ftljoypfezvlxcgouzbpmsmxzads/Build/Products/Debug-iphoneos/HearifyV1.app

CpResource /Users/Veer/Library/Developer/Xcode/DerivedData/HearifyV1-ftljoypfezvlxcgouzbpmsmxzads/Build/Products/Debug-iphoneos/HearifyV1.app/CatMale1.mp3 /Users/Veer/Library/Mobile\ Documents/com~apple~CloudDocs/HearifyV1/HearifyV1/Audio/Syllables/Supra\ -\ 1\ v\ 3/CatMale1.mp3 (in target 'HearifyV1' from project 'HearifyV1')
    cd /Users/Veer/Library/Mobile\ Documents/com\~apple\~CloudDocs/HearifyV1
    builtin-copy -exclude .DS_Store -exclude CVS -exclude .svn -exclude .git -exclude .hg -resolve-src-symlinks /Users/Veer/Library/Mobile\ Documents/com\~apple\~CloudDocs/HearifyV1/HearifyV1/Audio/Syllables/Supra\ -\ 1\ v\ 3/CatMale1.mp3 /Users/Veer/Library/Developer/Xcode/DerivedData/HearifyV1-ftljoypfezvlxcgouzbpmsmxzads/Build/Products/Debug-iphoneos/HearifyV1.app

CpResource /Users/Veer/Library/Developer/Xcode/DerivedData/HearifyV1-ftljoypfezvlxcgouzbpmsmxzads/Build/Products/Debug-iphoneos/HearifyV1.app/CarMale1.mp3 /Users/Veer/Library/Mobile\ Documents/com~apple~CloudDocs/HearifyV1/HearifyV1/Audio/Syllables/Supra\ -\ 1\ v\ 3/CarMale1.mp3 (in target 'HearifyV1' from project 'HearifyV1')
    cd /Users/Veer/Library/Mobile\ Documents/com\~apple\~CloudDocs/HearifyV1
    builtin-copy -exclude .DS_Store -exclude CVS -exclude .svn -exclude .git -exclude .hg -resolve-src-symlinks /Users/Veer/Library/Mobile\ Documents/com\~apple\~CloudDocs/HearifyV1/HearifyV1/Audio/Syllables/Supra\ -\ 1\ v\ 3/CarMale1.mp3 /Users/Veer/Library/Developer/Xcode/DerivedData/HearifyV1-ftljoypfezvlxcgouzbpmsmxzads/Build/Products/Debug-iphoneos/HearifyV1.app

CpResource /Users/Veer/Library/Developer/Xcode/DerivedData/HearifyV1-ftljoypfezvlxcgouzbpmsmxzads/Build/Products/Debug-iphoneos/HearifyV1.app/CapeMale3.mp3 /Users/Veer/Library/Mobile\ Documents/com~apple~CloudDocs/HearifyV1/HearifyV1/Audio/FC\ Folder/CapeMale3.mp3 (in target 'HearifyV1' from project 'HearifyV1')
    cd /Users/Veer/Library/Mobile\ Documents/com\~apple\~CloudDocs/HearifyV1
    builtin-copy -exclude .DS_Store -exclude CVS -exclude .svn -exclude .git -exclude .hg -resolve-src-symlinks /Users/Veer/Library/Mobile\ Documents/com\~apple\~CloudDocs/HearifyV1/HearifyV1/Audio/FC\ Folder/CapeMale3.mp3 /Users/Veer/Library/Developer/Xcode/DerivedData/HearifyV1-ftljoypfezvlxcgouzbpmsmxzads/Build/Products/Debug-iphoneos/HearifyV1.app

CpResource /Users/Veer/Library/Developer/Xcode/DerivedData/HearifyV1-ftljoypfezvlxcgouzbpmsmxzads/Build/Products/Debug-iphoneos/HearifyV1.app/CapeMale2.mp3 /Users/Veer/Library/Mobile\ Documents/com~apple~CloudDocs/HearifyV1/HearifyV1/Audio/FC\ Folder/CapeMale2.mp3 (in target 'HearifyV1' from project 'HearifyV1')
    cd /Users/Veer/Library/Mobile\ Documents/com\~apple\~CloudDocs/HearifyV1
    builtin-copy -exclude .DS_Store -exclude CVS -exclude .svn -exclude .git -exclude .hg -resolve-src-symlinks /Users/Veer/Library/Mobile\ Documents/com\~apple\~CloudDocs/HearifyV1/HearifyV1/Audio/FC\ Folder/CapeMale2.mp3 /Users/Veer/Library/Developer/Xcode/DerivedData/HearifyV1-ftljoypfezvlxcgouzbpmsmxzads/Build/Products/Debug-iphoneos/HearifyV1.app

CpResource /Users/Veer/Library/Developer/Xcode/DerivedData/HearifyV1-ftljoypfezvlxcgouzbpmsmxzads/Build/Products/Debug-iphoneos/HearifyV1.app/CapeMale1.mp3 /Users/Veer/Library/Mobile\ Documents/com~apple~CloudDocs/HearifyV1/HearifyV1/Audio/FC\ Folder/CapeMale1.mp3 (in target 'HearifyV1' from project 'HearifyV1')
    cd /Users/Veer/Library/Mobile\ Documents/com\~apple\~CloudDocs/HearifyV1
    builtin-copy -exclude .DS_Store -exclude CVS -exclude .svn -exclude .git -exclude .hg -resolve-src-symlinks /Users/Veer/Library/Mobile\ Documents/com\~apple\~CloudDocs/HearifyV1/HearifyV1/Audio/FC\ Folder/CapeMale1.mp3 /Users/Veer/Library/Developer/Xcode/DerivedData/HearifyV1-ftljoypfezvlxcgouzbpmsmxzads/Build/Products/Debug-iphoneos/HearifyV1.app

CpResource /Users/Veer/Library/Developer/Xcode/DerivedData/HearifyV1-ftljoypfezvlxcgouzbpmsmxzads/Build/Products/Debug-iphoneos/HearifyV1.app/CapeFemale3.mp3 /Users/Veer/Library/Mobile\ Documents/com~apple~CloudDocs/HearifyV1/HearifyV1/Audio/FC\ Folder/CapeFemale3.mp3 (in target 'HearifyV1' from project 'HearifyV1')
    cd /Users/Veer/Library/Mobile\ Documents/com\~apple\~CloudDocs/HearifyV1
    builtin-copy -exclude .DS_Store -exclude CVS -exclude .svn -exclude .git -exclude .hg -resolve-src-symlinks /Users/Veer/Library/Mobile\ Documents/com\~apple\~CloudDocs/HearifyV1/HearifyV1/Audio/FC\ Folder/CapeFemale3.mp3 /Users/Veer/Library/Developer/Xcode/DerivedData/HearifyV1-ftljoypfezvlxcgouzbpmsmxzads/Build/Products/Debug-iphoneos/HearifyV1.app

CpResource /Users/Veer/Library/Developer/Xcode/DerivedData/HearifyV1-ftljoypfezvlxcgouzbpmsmxzads/Build/Products/Debug-iphoneos/HearifyV1.app/CapeFemale2.mp3 /Users/Veer/Library/Mobile\ Documents/com~apple~CloudDocs/HearifyV1/HearifyV1/Audio/FC\ Folder/CapeFemale2.mp3 (in target 'HearifyV1' from project 'HearifyV1')
    cd /Users/Veer/Library/Mobile\ Documents/com\~apple\~CloudDocs/HearifyV1
    builtin-copy -exclude .DS_Store -exclude CVS -exclude .svn -exclude .git -exclude .hg -resolve-src-symlinks /Users/Veer/Library/Mobile\ Documents/com\~apple\~CloudDocs/HearifyV1/HearifyV1/Audio/FC\ Folder/CapeFemale2.mp3 /Users/Veer/Library/Developer/Xcode/DerivedData/HearifyV1-ftljoypfezvlxcgouzbpmsmxzads/Build/Products/Debug-iphoneos/HearifyV1.app

CpResource /Users/Veer/Library/Developer/Xcode/DerivedData/HearifyV1-ftljoypfezvlxcgouzbpmsmxzads/Build/Products/Debug-iphoneos/HearifyV1.app/CapeFemale1.mp3 /Users/Veer/Library/Mobile\ Documents/com~apple~CloudDocs/HearifyV1/HearifyV1/Audio/FC\ Folder/CapeFemale1.mp3 (in target 'HearifyV1' from project 'HearifyV1')
    cd /Users/Veer/Library/Mobile\ Documents/com\~apple\~CloudDocs/HearifyV1
    builtin-copy -exclude .DS_Store -exclude CVS -exclude .svn -exclude .git -exclude .hg -resolve-src-symlinks /Users/Veer/Library/Mobile\ Documents/com\~apple\~CloudDocs/HearifyV1/HearifyV1/Audio/FC\ Folder/CapeFemale1.mp3 /Users/Veer/Library/Developer/Xcode/DerivedData/HearifyV1-ftljoypfezvlxcgouzbpmsmxzads/Build/Products/Debug-iphoneos/HearifyV1.app

CpResource /Users/Veer/Library/Developer/Xcode/DerivedData/HearifyV1-ftljoypfezvlxcgouzbpmsmxzads/Build/Products/Debug-iphoneos/HearifyV1.app/CaneMale1.mp3 /Users/Veer/Library/Mobile\ Documents/com~apple~CloudDocs/HearifyV1/HearifyV1/Audio/CM\ Folder/CaneMale1.mp3 (in target 'HearifyV1' from project 'HearifyV1')
    cd /Users/Veer/Library/Mobile\ Documents/com\~apple\~CloudDocs/HearifyV1
    builtin-copy -exclude .DS_Store -exclude CVS -exclude .svn -exclude .git -exclude .hg -resolve-src-symlinks /Users/Veer/Library/Mobile\ Documents/com\~apple\~CloudDocs/HearifyV1/HearifyV1/Audio/CM\ Folder/CaneMale1.mp3 /Users/Veer/Library/Developer/Xcode/DerivedData/HearifyV1-ftljoypfezvlxcgouzbpmsmxzads/Build/Products/Debug-iphoneos/HearifyV1.app

CpResource /Users/Veer/Library/Developer/Xcode/DerivedData/HearifyV1-ftljoypfezvlxcgouzbpmsmxzads/Build/Products/Debug-iphoneos/HearifyV1.app/CanMale1.mp3 /Users/Veer/Library/Mobile\ Documents/com~apple~CloudDocs/HearifyV1/HearifyV1/Audio/Vowels\ Folder/CanMale1.mp3 (in target 'HearifyV1' from project 'HearifyV1')
    cd /Users/Veer/Library/Mobile\ Documents/com\~apple\~CloudDocs/HearifyV1
    builtin-copy -exclude .DS_Store -exclude CVS -exclude .svn -exclude .git -exclude .hg -resolve-src-symlinks /Users/Veer/Library/Mobile\ Documents/com\~apple\~CloudDocs/HearifyV1/HearifyV1/Audio/Vowels\ Folder/CanMale1.mp3 /Users/Veer/Library/Developer/Xcode/DerivedData/HearifyV1-ftljoypfezvlxcgouzbpmsmxzads/Build/Products/Debug-iphoneos/HearifyV1.app

CpResource /Users/Veer/Library/Developer/Xcode/DerivedData/HearifyV1-ftljoypfezvlxcgouzbpmsmxzads/Build/Products/Debug-iphoneos/HearifyV1.app/Candy\ BarMale1.mp3 /Users/Veer/Library/Mobile\ Documents/com~apple~CloudDocs/HearifyV1/HearifyV1/Audio/Syllables/Supra\ -\ 1\ v\ 3/Candy\ BarMale1.mp3 (in target 'HearifyV1' from project 'HearifyV1')
    cd /Users/Veer/Library/Mobile\ Documents/com\~apple\~CloudDocs/HearifyV1
    builtin-copy -exclude .DS_Store -exclude CVS -exclude .svn -exclude .git -exclude .hg -resolve-src-symlinks /Users/Veer/Library/Mobile\ Documents/com\~apple\~CloudDocs/HearifyV1/HearifyV1/Audio/Syllables/Supra\ -\ 1\ v\ 3/Candy\ BarMale1.mp3 /Users/Veer/Library/Developer/Xcode/DerivedData/HearifyV1-ftljoypfezvlxcgouzbpmsmxzads/Build/Products/Debug-iphoneos/HearifyV1.app

CpResource /Users/Veer/Library/Developer/Xcode/DerivedData/HearifyV1-ftljoypfezvlxcgouzbpmsmxzads/Build/Products/Debug-iphoneos/HearifyV1.app/Can\ you\ help\ me\ find\ my\ keysMale1.mp3 /Users/Veer/Library/Mobile\ Documents/com~apple~CloudDocs/HearifyV1/HearifyV1/Audio/Sentences/Can\ you\ help\ me\ find\ my\ keysMale1.mp3 (in target 'HearifyV1' from project 'HearifyV1')
    cd /Users/Veer/Library/Mobile\ Documents/com\~apple\~CloudDocs/HearifyV1
    builtin-copy -exclude .DS_Store -exclude CVS -exclude .svn -exclude .git -exclude .hg -resolve-src-symlinks /Users/Veer/Library/Mobile\ Documents/com\~apple\~CloudDocs/HearifyV1/HearifyV1/Audio/Sentences/Can\ you\ help\ me\ find\ my\ keysMale1.mp3 /Users/Veer/Library/Developer/Xcode/DerivedData/HearifyV1-ftljoypfezvlxcgouzbpmsmxzads/Build/Products/Debug-iphoneos/HearifyV1.app

CpResource /Users/Veer/Library/Developer/Xcode/DerivedData/HearifyV1-ftljoypfezvlxcgouzbpmsmxzads/Build/Products/Debug-iphoneos/HearifyV1.app/CamelMale1.mp3 /Users/Veer/Library/Mobile\ Documents/com~apple~CloudDocs/HearifyV1/HearifyV1/Audio/PD\ Folder/CamelMale1.mp3 (in target 'HearifyV1' from project 'HearifyV1')
    cd /Users/Veer/Library/Mobile\ Documents/com\~apple\~CloudDocs/HearifyV1
    builtin-copy -exclude .DS_Store -exclude CVS -exclude .svn -exclude .git -exclude .hg -resolve-src-symlinks /Users/Veer/Library/Mobile\ Documents/com\~apple\~CloudDocs/HearifyV1/HearifyV1/Audio/PD\ Folder/CamelMale1.mp3 /Users/Veer/Library/Developer/Xcode/DerivedData/HearifyV1-ftljoypfezvlxcgouzbpmsmxzads/Build/Products/Debug-iphoneos/HearifyV1.app

CpResource /Users/Veer/Library/Developer/Xcode/DerivedData/HearifyV1-ftljoypfezvlxcgouzbpmsmxzads/Build/Products/Debug-iphoneos/HearifyV1.app/CalfMale2.mp3 /Users/Veer/Library/Mobile\ Documents/com~apple~CloudDocs/HearifyV1/HearifyV1/Audio/FC\ Folder/CalfMale2.mp3 (in target 'HearifyV1' from project 'HearifyV1')
    cd /Users/Veer/Library/Mobile\ Documents/com\~apple\~CloudDocs/HearifyV1
    builtin-copy -exclude .DS_Store -exclude CVS -exclude .svn -exclude .git -exclude .hg -resolve-src-symlinks /Users/Veer/Library/Mobile\ Documents/com\~apple\~CloudDocs/HearifyV1/HearifyV1/Audio/FC\ Folder/CalfMale2.mp3 /Users/Veer/Library/Developer/Xcode/DerivedData/HearifyV1-ftljoypfezvlxcgouzbpmsmxzads/Build/Products/Debug-iphoneos/HearifyV1.app

CpResource /Users/Veer/Library/Developer/Xcode/DerivedData/HearifyV1-ftljoypfezvlxcgouzbpmsmxzads/Build/Products/Debug-iphoneos/HearifyV1.app/CalfMale3.mp3 /Users/Veer/Library/Mobile\ Documents/com~apple~CloudDocs/HearifyV1/HearifyV1/Audio/FC\ Folder/CalfMale3.mp3 (in target 'HearifyV1' from project 'HearifyV1')
    cd /Users/Veer/Library/Mobile\ Documents/com\~apple\~CloudDocs/HearifyV1
    builtin-copy -exclude .DS_Store -exclude CVS -exclude .svn -exclude .git -exclude .hg -resolve-src-symlinks /Users/Veer/Library/Mobile\ Documents/com\~apple\~CloudDocs/HearifyV1/HearifyV1/Audio/FC\ Folder/CalfMale3.mp3 /Users/Veer/Library/Developer/Xcode/DerivedData/HearifyV1-ftljoypfezvlxcgouzbpmsmxzads/Build/Products/Debug-iphoneos/HearifyV1.app

CpResource /Users/Veer/Library/Developer/Xcode/DerivedData/HearifyV1-ftljoypfezvlxcgouzbpmsmxzads/Build/Products/Debug-iphoneos/HearifyV1.app/CalfMale1.mp3 /Users/Veer/Library/Mobile\ Documents/com~apple~CloudDocs/HearifyV1/HearifyV1/Audio/FC\ Folder/CalfMale1.mp3 (in target 'HearifyV1' from project 'HearifyV1')
    cd /Users/Veer/Library/Mobile\ Documents/com\~apple\~CloudDocs/HearifyV1
    builtin-copy -exclude .DS_Store -exclude CVS -exclude .svn -exclude .git -exclude .hg -resolve-src-symlinks /Users/Veer/Library/Mobile\ Documents/com\~apple\~CloudDocs/HearifyV1/HearifyV1/Audio/FC\ Folder/CalfMale1.mp3 /Users/Veer/Library/Developer/Xcode/DerivedData/HearifyV1-ftljoypfezvlxcgouzbpmsmxzads/Build/Products/Debug-iphoneos/HearifyV1.app

CpResource /Users/Veer/Library/Developer/Xcode/DerivedData/HearifyV1-ftljoypfezvlxcgouzbpmsmxzads/Build/Products/Debug-iphoneos/HearifyV1.app/CalfFemale3.mp3 /Users/Veer/Library/Mobile\ Documents/com~apple~CloudDocs/HearifyV1/HearifyV1/Audio/FC\ Folder/CalfFemale3.mp3 (in target 'HearifyV1' from project 'HearifyV1')
    cd /Users/Veer/Library/Mobile\ Documents/com\~apple\~CloudDocs/HearifyV1
    builtin-copy -exclude .DS_Store -exclude CVS -exclude .svn -exclude .git -exclude .hg -resolve-src-symlinks /Users/Veer/Library/Mobile\ Documents/com\~apple\~CloudDocs/HearifyV1/HearifyV1/Audio/FC\ Folder/CalfFemale3.mp3 /Users/Veer/Library/Developer/Xcode/DerivedData/HearifyV1-ftljoypfezvlxcgouzbpmsmxzads/Build/Products/Debug-iphoneos/HearifyV1.app

CpResource /Users/Veer/Library/Developer/Xcode/DerivedData/HearifyV1-ftljoypfezvlxcgouzbpmsmxzads/Build/Products/Debug-iphoneos/HearifyV1.app/CalfFemale2.mp3 /Users/Veer/Library/Mobile\ Documents/com~apple~CloudDocs/HearifyV1/HearifyV1/Audio/FC\ Folder/CalfFemale2.mp3 (in target 'HearifyV1' from project 'HearifyV1')
    cd /Users/Veer/Library/Mobile\ Documents/com\~apple\~CloudDocs/HearifyV1
    builtin-copy -exclude .DS_Store -exclude CVS -exclude .svn -exclude .git -exclude .hg -resolve-src-symlinks /Users/Veer/Library/Mobile\ Documents/com\~apple\~CloudDocs/HearifyV1/HearifyV1/Audio/FC\ Folder/CalfFemale2.mp3 /Users/Veer/Library/Developer/Xcode/DerivedData/HearifyV1-ftljoypfezvlxcgouzbpmsmxzads/Build/Products/Debug-iphoneos/HearifyV1.app

CpResource /Users/Veer/Library/Developer/Xcode/DerivedData/HearifyV1-ftljoypfezvlxcgouzbpmsmxzads/Build/Products/Debug-iphoneos/HearifyV1.app/CakeMale1.mp3 /Users/Veer/Library/Mobile\ Documents/com~apple~CloudDocs/HearifyV1/HearifyV1/Audio/CM\ Folder/CakeMale1.mp3 (in target 'HearifyV1' from project 'HearifyV1')
    cd /Users/Veer/Library/Mobile\ Documents/com\~apple\~CloudDocs/HearifyV1
    builtin-copy -exclude .DS_Store -exclude CVS -exclude .svn -exclude .git -exclude .hg -resolve-src-symlinks /Users/Veer/Library/Mobile\ Documents/com\~apple\~CloudDocs/HearifyV1/HearifyV1/Audio/CM\ Folder/CakeMale1.mp3 /Users/Veer/Library/Developer/Xcode/DerivedData/HearifyV1-ftljoypfezvlxcgouzbpmsmxzads/Build/Products/Debug-iphoneos/HearifyV1.app

CpResource /Users/Veer/Library/Developer/Xcode/DerivedData/HearifyV1-ftljoypfezvlxcgouzbpmsmxzads/Build/Products/Debug-iphoneos/HearifyV1.app/CalfFemale1.mp3 /Users/Veer/Library/Mobile\ Documents/com~apple~CloudDocs/HearifyV1/HearifyV1/Audio/FC\ Folder/CalfFemale1.mp3 (in target 'HearifyV1' from project 'HearifyV1')
    cd /Users/Veer/Library/Mobile\ Documents/com\~apple\~CloudDocs/HearifyV1
    builtin-copy -exclude .DS_Store -exclude CVS -exclude .svn -exclude .git -exclude .hg -resolve-src-symlinks /Users/Veer/Library/Mobile\ Documents/com\~apple\~CloudDocs/HearifyV1/HearifyV1/Audio/FC\ Folder/CalfFemale1.mp3 /Users/Veer/Library/Developer/Xcode/DerivedData/HearifyV1-ftljoypfezvlxcgouzbpmsmxzads/Build/Products/Debug-iphoneos/HearifyV1.app

CpResource /Users/Veer/Library/Developer/Xcode/DerivedData/HearifyV1-ftljoypfezvlxcgouzbpmsmxzads/Build/Products/Debug-iphoneos/HearifyV1.app/CageMale1.mp3 /Users/Veer/Library/Mobile\ Documents/com~apple~CloudDocs/HearifyV1/HearifyV1/Audio/CP\ Folder/CageMale1.mp3 (in target 'HearifyV1' from project 'HearifyV1')
    cd /Users/Veer/Library/Mobile\ Documents/com\~apple\~CloudDocs/HearifyV1
    builtin-copy -exclude .DS_Store -exclude CVS -exclude .svn -exclude .git -exclude .hg -resolve-src-symlinks /Users/Veer/Library/Mobile\ Documents/com\~apple\~CloudDocs/HearifyV1/HearifyV1/Audio/CP\ Folder/CageMale1.mp3 /Users/Veer/Library/Developer/Xcode/DerivedData/HearifyV1-ftljoypfezvlxcgouzbpmsmxzads/Build/Products/Debug-iphoneos/HearifyV1.app

CpResource /Users/Veer/Library/Developer/Xcode/DerivedData/HearifyV1-ftljoypfezvlxcgouzbpmsmxzads/Build/Products/Debug-iphoneos/HearifyV1.app/CabMale1.mp3 /Users/Veer/Library/Mobile\ Documents/com~apple~CloudDocs/HearifyV1/HearifyV1/Audio/Vowels\ Folder/CabMale1.mp3 (in target 'HearifyV1' from project 'HearifyV1')
    cd /Users/Veer/Library/Mobile\ Documents/com\~apple\~CloudDocs/HearifyV1
    builtin-copy -exclude .DS_Store -exclude CVS -exclude .svn -exclude .git -exclude .hg -resolve-src-symlinks /Users/Veer/Library/Mobile\ Documents/com\~apple\~CloudDocs/HearifyV1/HearifyV1/Audio/Vowels\ Folder/CabMale1.mp3 /Users/Veer/Library/Developer/Xcode/DerivedData/HearifyV1-ftljoypfezvlxcgouzbpmsmxzads/Build/Products/Debug-iphoneos/HearifyV1.app

CpResource /Users/Veer/Library/Developer/Xcode/DerivedData/HearifyV1-ftljoypfezvlxcgouzbpmsmxzads/Build/Products/Debug-iphoneos/HearifyV1.app/CMData.csv /Users/Veer/Library/Mobile\ Documents/com~apple~CloudDocs/HearifyV1/HearifyV1/CMData.csv (in target 'HearifyV1' from project 'HearifyV1')
    cd /Users/Veer/Library/Mobile\ Documents/com\~apple\~CloudDocs/HearifyV1
    builtin-copy -exclude .DS_Store -exclude CVS -exclude .svn -exclude .git -exclude .hg -resolve-src-symlinks /Users/Veer/Library/Mobile\ Documents/com\~apple\~CloudDocs/HearifyV1/HearifyV1/CMData.csv /Users/Veer/Library/Developer/Xcode/DerivedData/HearifyV1-ftljoypfezvlxcgouzbpmsmxzads/Build/Products/Debug-iphoneos/HearifyV1.app

CpResource /Users/Veer/Library/Developer/Xcode/DerivedData/HearifyV1-ftljoypfezvlxcgouzbpmsmxzads/Build/Products/Debug-iphoneos/HearifyV1.app/BushMale3.mp3 /Users/Veer/Library/Mobile\ Documents/com~apple~CloudDocs/HearifyV1/HearifyV1/Audio/FC\ Folder/BushMale3.mp3 (in target 'HearifyV1' from project 'HearifyV1')
    cd /Users/Veer/Library/Mobile\ Documents/com\~apple\~CloudDocs/HearifyV1
    builtin-copy -exclude .DS_Store -exclude CVS -exclude .svn -exclude .git -exclude .hg -resolve-src-symlinks /Users/Veer/Library/Mobile\ Documents/com\~apple\~CloudDocs/HearifyV1/HearifyV1/Audio/FC\ Folder/BushMale3.mp3 /Users/Veer/Library/Developer/Xcode/DerivedData/HearifyV1-ftljoypfezvlxcgouzbpmsmxzads/Build/Products/Debug-iphoneos/HearifyV1.app

CpResource /Users/Veer/Library/Developer/Xcode/DerivedData/HearifyV1-ftljoypfezvlxcgouzbpmsmxzads/Build/Products/Debug-iphoneos/HearifyV1.app/BushMale2.mp3 /Users/Veer/Library/Mobile\ Documents/com~apple~CloudDocs/HearifyV1/HearifyV1/Audio/FC\ Folder/BushMale2.mp3 (in target 'HearifyV1' from project 'HearifyV1')
    cd /Users/Veer/Library/Mobile\ Documents/com\~apple\~CloudDocs/HearifyV1
    builtin-copy -exclude .DS_Store -exclude CVS -exclude .svn -exclude .git -exclude .hg -resolve-src-symlinks /Users/Veer/Library/Mobile\ Documents/com\~apple\~CloudDocs/HearifyV1/HearifyV1/Audio/FC\ Folder/BushMale2.mp3 /Users/Veer/Library/Developer/Xcode/DerivedData/HearifyV1-ftljoypfezvlxcgouzbpmsmxzads/Build/Products/Debug-iphoneos/HearifyV1.app

CpResource /Users/Veer/Library/Developer/Xcode/DerivedData/HearifyV1-ftljoypfezvlxcgouzbpmsmxzads/Build/Products/Debug-iphoneos/HearifyV1.app/BushMale1.mp3 /Users/Veer/Library/Mobile\ Documents/com~apple~CloudDocs/HearifyV1/HearifyV1/Audio/FC\ Folder/BushMale1.mp3 (in target 'HearifyV1' from project 'HearifyV1')
    cd /Users/Veer/Library/Mobile\ Documents/com\~apple\~CloudDocs/HearifyV1
    builtin-copy -exclude .DS_Store -exclude CVS -exclude .svn -exclude .git -exclude .hg -resolve-src-symlinks /Users/Veer/Library/Mobile\ Documents/com\~apple\~CloudDocs/HearifyV1/HearifyV1/Audio/FC\ Folder/BushMale1.mp3 /Users/Veer/Library/Developer/Xcode/DerivedData/HearifyV1-ftljoypfezvlxcgouzbpmsmxzads/Build/Products/Debug-iphoneos/HearifyV1.app

CpResource /Users/Veer/Library/Developer/Xcode/DerivedData/HearifyV1-ftljoypfezvlxcgouzbpmsmxzads/Build/Products/Debug-iphoneos/HearifyV1.app/BushFemale3.mp3 /Users/Veer/Library/Mobile\ Documents/com~apple~CloudDocs/HearifyV1/HearifyV1/Audio/FC\ Folder/BushFemale3.mp3 (in target 'HearifyV1' from project 'HearifyV1')
    cd /Users/Veer/Library/Mobile\ Documents/com\~apple\~CloudDocs/HearifyV1
    builtin-copy -exclude .DS_Store -exclude CVS -exclude .svn -exclude .git -exclude .hg -resolve-src-symlinks /Users/Veer/Library/Mobile\ Documents/com\~apple\~CloudDocs/HearifyV1/HearifyV1/Audio/FC\ Folder/BushFemale3.mp3 /Users/Veer/Library/Developer/Xcode/DerivedData/HearifyV1-ftljoypfezvlxcgouzbpmsmxzads/Build/Products/Debug-iphoneos/HearifyV1.app

CpResource /Users/Veer/Library/Developer/Xcode/DerivedData/HearifyV1-ftljoypfezvlxcgouzbpmsmxzads/Build/Products/Debug-iphoneos/HearifyV1.app/BushFemale2.mp3 /Users/Veer/Library/Mobile\ Documents/com~apple~CloudDocs/HearifyV1/HearifyV1/Audio/FC\ Folder/BushFemale2.mp3 (in target 'HearifyV1' from project 'HearifyV1')
    cd /Users/Veer/Library/Mobile\ Documents/com\~apple\~CloudDocs/HearifyV1
    builtin-copy -exclude .DS_Store -exclude CVS -exclude .svn -exclude .git -exclude .hg -resolve-src-symlinks /Users/Veer/Library/Mobile\ Documents/com\~apple\~CloudDocs/HearifyV1/HearifyV1/Audio/FC\ Folder/BushFemale2.mp3 /Users/Veer/Library/Developer/Xcode/DerivedData/HearifyV1-ftljoypfezvlxcgouzbpmsmxzads/Build/Products/Debug-iphoneos/HearifyV1.app

CpResource /Users/Veer/Library/Developer/Xcode/DerivedData/HearifyV1-ftljoypfezvlxcgouzbpmsmxzads/Build/Products/Debug-iphoneos/HearifyV1.app/BushFemale1.mp3 /Users/Veer/Library/Mobile\ Documents/com~apple~CloudDocs/HearifyV1/HearifyV1/Audio/FC\ Folder/BushFemale1.mp3 (in target 'HearifyV1' from project 'HearifyV1')
    cd /Users/Veer/Library/Mobile\ Documents/com\~apple\~CloudDocs/HearifyV1
    builtin-copy -exclude .DS_Store -exclude CVS -exclude .svn -exclude .git -exclude .hg -resolve-src-symlinks /Users/Veer/Library/Mobile\ Documents/com\~apple\~CloudDocs/HearifyV1/HearifyV1/Audio/FC\ Folder/BushFemale1.mp3 /Users/Veer/Library/Developer/Xcode/DerivedData/HearifyV1-ftljoypfezvlxcgouzbpmsmxzads/Build/Products/Debug-iphoneos/HearifyV1.app

CpResource /Users/Veer/Library/Developer/Xcode/DerivedData/HearifyV1-ftljoypfezvlxcgouzbpmsmxzads/Build/Products/Debug-iphoneos/HearifyV1.app/BusMale3.mp3 /Users/Veer/Library/Mobile\ Documents/com~apple~CloudDocs/HearifyV1/HearifyV1/Audio/FC\ Folder/BusMale3.mp3 (in target 'HearifyV1' from project 'HearifyV1')
    cd /Users/Veer/Library/Mobile\ Documents/com\~apple\~CloudDocs/HearifyV1
    builtin-copy -exclude .DS_Store -exclude CVS -exclude .svn -exclude .git -exclude .hg -resolve-src-symlinks /Users/Veer/Library/Mobile\ Documents/com\~apple\~CloudDocs/HearifyV1/HearifyV1/Audio/FC\ Folder/BusMale3.mp3 /Users/Veer/Library/Developer/Xcode/DerivedData/HearifyV1-ftljoypfezvlxcgouzbpmsmxzads/Build/Products/Debug-iphoneos/HearifyV1.app

CpResource /Users/Veer/Library/Developer/Xcode/DerivedData/HearifyV1-ftljoypfezvlxcgouzbpmsmxzads/Build/Products/Debug-iphoneos/HearifyV1.app/BusMale2.mp3 /Users/Veer/Library/Mobile\ Documents/com~apple~CloudDocs/HearifyV1/HearifyV1/Audio/FC\ Folder/BusMale2.mp3 (in target 'HearifyV1' from project 'HearifyV1')
    cd /Users/Veer/Library/Mobile\ Documents/com\~apple\~CloudDocs/HearifyV1
    builtin-copy -exclude .DS_Store -exclude CVS -exclude .svn -exclude .git -exclude .hg -resolve-src-symlinks /Users/Veer/Library/Mobile\ Documents/com\~apple\~CloudDocs/HearifyV1/HearifyV1/Audio/FC\ Folder/BusMale2.mp3 /Users/Veer/Library/Developer/Xcode/DerivedData/HearifyV1-ftljoypfezvlxcgouzbpmsmxzads/Build/Products/Debug-iphoneos/HearifyV1.app

CpResource /Users/Veer/Library/Developer/Xcode/DerivedData/HearifyV1-ftljoypfezvlxcgouzbpmsmxzads/Build/Products/Debug-iphoneos/HearifyV1.app/BusMale1.mp3 /Users/Veer/Library/Mobile\ Documents/com~apple~CloudDocs/HearifyV1/HearifyV1/Audio/FC\ Folder/BusMale1.mp3 (in target 'HearifyV1' from project 'HearifyV1')
    cd /Users/Veer/Library/Mobile\ Documents/com\~apple\~CloudDocs/HearifyV1
    builtin-copy -exclude .DS_Store -exclude CVS -exclude .svn -exclude .git -exclude .hg -resolve-src-symlinks /Users/Veer/Library/Mobile\ Documents/com\~apple\~CloudDocs/HearifyV1/HearifyV1/Audio/FC\ Folder/BusMale1.mp3 /Users/Veer/Library/Developer/Xcode/DerivedData/HearifyV1-ftljoypfezvlxcgouzbpmsmxzads/Build/Products/Debug-iphoneos/HearifyV1.app

CpResource /Users/Veer/Library/Developer/Xcode/DerivedData/HearifyV1-ftljoypfezvlxcgouzbpmsmxzads/Build/Products/Debug-iphoneos/HearifyV1.app/BusFemale3.mp3 /Users/Veer/Library/Mobile\ Documents/com~apple~CloudDocs/HearifyV1/HearifyV1/Audio/FC\ Folder/BusFemale3.mp3 (in target 'HearifyV1' from project 'HearifyV1')
    cd /Users/Veer/Library/Mobile\ Documents/com\~apple\~CloudDocs/HearifyV1
    builtin-copy -exclude .DS_Store -exclude CVS -exclude .svn -exclude .git -exclude .hg -resolve-src-symlinks /Users/Veer/Library/Mobile\ Documents/com\~apple\~CloudDocs/HearifyV1/HearifyV1/Audio/FC\ Folder/BusFemale3.mp3 /Users/Veer/Library/Developer/Xcode/DerivedData/HearifyV1-ftljoypfezvlxcgouzbpmsmxzads/Build/Products/Debug-iphoneos/HearifyV1.app

CpResource /Users/Veer/Library/Developer/Xcode/DerivedData/HearifyV1-ftljoypfezvlxcgouzbpmsmxzads/Build/Products/Debug-iphoneos/HearifyV1.app/BusFemale2.mp3 /Users/Veer/Library/Mobile\ Documents/com~apple~CloudDocs/HearifyV1/HearifyV1/Audio/FC\ Folder/BusFemale2.mp3 (in target 'HearifyV1' from project 'HearifyV1')
    cd /Users/Veer/Library/Mobile\ Documents/com\~apple\~CloudDocs/HearifyV1
    builtin-copy -exclude .DS_Store -exclude CVS -exclude .svn -exclude .git -exclude .hg -resolve-src-symlinks /Users/Veer/Library/Mobile\ Documents/com\~apple\~CloudDocs/HearifyV1/HearifyV1/Audio/FC\ Folder/BusFemale2.mp3 /Users/Veer/Library/Developer/Xcode/DerivedData/HearifyV1-ftljoypfezvlxcgouzbpmsmxzads/Build/Products/Debug-iphoneos/HearifyV1.app

CpResource /Users/Veer/Library/Developer/Xcode/DerivedData/HearifyV1-ftljoypfezvlxcgouzbpmsmxzads/Build/Products/Debug-iphoneos/HearifyV1.app/BusFemale1.mp3 /Users/Veer/Library/Mobile\ Documents/com~apple~CloudDocs/HearifyV1/HearifyV1/Audio/FC\ Folder/BusFemale1.mp3 (in target 'HearifyV1' from project 'HearifyV1')
    cd /Users/Veer/Library/Mobile\ Documents/com\~apple\~CloudDocs/HearifyV1
    builtin-copy -exclude .DS_Store -exclude CVS -exclude .svn -exclude .git -exclude .hg -resolve-src-symlinks /Users/Veer/Library/Mobile\ Documents/com\~apple\~CloudDocs/HearifyV1/HearifyV1/Audio/FC\ Folder/BusFemale1.mp3 /Users/Veer/Library/Developer/Xcode/DerivedData/HearifyV1-ftljoypfezvlxcgouzbpmsmxzads/Build/Products/Debug-iphoneos/HearifyV1.app

CpResource /Users/Veer/Library/Developer/Xcode/DerivedData/HearifyV1-ftljoypfezvlxcgouzbpmsmxzads/Build/Products/Debug-iphoneos/HearifyV1.app/BunMale3.mp3 /Users/Veer/Library/Mobile\ Documents/com~apple~CloudDocs/HearifyV1/HearifyV1/Audio/FC\ Folder/BunMale3.mp3 (in target 'HearifyV1' from project 'HearifyV1')
    cd /Users/Veer/Library/Mobile\ Documents/com\~apple\~CloudDocs/HearifyV1
    builtin-copy -exclude .DS_Store -exclude CVS -exclude .svn -exclude .git -exclude .hg -resolve-src-symlinks /Users/Veer/Library/Mobile\ Documents/com\~apple\~CloudDocs/HearifyV1/HearifyV1/Audio/FC\ Folder/BunMale3.mp3 /Users/Veer/Library/Developer/Xcode/DerivedData/HearifyV1-ftljoypfezvlxcgouzbpmsmxzads/Build/Products/Debug-iphoneos/HearifyV1.app

CpResource /Users/Veer/Library/Developer/Xcode/DerivedData/HearifyV1-ftljoypfezvlxcgouzbpmsmxzads/Build/Products/Debug-iphoneos/HearifyV1.app/BunMale2.mp3 /Users/Veer/Library/Mobile\ Documents/com~apple~CloudDocs/HearifyV1/HearifyV1/Audio/FC\ Folder/BunMale2.mp3 (in target 'HearifyV1' from project 'HearifyV1')
    cd /Users/Veer/Library/Mobile\ Documents/com\~apple\~CloudDocs/HearifyV1
    builtin-copy -exclude .DS_Store -exclude CVS -exclude .svn -exclude .git -exclude .hg -resolve-src-symlinks /Users/Veer/Library/Mobile\ Documents/com\~apple\~CloudDocs/HearifyV1/HearifyV1/Audio/FC\ Folder/BunMale2.mp3 /Users/Veer/Library/Developer/Xcode/DerivedData/HearifyV1-ftljoypfezvlxcgouzbpmsmxzads/Build/Products/Debug-iphoneos/HearifyV1.app

CpResource /Users/Veer/Library/Developer/Xcode/DerivedData/HearifyV1-ftljoypfezvlxcgouzbpmsmxzads/Build/Products/Debug-iphoneos/HearifyV1.app/BunMale1.mp3 /Users/Veer/Library/Mobile\ Documents/com~apple~CloudDocs/HearifyV1/HearifyV1/Audio/FC\ Folder/BunMale1.mp3 (in target 'HearifyV1' from project 'HearifyV1')
    cd /Users/Veer/Library/Mobile\ Documents/com\~apple\~CloudDocs/HearifyV1
    builtin-copy -exclude .DS_Store -exclude CVS -exclude .svn -exclude .git -exclude .hg -resolve-src-symlinks /Users/Veer/Library/Mobile\ Documents/com\~apple\~CloudDocs/HearifyV1/HearifyV1/Audio/FC\ Folder/BunMale1.mp3 /Users/Veer/Library/Developer/Xcode/DerivedData/HearifyV1-ftljoypfezvlxcgouzbpmsmxzads/Build/Products/Debug-iphoneos/HearifyV1.app

CpResource /Users/Veer/Library/Developer/Xcode/DerivedData/HearifyV1-ftljoypfezvlxcgouzbpmsmxzads/Build/Products/Debug-iphoneos/HearifyV1.app/BunFemale3.mp3 /Users/Veer/Library/Mobile\ Documents/com~apple~CloudDocs/HearifyV1/HearifyV1/Audio/FC\ Folder/BunFemale3.mp3 (in target 'HearifyV1' from project 'HearifyV1')
    cd /Users/Veer/Library/Mobile\ Documents/com\~apple\~CloudDocs/HearifyV1
    builtin-copy -exclude .DS_Store -exclude CVS -exclude .svn -exclude .git -exclude .hg -resolve-src-symlinks /Users/Veer/Library/Mobile\ Documents/com\~apple\~CloudDocs/HearifyV1/HearifyV1/Audio/FC\ Folder/BunFemale3.mp3 /Users/Veer/Library/Developer/Xcode/DerivedData/HearifyV1-ftljoypfezvlxcgouzbpmsmxzads/Build/Products/Debug-iphoneos/HearifyV1.app

CpResource /Users/Veer/Library/Developer/Xcode/DerivedData/HearifyV1-ftljoypfezvlxcgouzbpmsmxzads/Build/Products/Debug-iphoneos/HearifyV1.app/BunFemale2.mp3 /Users/Veer/Library/Mobile\ Documents/com~apple~CloudDocs/HearifyV1/HearifyV1/Audio/FC\ Folder/BunFemale2.mp3 (in target 'HearifyV1' from project 'HearifyV1')
    cd /Users/Veer/Library/Mobile\ Documents/com\~apple\~CloudDocs/HearifyV1
    builtin-copy -exclude .DS_Store -exclude CVS -exclude .svn -exclude .git -exclude .hg -resolve-src-symlinks /Users/Veer/Library/Mobile\ Documents/com\~apple\~CloudDocs/HearifyV1/HearifyV1/Audio/FC\ Folder/BunFemale2.mp3 /Users/Veer/Library/Developer/Xcode/DerivedData/HearifyV1-ftljoypfezvlxcgouzbpmsmxzads/Build/Products/Debug-iphoneos/HearifyV1.app

CpResource /Users/Veer/Library/Developer/Xcode/DerivedData/HearifyV1-ftljoypfezvlxcgouzbpmsmxzads/Build/Products/Debug-iphoneos/HearifyV1.app/BunFemale1.mp3 /Users/Veer/Library/Mobile\ Documents/com~apple~CloudDocs/HearifyV1/HearifyV1/Audio/FC\ Folder/BunFemale1.mp3 (in target 'HearifyV1' from project 'HearifyV1')
    cd /Users/Veer/Library/Mobile\ Documents/com\~apple\~CloudDocs/HearifyV1
    builtin-copy -exclude .DS_Store -exclude CVS -exclude .svn -exclude .git -exclude .hg -resolve-src-symlinks /Users/Veer/Library/Mobile\ Documents/com\~apple\~CloudDocs/HearifyV1/HearifyV1/Audio/FC\ Folder/BunFemale1.mp3 /Users/Veer/Library/Developer/Xcode/DerivedData/HearifyV1-ftljoypfezvlxcgouzbpmsmxzads/Build/Products/Debug-iphoneos/HearifyV1.app

CpResource /Users/Veer/Library/Developer/Xcode/DerivedData/HearifyV1-ftljoypfezvlxcgouzbpmsmxzads/Build/Products/Debug-iphoneos/HearifyV1.app/BugMale1.mp3 /Users/Veer/Library/Mobile\ Documents/com~apple~CloudDocs/HearifyV1/HearifyV1/Audio/PD\ Folder/BugMale1.mp3 (in target 'HearifyV1' from project 'HearifyV1')
    cd /Users/Veer/Library/Mobile\ Documents/com\~apple\~CloudDocs/HearifyV1
    builtin-copy -exclude .DS_Store -exclude CVS -exclude .svn -exclude .git -exclude .hg -resolve-src-symlinks /Users/Veer/Library/Mobile\ Documents/com\~apple\~CloudDocs/HearifyV1/HearifyV1/Audio/PD\ Folder/BugMale1.mp3 /Users/Veer/Library/Developer/Xcode/DerivedData/HearifyV1-ftljoypfezvlxcgouzbpmsmxzads/Build/Products/Debug-iphoneos/HearifyV1.app

CpResource /Users/Veer/Library/Developer/Xcode/DerivedData/HearifyV1-ftljoypfezvlxcgouzbpmsmxzads/Build/Products/Debug-iphoneos/HearifyV1.app/BuckMale1.mp3 /Users/Veer/Library/Mobile\ Documents/com~apple~CloudDocs/HearifyV1/HearifyV1/Audio/CP\ Folder/BuckMale1.mp3 (in target 'HearifyV1' from project 'HearifyV1')
    cd /Users/Veer/Library/Mobile\ Documents/com\~apple\~CloudDocs/HearifyV1
    builtin-copy -exclude .DS_Store -exclude CVS -exclude .svn -exclude .git -exclude .hg -resolve-src-symlinks /Users/Veer/Library/Mobile\ Documents/com\~apple\~CloudDocs/HearifyV1/HearifyV1/Audio/CP\ Folder/BuckMale1.mp3 /Users/Veer/Library/Developer/Xcode/DerivedData/HearifyV1-ftljoypfezvlxcgouzbpmsmxzads/Build/Products/Debug-iphoneos/HearifyV1.app

CpResource /Users/Veer/Library/Developer/Xcode/DerivedData/HearifyV1-ftljoypfezvlxcgouzbpmsmxzads/Build/Products/Debug-iphoneos/HearifyV1.app/BrushMale1.mp3 /Users/Veer/Library/Mobile\ Documents/com~apple~CloudDocs/HearifyV1/HearifyV1/Audio/Word\ Recognition/BrushMale1.mp3 (in target 'HearifyV1' from project 'HearifyV1')
    cd /Users/Veer/Library/Mobile\ Documents/com\~apple\~CloudDocs/HearifyV1
    builtin-copy -exclude .DS_Store -exclude CVS -exclude .svn -exclude .git -exclude .hg -resolve-src-symlinks /Users/Veer/Library/Mobile\ Documents/com\~apple\~CloudDocs/HearifyV1/HearifyV1/Audio/Word\ Recognition/BrushMale1.mp3 /Users/Veer/Library/Developer/Xcode/DerivedData/HearifyV1-ftljoypfezvlxcgouzbpmsmxzads/Build/Products/Debug-iphoneos/HearifyV1.app

CpResource /Users/Veer/Library/Developer/Xcode/DerivedData/HearifyV1-ftljoypfezvlxcgouzbpmsmxzads/Build/Products/Debug-iphoneos/HearifyV1.app/BrownMale1.mp3 /Users/Veer/Library/Mobile\ Documents/com~apple~CloudDocs/HearifyV1/HearifyV1/Audio/Word\ Recognition/BrownMale1.mp3 (in target 'HearifyV1' from project 'HearifyV1')
    cd /Users/Veer/Library/Mobile\ Documents/com\~apple\~CloudDocs/HearifyV1
    builtin-copy -exclude .DS_Store -exclude CVS -exclude .svn -exclude .git -exclude .hg -resolve-src-symlinks /Users/Veer/Library/Mobile\ Documents/com\~apple\~CloudDocs/HearifyV1/HearifyV1/Audio/Word\ Recognition/BrownMale1.mp3 /Users/Veer/Library/Developer/Xcode/DerivedData/HearifyV1-ftljoypfezvlxcgouzbpmsmxzads/Build/Products/Debug-iphoneos/HearifyV1.app

CpResource /Users/Veer/Library/Developer/Xcode/DerivedData/HearifyV1-ftljoypfezvlxcgouzbpmsmxzads/Build/Products/Debug-iphoneos/HearifyV1.app/BreadMale1.mp3 /Users/Veer/Library/Mobile\ Documents/com~apple~CloudDocs/HearifyV1/HearifyV1/Audio/Word\ Recognition/BreadMale1.mp3 (in target 'HearifyV1' from project 'HearifyV1')
    cd /Users/Veer/Library/Mobile\ Documents/com\~apple\~CloudDocs/HearifyV1
    builtin-copy -exclude .DS_Store -exclude CVS -exclude .svn -exclude .git -exclude .hg -resolve-src-symlinks /Users/Veer/Library/Mobile\ Documents/com\~apple\~CloudDocs/HearifyV1/HearifyV1/Audio/Word\ Recognition/BreadMale1.mp3 /Users/Veer/Library/Developer/Xcode/DerivedData/HearifyV1-ftljoypfezvlxcgouzbpmsmxzads/Build/Products/Debug-iphoneos/HearifyV1.app

CpResource /Users/Veer/Library/Developer/Xcode/DerivedData/HearifyV1-ftljoypfezvlxcgouzbpmsmxzads/Build/Products/Debug-iphoneos/HearifyV1.app/BowlMale1.mp3 /Users/Veer/Library/Mobile\ Documents/com~apple~CloudDocs/HearifyV1/HearifyV1/Audio/PD\ Folder/BowlMale1.mp3 (in target 'HearifyV1' from project 'HearifyV1')
    cd /Users/Veer/Library/Mobile\ Documents/com\~apple\~CloudDocs/HearifyV1
    builtin-copy -exclude .DS_Store -exclude CVS -exclude .svn -exclude .git -exclude .hg -resolve-src-symlinks /Users/Veer/Library/Mobile\ Documents/com\~apple\~CloudDocs/HearifyV1/HearifyV1/Audio/PD\ Folder/BowlMale1.mp3 /Users/Veer/Library/Developer/Xcode/DerivedData/HearifyV1-ftljoypfezvlxcgouzbpmsmxzads/Build/Products/Debug-iphoneos/HearifyV1.app

CpResource /Users/Veer/Library/Developer/Xcode/DerivedData/HearifyV1-ftljoypfezvlxcgouzbpmsmxzads/Build/Products/Debug-iphoneos/HearifyV1.app/BowMale1.mp3 /Users/Veer/Library/Mobile\ Documents/com~apple~CloudDocs/HearifyV1/HearifyV1/Audio/CP\ Folder/BowMale1.mp3 (in target 'HearifyV1' from project 'HearifyV1')
    cd /Users/Veer/Library/Mobile\ Documents/com\~apple\~CloudDocs/HearifyV1
    builtin-copy -exclude .DS_Store -exclude CVS -exclude .svn -exclude .git -exclude .hg -resolve-src-symlinks /Users/Veer/Library/Mobile\ Documents/com\~apple\~CloudDocs/HearifyV1/HearifyV1/Audio/CP\ Folder/BowMale1.mp3 /Users/Veer/Library/Developer/Xcode/DerivedData/HearifyV1-ftljoypfezvlxcgouzbpmsmxzads/Build/Products/Debug-iphoneos/HearifyV1.app

CpResource /Users/Veer/Library/Developer/Xcode/DerivedData/HearifyV1-ftljoypfezvlxcgouzbpmsmxzads/Build/Products/Debug-iphoneos/HearifyV1.app/BootMale1.mp3 /Users/Veer/Library/Mobile\ Documents/com~apple~CloudDocs/HearifyV1/HearifyV1/Audio/Vowels\ Folder/BootMale1.mp3 (in target 'HearifyV1' from project 'HearifyV1')
    cd /Users/Veer/Library/Mobile\ Documents/com\~apple\~CloudDocs/HearifyV1
    builtin-copy -exclude .DS_Store -exclude CVS -exclude .svn -exclude .git -exclude .hg -resolve-src-symlinks /Users/Veer/Library/Mobile\ Documents/com\~apple\~CloudDocs/HearifyV1/HearifyV1/Audio/Vowels\ Folder/BootMale1.mp3 /Users/Veer/Library/Developer/Xcode/DerivedData/HearifyV1-ftljoypfezvlxcgouzbpmsmxzads/Build/Products/Debug-iphoneos/HearifyV1.app

CpResource /Users/Veer/Library/Developer/Xcode/DerivedData/HearifyV1-ftljoypfezvlxcgouzbpmsmxzads/Build/Products/Debug-iphoneos/HearifyV1.app/BookMale3.mp3 /Users/Veer/Library/Mobile\ Documents/com~apple~CloudDocs/HearifyV1/HearifyV1/Audio/FC\ Folder/BookMale3.mp3 (in target 'HearifyV1' from project 'HearifyV1')
    cd /Users/Veer/Library/Mobile\ Documents/com\~apple\~CloudDocs/HearifyV1
    builtin-copy -exclude .DS_Store -exclude CVS -exclude .svn -exclude .git -exclude .hg -resolve-src-symlinks /Users/Veer/Library/Mobile\ Documents/com\~apple\~CloudDocs/HearifyV1/HearifyV1/Audio/FC\ Folder/BookMale3.mp3 /Users/Veer/Library/Developer/Xcode/DerivedData/HearifyV1-ftljoypfezvlxcgouzbpmsmxzads/Build/Products/Debug-iphoneos/HearifyV1.app

CpResource /Users/Veer/Library/Developer/Xcode/DerivedData/HearifyV1-ftljoypfezvlxcgouzbpmsmxzads/Build/Products/Debug-iphoneos/HearifyV1.app/BookMale2.mp3 /Users/Veer/Library/Mobile\ Documents/com~apple~CloudDocs/HearifyV1/HearifyV1/Audio/FC\ Folder/BookMale2.mp3 (in target 'HearifyV1' from project 'HearifyV1')
    cd /Users/Veer/Library/Mobile\ Documents/com\~apple\~CloudDocs/HearifyV1
    builtin-copy -exclude .DS_Store -exclude CVS -exclude .svn -exclude .git -exclude .hg -resolve-src-symlinks /Users/Veer/Library/Mobile\ Documents/com\~apple\~CloudDocs/HearifyV1/HearifyV1/Audio/FC\ Folder/BookMale2.mp3 /Users/Veer/Library/Developer/Xcode/DerivedData/HearifyV1-ftljoypfezvlxcgouzbpmsmxzads/Build/Products/Debug-iphoneos/HearifyV1.app

CpResource /Users/Veer/Library/Developer/Xcode/DerivedData/HearifyV1-ftljoypfezvlxcgouzbpmsmxzads/Build/Products/Debug-iphoneos/HearifyV1.app/BookMale1.mp3 /Users/Veer/Library/Mobile\ Documents/com~apple~CloudDocs/HearifyV1/HearifyV1/Audio/FC\ Folder/BookMale1.mp3 (in target 'HearifyV1' from project 'HearifyV1')
    cd /Users/Veer/Library/Mobile\ Documents/com\~apple\~CloudDocs/HearifyV1
    builtin-copy -exclude .DS_Store -exclude CVS -exclude .svn -exclude .git -exclude .hg -resolve-src-symlinks /Users/Veer/Library/Mobile\ Documents/com\~apple\~CloudDocs/HearifyV1/HearifyV1/Audio/FC\ Folder/BookMale1.mp3 /Users/Veer/Library/Developer/Xcode/DerivedData/HearifyV1-ftljoypfezvlxcgouzbpmsmxzads/Build/Products/Debug-iphoneos/HearifyV1.app

CpResource /Users/Veer/Library/Developer/Xcode/DerivedData/HearifyV1-ftljoypfezvlxcgouzbpmsmxzads/Build/Products/Debug-iphoneos/HearifyV1.app/BookFemale3.mp3 /Users/Veer/Library/Mobile\ Documents/com~apple~CloudDocs/HearifyV1/HearifyV1/Audio/FC\ Folder/BookFemale3.mp3 (in target 'HearifyV1' from project 'HearifyV1')
    cd /Users/Veer/Library/Mobile\ Documents/com\~apple\~CloudDocs/HearifyV1
    builtin-copy -exclude .DS_Store -exclude CVS -exclude .svn -exclude .git -exclude .hg -resolve-src-symlinks /Users/Veer/Library/Mobile\ Documents/com\~apple\~CloudDocs/HearifyV1/HearifyV1/Audio/FC\ Folder/BookFemale3.mp3 /Users/Veer/Library/Developer/Xcode/DerivedData/HearifyV1-ftljoypfezvlxcgouzbpmsmxzads/Build/Products/Debug-iphoneos/HearifyV1.app

CpResource /Users/Veer/Library/Developer/Xcode/DerivedData/HearifyV1-ftljoypfezvlxcgouzbpmsmxzads/Build/Products/Debug-iphoneos/HearifyV1.app/BookFemale2.mp3 /Users/Veer/Library/Mobile\ Documents/com~apple~CloudDocs/HearifyV1/HearifyV1/Audio/FC\ Folder/BookFemale2.mp3 (in target 'HearifyV1' from project 'HearifyV1')
    cd /Users/Veer/Library/Mobile\ Documents/com\~apple\~CloudDocs/HearifyV1
    builtin-copy -exclude .DS_Store -exclude CVS -exclude .svn -exclude .git -exclude .hg -resolve-src-symlinks /Users/Veer/Library/Mobile\ Documents/com\~apple\~CloudDocs/HearifyV1/HearifyV1/Audio/FC\ Folder/BookFemale2.mp3 /Users/Veer/Library/Developer/Xcode/DerivedData/HearifyV1-ftljoypfezvlxcgouzbpmsmxzads/Build/Products/Debug-iphoneos/HearifyV1.app

CpResource /Users/Veer/Library/Developer/Xcode/DerivedData/HearifyV1-ftljoypfezvlxcgouzbpmsmxzads/Build/Products/Debug-iphoneos/HearifyV1.app/BookFemale1.mp3 /Users/Veer/Library/Mobile\ Documents/com~apple~CloudDocs/HearifyV1/HearifyV1/Audio/FC\ Folder/BookFemale1.mp3 (in target 'HearifyV1' from project 'HearifyV1')
    cd /Users/Veer/Library/Mobile\ Documents/com\~apple\~CloudDocs/HearifyV1
    builtin-copy -exclude .DS_Store -exclude CVS -exclude .svn -exclude .git -exclude .hg -resolve-src-symlinks /Users/Veer/Library/Mobile\ Documents/com\~apple\~CloudDocs/HearifyV1/HearifyV1/Audio/FC\ Folder/BookFemale1.mp3 /Users/Veer/Library/Developer/Xcode/DerivedData/HearifyV1-ftljoypfezvlxcgouzbpmsmxzads/Build/Products/Debug-iphoneos/HearifyV1.app

CpResource /Users/Veer/Library/Developer/Xcode/DerivedData/HearifyV1-ftljoypfezvlxcgouzbpmsmxzads/Build/Products/Debug-iphoneos/HearifyV1.app/BooMale1.mp3 /Users/Veer/Library/Mobile\ Documents/com~apple~CloudDocs/HearifyV1/HearifyV1/Audio/Vowels\ Folder/BooMale1.mp3 (in target 'HearifyV1' from project 'HearifyV1')
    cd /Users/Veer/Library/Mobile\ Documents/com\~apple\~CloudDocs/HearifyV1
    builtin-copy -exclude .DS_Store -exclude CVS -exclude .svn -exclude .git -exclude .hg -resolve-src-symlinks /Users/Veer/Library/Mobile\ Documents/com\~apple\~CloudDocs/HearifyV1/HearifyV1/Audio/Vowels\ Folder/BooMale1.mp3 /Users/Veer/Library/Developer/Xcode/DerivedData/HearifyV1-ftljoypfezvlxcgouzbpmsmxzads/Build/Products/Debug-iphoneos/HearifyV1.app

CpResource /Users/Veer/Library/Developer/Xcode/DerivedData/HearifyV1-ftljoypfezvlxcgouzbpmsmxzads/Build/Products/Debug-iphoneos/HearifyV1.app/BoatMale1.mp3 /Users/Veer/Library/Mobile\ Documents/com~apple~CloudDocs/HearifyV1/HearifyV1/Audio/Vowels\ Folder/BoatMale1.mp3 (in target 'HearifyV1' from project 'HearifyV1')
    cd /Users/Veer/Library/Mobile\ Documents/com\~apple\~CloudDocs/HearifyV1
    builtin-copy -exclude .DS_Store -exclude CVS -exclude .svn -exclude .git -exclude .hg -resolve-src-symlinks /Users/Veer/Library/Mobile\ Documents/com\~apple\~CloudDocs/HearifyV1/HearifyV1/Audio/Vowels\ Folder/BoatMale1.mp3 /Users/Veer/Library/Developer/Xcode/DerivedData/HearifyV1-ftljoypfezvlxcgouzbpmsmxzads/Build/Products/Debug-iphoneos/HearifyV1.app

CpResource /Users/Veer/Library/Developer/Xcode/DerivedData/HearifyV1-ftljoypfezvlxcgouzbpmsmxzads/Build/Products/Debug-iphoneos/HearifyV1.app/BlueMale1.mp3 /Users/Veer/Library/Mobile\ Documents/com~apple~CloudDocs/HearifyV1/HearifyV1/Audio/PD\ Folder/BlueMale1.mp3 (in target 'HearifyV1' from project 'HearifyV1')
    cd /Users/Veer/Library/Mobile\ Documents/com\~apple\~CloudDocs/HearifyV1
    builtin-copy -exclude .DS_Store -exclude CVS -exclude .svn -exclude .git -exclude .hg -resolve-src-symlinks /Users/Veer/Library/Mobile\ Documents/com\~apple\~CloudDocs/HearifyV1/HearifyV1/Audio/PD\ Folder/BlueMale1.mp3 /Users/Veer/Library/Developer/Xcode/DerivedData/HearifyV1-ftljoypfezvlxcgouzbpmsmxzads/Build/Products/Debug-iphoneos/HearifyV1.app

CpResource /Users/Veer/Library/Developer/Xcode/DerivedData/HearifyV1-ftljoypfezvlxcgouzbpmsmxzads/Build/Products/Debug-iphoneos/HearifyV1.app/BlankMale1.mp3 /Users/Veer/Library/Mobile\ Documents/com~apple~CloudDocs/HearifyV1/HearifyV1/Audio/Word\ Recognition/BlankMale1.mp3 (in target 'HearifyV1' from project 'HearifyV1')
    cd /Users/Veer/Library/Mobile\ Documents/com\~apple\~CloudDocs/HearifyV1
    builtin-copy -exclude .DS_Store -exclude CVS -exclude .svn -exclude .git -exclude .hg -resolve-src-symlinks /Users/Veer/Library/Mobile\ Documents/com\~apple\~CloudDocs/HearifyV1/HearifyV1/Audio/Word\ Recognition/BlankMale1.mp3 /Users/Veer/Library/Developer/Xcode/DerivedData/HearifyV1-ftljoypfezvlxcgouzbpmsmxzads/Build/Products/Debug-iphoneos/HearifyV1.app

CpResource /Users/Veer/Library/Developer/Xcode/DerivedData/HearifyV1-ftljoypfezvlxcgouzbpmsmxzads/Build/Products/Debug-iphoneos/HearifyV1.app/BlackMale1.mp3 /Users/Veer/Library/Mobile\ Documents/com~apple~CloudDocs/HearifyV1/HearifyV1/Audio/PD\ Folder/BlackMale1.mp3 (in target 'HearifyV1' from project 'HearifyV1')
    cd /Users/Veer/Library/Mobile\ Documents/com\~apple\~CloudDocs/HearifyV1
    builtin-copy -exclude .DS_Store -exclude CVS -exclude .svn -exclude .git -exclude .hg -resolve-src-symlinks /Users/Veer/Library/Mobile\ Documents/com\~apple\~CloudDocs/HearifyV1/HearifyV1/Audio/PD\ Folder/BlackMale1.mp3 /Users/Veer/Library/Developer/Xcode/DerivedData/HearifyV1-ftljoypfezvlxcgouzbpmsmxzads/Build/Products/Debug-iphoneos/HearifyV1.app

CpResource /Users/Veer/Library/Developer/Xcode/DerivedData/HearifyV1-ftljoypfezvlxcgouzbpmsmxzads/Build/Products/Debug-iphoneos/HearifyV1.app/BirdMale1.mp3 /Users/Veer/Library/Mobile\ Documents/com~apple~CloudDocs/HearifyV1/HearifyV1/Audio/Word\ Recognition/BirdMale1.mp3 (in target 'HearifyV1' from project 'HearifyV1')
    cd /Users/Veer/Library/Mobile\ Documents/com\~apple\~CloudDocs/HearifyV1
    builtin-copy -exclude .DS_Store -exclude CVS -exclude .svn -exclude .git -exclude .hg -resolve-src-symlinks /Users/Veer/Library/Mobile\ Documents/com\~apple\~CloudDocs/HearifyV1/HearifyV1/Audio/Word\ Recognition/BirdMale1.mp3 /Users/Veer/Library/Developer/Xcode/DerivedData/HearifyV1-ftljoypfezvlxcgouzbpmsmxzads/Build/Products/Debug-iphoneos/HearifyV1.app

CpResource /Users/Veer/Library/Developer/Xcode/DerivedData/HearifyV1-ftljoypfezvlxcgouzbpmsmxzads/Build/Products/Debug-iphoneos/HearifyV1.app/BikeMale1.mp3 /Users/Veer/Library/Mobile\ Documents/com~apple~CloudDocs/HearifyV1/HearifyV1/Audio/Word\ Recognition/BikeMale1.mp3 (in target 'HearifyV1' from project 'HearifyV1')
    cd /Users/Veer/Library/Mobile\ Documents/com\~apple\~CloudDocs/HearifyV1
    builtin-copy -exclude .DS_Store -exclude CVS -exclude .svn -exclude .git -exclude .hg -resolve-src-symlinks /Users/Veer/Library/Mobile\ Documents/com\~apple\~CloudDocs/HearifyV1/HearifyV1/Audio/Word\ Recognition/BikeMale1.mp3 /Users/Veer/Library/Developer/Xcode/DerivedData/HearifyV1-ftljoypfezvlxcgouzbpmsmxzads/Build/Products/Debug-iphoneos/HearifyV1.app

CpResource /Users/Veer/Library/Developer/Xcode/DerivedData/HearifyV1-ftljoypfezvlxcgouzbpmsmxzads/Build/Products/Debug-iphoneos/HearifyV1.app/BigMale1.mp3 /Users/Veer/Library/Mobile\ Documents/com~apple~CloudDocs/HearifyV1/HearifyV1/Audio/PD\ Folder/BigMale1.mp3 (in target 'HearifyV1' from project 'HearifyV1')
    cd /Users/Veer/Library/Mobile\ Documents/com\~apple\~CloudDocs/HearifyV1
    builtin-copy -exclude .DS_Store -exclude CVS -exclude .svn -exclude .git -exclude .hg -resolve-src-symlinks /Users/Veer/Library/Mobile\ Documents/com\~apple\~CloudDocs/HearifyV1/HearifyV1/Audio/PD\ Folder/BigMale1.mp3 /Users/Veer/Library/Developer/Xcode/DerivedData/HearifyV1-ftljoypfezvlxcgouzbpmsmxzads/Build/Products/Debug-iphoneos/HearifyV1.app

CpResource /Users/Veer/Library/Developer/Xcode/DerivedData/HearifyV1-ftljoypfezvlxcgouzbpmsmxzads/Build/Products/Debug-iphoneos/HearifyV1.app/BicycleMale1.mp3 /Users/Veer/Library/Mobile\ Documents/com~apple~CloudDocs/HearifyV1/HearifyV1/Audio/Syllables/Supra\ -\ 1\ v\ 3/BicycleMale1.mp3 (in target 'HearifyV1' from project 'HearifyV1')
    cd /Users/Veer/Library/Mobile\ Documents/com\~apple\~CloudDocs/HearifyV1
    builtin-copy -exclude .DS_Store -exclude CVS -exclude .svn -exclude .git -exclude .hg -resolve-src-symlinks /Users/Veer/Library/Mobile\ Documents/com\~apple\~CloudDocs/HearifyV1/HearifyV1/Audio/Syllables/Supra\ -\ 1\ v\ 3/BicycleMale1.mp3 /Users/Veer/Library/Developer/Xcode/DerivedData/HearifyV1-ftljoypfezvlxcgouzbpmsmxzads/Build/Products/Debug-iphoneos/HearifyV1.app

CpResource /Users/Veer/Library/Developer/Xcode/DerivedData/HearifyV1-ftljoypfezvlxcgouzbpmsmxzads/Build/Products/Debug-iphoneos/HearifyV1.app/BenchMale1.mp3 /Users/Veer/Library/Mobile\ Documents/com~apple~CloudDocs/HearifyV1/HearifyV1/Audio/Word\ Recognition/BenchMale1.mp3 (in target 'HearifyV1' from project 'HearifyV1')
    cd /Users/Veer/Library/Mobile\ Documents/com\~apple\~CloudDocs/HearifyV1
    builtin-copy -exclude .DS_Store -exclude CVS -exclude .svn -exclude .git -exclude .hg -resolve-src-symlinks /Users/Veer/Library/Mobile\ Documents/com\~apple\~CloudDocs/HearifyV1/HearifyV1/Audio/Word\ Recognition/BenchMale1.mp3 /Users/Veer/Library/Developer/Xcode/DerivedData/HearifyV1-ftljoypfezvlxcgouzbpmsmxzads/Build/Products/Debug-iphoneos/HearifyV1.app

CpResource /Users/Veer/Library/Developer/Xcode/DerivedData/HearifyV1-ftljoypfezvlxcgouzbpmsmxzads/Build/Products/Debug-iphoneos/HearifyV1.app/BenMale3.mp3 /Users/Veer/Library/Mobile\ Documents/com~apple~CloudDocs/HearifyV1/HearifyV1/Audio/FC\ Folder/BenMale3.mp3 (in target 'HearifyV1' from project 'HearifyV1')
    cd /Users/Veer/Library/Mobile\ Documents/com\~apple\~CloudDocs/HearifyV1
    builtin-copy -exclude .DS_Store -exclude CVS -exclude .svn -exclude .git -exclude .hg -resolve-src-symlinks /Users/Veer/Library/Mobile\ Documents/com\~apple\~CloudDocs/HearifyV1/HearifyV1/Audio/FC\ Folder/BenMale3.mp3 /Users/Veer/Library/Developer/Xcode/DerivedData/HearifyV1-ftljoypfezvlxcgouzbpmsmxzads/Build/Products/Debug-iphoneos/HearifyV1.app

CpResource /Users/Veer/Library/Developer/Xcode/DerivedData/HearifyV1-ftljoypfezvlxcgouzbpmsmxzads/Build/Products/Debug-iphoneos/HearifyV1.app/BenMale2.mp3 /Users/Veer/Library/Mobile\ Documents/com~apple~CloudDocs/HearifyV1/HearifyV1/Audio/FC\ Folder/BenMale2.mp3 (in target 'HearifyV1' from project 'HearifyV1')
    cd /Users/Veer/Library/Mobile\ Documents/com\~apple\~CloudDocs/HearifyV1
    builtin-copy -exclude .DS_Store -exclude CVS -exclude .svn -exclude .git -exclude .hg -resolve-src-symlinks /Users/Veer/Library/Mobile\ Documents/com\~apple\~CloudDocs/HearifyV1/HearifyV1/Audio/FC\ Folder/BenMale2.mp3 /Users/Veer/Library/Developer/Xcode/DerivedData/HearifyV1-ftljoypfezvlxcgouzbpmsmxzads/Build/Products/Debug-iphoneos/HearifyV1.app

CpResource /Users/Veer/Library/Developer/Xcode/DerivedData/HearifyV1-ftljoypfezvlxcgouzbpmsmxzads/Build/Products/Debug-iphoneos/HearifyV1.app/BenMale1.mp3 /Users/Veer/Library/Mobile\ Documents/com~apple~CloudDocs/HearifyV1/HearifyV1/Audio/FC\ Folder/BenMale1.mp3 (in target 'HearifyV1' from project 'HearifyV1')
    cd /Users/Veer/Library/Mobile\ Documents/com\~apple\~CloudDocs/HearifyV1
    builtin-copy -exclude .DS_Store -exclude CVS -exclude .svn -exclude .git -exclude .hg -resolve-src-symlinks /Users/Veer/Library/Mobile\ Documents/com\~apple\~CloudDocs/HearifyV1/HearifyV1/Audio/FC\ Folder/BenMale1.mp3 /Users/Veer/Library/Developer/Xcode/DerivedData/HearifyV1-ftljoypfezvlxcgouzbpmsmxzads/Build/Products/Debug-iphoneos/HearifyV1.app

CpResource /Users/Veer/Library/Developer/Xcode/DerivedData/HearifyV1-ftljoypfezvlxcgouzbpmsmxzads/Build/Products/Debug-iphoneos/HearifyV1.app/BenFemale3.mp3 /Users/Veer/Library/Mobile\ Documents/com~apple~CloudDocs/HearifyV1/HearifyV1/Audio/FC\ Folder/BenFemale3.mp3 (in target 'HearifyV1' from project 'HearifyV1')
    cd /Users/Veer/Library/Mobile\ Documents/com\~apple\~CloudDocs/HearifyV1
    builtin-copy -exclude .DS_Store -exclude CVS -exclude .svn -exclude .git -exclude .hg -resolve-src-symlinks /Users/Veer/Library/Mobile\ Documents/com\~apple\~CloudDocs/HearifyV1/HearifyV1/Audio/FC\ Folder/BenFemale3.mp3 /Users/Veer/Library/Developer/Xcode/DerivedData/HearifyV1-ftljoypfezvlxcgouzbpmsmxzads/Build/Products/Debug-iphoneos/HearifyV1.app

CpResource /Users/Veer/Library/Developer/Xcode/DerivedData/HearifyV1-ftljoypfezvlxcgouzbpmsmxzads/Build/Products/Debug-iphoneos/HearifyV1.app/BenFemale2.mp3 /Users/Veer/Library/Mobile\ Documents/com~apple~CloudDocs/HearifyV1/HearifyV1/Audio/FC\ Folder/BenFemale2.mp3 (in target 'HearifyV1' from project 'HearifyV1')
    cd /Users/Veer/Library/Mobile\ Documents/com\~apple\~CloudDocs/HearifyV1
    builtin-copy -exclude .DS_Store -exclude CVS -exclude .svn -exclude .git -exclude .hg -resolve-src-symlinks /Users/Veer/Library/Mobile\ Documents/com\~apple\~CloudDocs/HearifyV1/HearifyV1/Audio/FC\ Folder/BenFemale2.mp3 /Users/Veer/Library/Developer/Xcode/DerivedData/HearifyV1-ftljoypfezvlxcgouzbpmsmxzads/Build/Products/Debug-iphoneos/HearifyV1.app

CpResource /Users/Veer/Library/Developer/Xcode/DerivedData/HearifyV1-ftljoypfezvlxcgouzbpmsmxzads/Build/Products/Debug-iphoneos/HearifyV1.app/BenFemale1.mp3 /Users/Veer/Library/Mobile\ Documents/com~apple~CloudDocs/HearifyV1/HearifyV1/Audio/FC\ Folder/BenFemale1.mp3 (in target 'HearifyV1' from project 'HearifyV1')
    cd /Users/Veer/Library/Mobile\ Documents/com\~apple\~CloudDocs/HearifyV1
    builtin-copy -exclude .DS_Store -exclude CVS -exclude .svn -exclude .git -exclude .hg -resolve-src-symlinks /Users/Veer/Library/Mobile\ Documents/com\~apple\~CloudDocs/HearifyV1/HearifyV1/Audio/FC\ Folder/BenFemale1.mp3 /Users/Veer/Library/Developer/Xcode/DerivedData/HearifyV1-ftljoypfezvlxcgouzbpmsmxzads/Build/Products/Debug-iphoneos/HearifyV1.app

CpResource /Users/Veer/Library/Developer/Xcode/DerivedData/HearifyV1-ftljoypfezvlxcgouzbpmsmxzads/Build/Products/Debug-iphoneos/HearifyV1.app/BellMale3.mp3 /Users/Veer/Library/Mobile\ Documents/com~apple~CloudDocs/HearifyV1/HearifyV1/Audio/FC\ Folder/BellMale3.mp3 (in target 'HearifyV1' from project 'HearifyV1')
    cd /Users/Veer/Library/Mobile\ Documents/com\~apple\~CloudDocs/HearifyV1
    builtin-copy -exclude .DS_Store -exclude CVS -exclude .svn -exclude .git -exclude .hg -resolve-src-symlinks /Users/Veer/Library/Mobile\ Documents/com\~apple\~CloudDocs/HearifyV1/HearifyV1/Audio/FC\ Folder/BellMale3.mp3 /Users/Veer/Library/Developer/Xcode/DerivedData/HearifyV1-ftljoypfezvlxcgouzbpmsmxzads/Build/Products/Debug-iphoneos/HearifyV1.app

CpResource /Users/Veer/Library/Developer/Xcode/DerivedData/HearifyV1-ftljoypfezvlxcgouzbpmsmxzads/Build/Products/Debug-iphoneos/HearifyV1.app/BellMale2.mp3 /Users/Veer/Library/Mobile\ Documents/com~apple~CloudDocs/HearifyV1/HearifyV1/Audio/FC\ Folder/BellMale2.mp3 (in target 'HearifyV1' from project 'HearifyV1')
    cd /Users/Veer/Library/Mobile\ Documents/com\~apple\~CloudDocs/HearifyV1
    builtin-copy -exclude .DS_Store -exclude CVS -exclude .svn -exclude .git -exclude .hg -resolve-src-symlinks /Users/Veer/Library/Mobile\ Documents/com\~apple\~CloudDocs/HearifyV1/HearifyV1/Audio/FC\ Folder/BellMale2.mp3 /Users/Veer/Library/Developer/Xcode/DerivedData/HearifyV1-ftljoypfezvlxcgouzbpmsmxzads/Build/Products/Debug-iphoneos/HearifyV1.app

CpResource /Users/Veer/Library/Developer/Xcode/DerivedData/HearifyV1-ftljoypfezvlxcgouzbpmsmxzads/Build/Products/Debug-iphoneos/HearifyV1.app/BellMale1.mp3 /Users/Veer/Library/Mobile\ Documents/com~apple~CloudDocs/HearifyV1/HearifyV1/Audio/FC\ Folder/BellMale1.mp3 (in target 'HearifyV1' from project 'HearifyV1')
    cd /Users/Veer/Library/Mobile\ Documents/com\~apple\~CloudDocs/HearifyV1
    builtin-copy -exclude .DS_Store -exclude CVS -exclude .svn -exclude .git -exclude .hg -resolve-src-symlinks /Users/Veer/Library/Mobile\ Documents/com\~apple\~CloudDocs/HearifyV1/HearifyV1/Audio/FC\ Folder/BellMale1.mp3 /Users/Veer/Library/Developer/Xcode/DerivedData/HearifyV1-ftljoypfezvlxcgouzbpmsmxzads/Build/Products/Debug-iphoneos/HearifyV1.app

CpResource /Users/Veer/Library/Developer/Xcode/DerivedData/HearifyV1-ftljoypfezvlxcgouzbpmsmxzads/Build/Products/Debug-iphoneos/HearifyV1.app/BellFemale3.mp3 /Users/Veer/Library/Mobile\ Documents/com~apple~CloudDocs/HearifyV1/HearifyV1/Audio/FC\ Folder/BellFemale3.mp3 (in target 'HearifyV1' from project 'HearifyV1')
    cd /Users/Veer/Library/Mobile\ Documents/com\~apple\~CloudDocs/HearifyV1
    builtin-copy -exclude .DS_Store -exclude CVS -exclude .svn -exclude .git -exclude .hg -resolve-src-symlinks /Users/Veer/Library/Mobile\ Documents/com\~apple\~CloudDocs/HearifyV1/HearifyV1/Audio/FC\ Folder/BellFemale3.mp3 /Users/Veer/Library/Developer/Xcode/DerivedData/HearifyV1-ftljoypfezvlxcgouzbpmsmxzads/Build/Products/Debug-iphoneos/HearifyV1.app

CpResource /Users/Veer/Library/Developer/Xcode/DerivedData/HearifyV1-ftljoypfezvlxcgouzbpmsmxzads/Build/Products/Debug-iphoneos/HearifyV1.app/BellFemale2.mp3 /Users/Veer/Library/Mobile\ Documents/com~apple~CloudDocs/HearifyV1/HearifyV1/Audio/FC\ Folder/BellFemale2.mp3 (in target 'HearifyV1' from project 'HearifyV1')
    cd /Users/Veer/Library/Mobile\ Documents/com\~apple\~CloudDocs/HearifyV1
    builtin-copy -exclude .DS_Store -exclude CVS -exclude .svn -exclude .git -exclude .hg -resolve-src-symlinks /Users/Veer/Library/Mobile\ Documents/com\~apple\~CloudDocs/HearifyV1/HearifyV1/Audio/FC\ Folder/BellFemale2.mp3 /Users/Veer/Library/Developer/Xcode/DerivedData/HearifyV1-ftljoypfezvlxcgouzbpmsmxzads/Build/Products/Debug-iphoneos/HearifyV1.app

CpResource /Users/Veer/Library/Developer/Xcode/DerivedData/HearifyV1-ftljoypfezvlxcgouzbpmsmxzads/Build/Products/Debug-iphoneos/HearifyV1.app/BellFemale1.mp3 /Users/Veer/Library/Mobile\ Documents/com~apple~CloudDocs/HearifyV1/HearifyV1/Audio/FC\ Folder/BellFemale1.mp3 (in target 'HearifyV1' from project 'HearifyV1')
    cd /Users/Veer/Library/Mobile\ Documents/com\~apple\~CloudDocs/HearifyV1
    builtin-copy -exclude .DS_Store -exclude CVS -exclude .svn -exclude .git -exclude .hg -resolve-src-symlinks /Users/Veer/Library/Mobile\ Documents/com\~apple\~CloudDocs/HearifyV1/HearifyV1/Audio/FC\ Folder/BellFemale1.mp3 /Users/Veer/Library/Developer/Xcode/DerivedData/HearifyV1-ftljoypfezvlxcgouzbpmsmxzads/Build/Products/Debug-iphoneos/HearifyV1.app

CpResource /Users/Veer/Library/Developer/Xcode/DerivedData/HearifyV1-ftljoypfezvlxcgouzbpmsmxzads/Build/Products/Debug-iphoneos/HearifyV1.app/BegMale1.mp3 /Users/Veer/Library/Mobile\ Documents/com~apple~CloudDocs/HearifyV1/HearifyV1/Audio/Vowels\ Folder/BegMale1.mp3 (in target 'HearifyV1' from project 'HearifyV1')
    cd /Users/Veer/Library/Mobile\ Documents/com\~apple\~CloudDocs/HearifyV1
    builtin-copy -exclude .DS_Store -exclude CVS -exclude .svn -exclude .git -exclude .hg -resolve-src-symlinks /Users/Veer/Library/Mobile\ Documents/com\~apple\~CloudDocs/HearifyV1/HearifyV1/Audio/Vowels\ Folder/BegMale1.mp3 /Users/Veer/Library/Developer/Xcode/DerivedData/HearifyV1-ftljoypfezvlxcgouzbpmsmxzads/Build/Products/Debug-iphoneos/HearifyV1.app

CpResource /Users/Veer/Library/Developer/Xcode/DerivedData/HearifyV1-ftljoypfezvlxcgouzbpmsmxzads/Build/Products/Debug-iphoneos/HearifyV1.app/BeetMale3.mp3 /Users/Veer/Library/Mobile\ Documents/com~apple~CloudDocs/HearifyV1/HearifyV1/Audio/FC\ Folder/BeetMale3.mp3 (in target 'HearifyV1' from project 'HearifyV1')
    cd /Users/Veer/Library/Mobile\ Documents/com\~apple\~CloudDocs/HearifyV1
    builtin-copy -exclude .DS_Store -exclude CVS -exclude .svn -exclude .git -exclude .hg -resolve-src-symlinks /Users/Veer/Library/Mobile\ Documents/com\~apple\~CloudDocs/HearifyV1/HearifyV1/Audio/FC\ Folder/BeetMale3.mp3 /Users/Veer/Library/Developer/Xcode/DerivedData/HearifyV1-ftljoypfezvlxcgouzbpmsmxzads/Build/Products/Debug-iphoneos/HearifyV1.app

CpResource /Users/Veer/Library/Developer/Xcode/DerivedData/HearifyV1-ftljoypfezvlxcgouzbpmsmxzads/Build/Products/Debug-iphoneos/HearifyV1.app/BeetMale2.mp3 /Users/Veer/Library/Mobile\ Documents/com~apple~CloudDocs/HearifyV1/HearifyV1/Audio/FC\ Folder/BeetMale2.mp3 (in target 'HearifyV1' from project 'HearifyV1')
    cd /Users/Veer/Library/Mobile\ Documents/com\~apple\~CloudDocs/HearifyV1
    builtin-copy -exclude .DS_Store -exclude CVS -exclude .svn -exclude .git -exclude .hg -resolve-src-symlinks /Users/Veer/Library/Mobile\ Documents/com\~apple\~CloudDocs/HearifyV1/HearifyV1/Audio/FC\ Folder/BeetMale2.mp3 /Users/Veer/Library/Developer/Xcode/DerivedData/HearifyV1-ftljoypfezvlxcgouzbpmsmxzads/Build/Products/Debug-iphoneos/HearifyV1.app

CpResource /Users/Veer/Library/Developer/Xcode/DerivedData/HearifyV1-ftljoypfezvlxcgouzbpmsmxzads/Build/Products/Debug-iphoneos/HearifyV1.app/BeetMale1.mp3 /Users/Veer/Library/Mobile\ Documents/com~apple~CloudDocs/HearifyV1/HearifyV1/Audio/FC\ Folder/BeetMale1.mp3 (in target 'HearifyV1' from project 'HearifyV1')
    cd /Users/Veer/Library/Mobile\ Documents/com\~apple\~CloudDocs/HearifyV1
    builtin-copy -exclude .DS_Store -exclude CVS -exclude .svn -exclude .git -exclude .hg -resolve-src-symlinks /Users/Veer/Library/Mobile\ Documents/com\~apple\~CloudDocs/HearifyV1/HearifyV1/Audio/FC\ Folder/BeetMale1.mp3 /Users/Veer/Library/Developer/Xcode/DerivedData/HearifyV1-ftljoypfezvlxcgouzbpmsmxzads/Build/Products/Debug-iphoneos/HearifyV1.app

CpResource /Users/Veer/Library/Developer/Xcode/DerivedData/HearifyV1-ftljoypfezvlxcgouzbpmsmxzads/Build/Products/Debug-iphoneos/HearifyV1.app/BeetFemale3.mp3 /Users/Veer/Library/Mobile\ Documents/com~apple~CloudDocs/HearifyV1/HearifyV1/Audio/FC\ Folder/BeetFemale3.mp3 (in target 'HearifyV1' from project 'HearifyV1')
    cd /Users/Veer/Library/Mobile\ Documents/com\~apple\~CloudDocs/HearifyV1
    builtin-copy -exclude .DS_Store -exclude CVS -exclude .svn -exclude .git -exclude .hg -resolve-src-symlinks /Users/Veer/Library/Mobile\ Documents/com\~apple\~CloudDocs/HearifyV1/HearifyV1/Audio/FC\ Folder/BeetFemale3.mp3 /Users/Veer/Library/Developer/Xcode/DerivedData/HearifyV1-ftljoypfezvlxcgouzbpmsmxzads/Build/Products/Debug-iphoneos/HearifyV1.app

CpResource /Users/Veer/Library/Developer/Xcode/DerivedData/HearifyV1-ftljoypfezvlxcgouzbpmsmxzads/Build/Products/Debug-iphoneos/HearifyV1.app/BeetFemale2.mp3 /Users/Veer/Library/Mobile\ Documents/com~apple~CloudDocs/HearifyV1/HearifyV1/Audio/FC\ Folder/BeetFemale2.mp3 (in target 'HearifyV1' from project 'HearifyV1')
    cd /Users/Veer/Library/Mobile\ Documents/com\~apple\~CloudDocs/HearifyV1
    builtin-copy -exclude .DS_Store -exclude CVS -exclude .svn -exclude .git -exclude .hg -resolve-src-symlinks /Users/Veer/Library/Mobile\ Documents/com\~apple\~CloudDocs/HearifyV1/HearifyV1/Audio/FC\ Folder/BeetFemale2.mp3 /Users/Veer/Library/Developer/Xcode/DerivedData/HearifyV1-ftljoypfezvlxcgouzbpmsmxzads/Build/Products/Debug-iphoneos/HearifyV1.app

CpResource /Users/Veer/Library/Developer/Xcode/DerivedData/HearifyV1-ftljoypfezvlxcgouzbpmsmxzads/Build/Products/Debug-iphoneos/HearifyV1.app/BeetFemale1.mp3 /Users/Veer/Library/Mobile\ Documents/com~apple~CloudDocs/HearifyV1/HearifyV1/Audio/FC\ Folder/BeetFemale1.mp3 (in target 'HearifyV1' from project 'HearifyV1')
    cd /Users/Veer/Library/Mobile\ Documents/com\~apple\~CloudDocs/HearifyV1
    builtin-copy -exclude .DS_Store -exclude CVS -exclude .svn -exclude .git -exclude .hg -resolve-src-symlinks /Users/Veer/Library/Mobile\ Documents/com\~apple\~CloudDocs/HearifyV1/HearifyV1/Audio/FC\ Folder/BeetFemale1.mp3 /Users/Veer/Library/Developer/Xcode/DerivedData/HearifyV1-ftljoypfezvlxcgouzbpmsmxzads/Build/Products/Debug-iphoneos/HearifyV1.app

CpResource /Users/Veer/Library/Developer/Xcode/DerivedData/HearifyV1-ftljoypfezvlxcgouzbpmsmxzads/Build/Products/Debug-iphoneos/HearifyV1.app/BeepMale1.mp3 /Users/Veer/Library/Mobile\ Documents/com~apple~CloudDocs/HearifyV1/HearifyV1/Audio/CP\ Folder/BeepMale1.mp3 (in target 'HearifyV1' from project 'HearifyV1')
    cd /Users/Veer/Library/Mobile\ Documents/com\~apple\~CloudDocs/HearifyV1
    builtin-copy -exclude .DS_Store -exclude CVS -exclude .svn -exclude .git -exclude .hg -resolve-src-symlinks /Users/Veer/Library/Mobile\ Documents/com\~apple\~CloudDocs/HearifyV1/HearifyV1/Audio/CP\ Folder/BeepMale1.mp3 /Users/Veer/Library/Developer/Xcode/DerivedData/HearifyV1-ftljoypfezvlxcgouzbpmsmxzads/Build/Products/Debug-iphoneos/HearifyV1.app

CpResource /Users/Veer/Library/Developer/Xcode/DerivedData/HearifyV1-ftljoypfezvlxcgouzbpmsmxzads/Build/Products/Debug-iphoneos/HearifyV1.app/BeeMale1.mp3 /Users/Veer/Library/Mobile\ Documents/com~apple~CloudDocs/HearifyV1/HearifyV1/Audio/Vowels\ Folder/BeeMale1.mp3 (in target 'HearifyV1' from project 'HearifyV1')
    cd /Users/Veer/Library/Mobile\ Documents/com\~apple\~CloudDocs/HearifyV1
    builtin-copy -exclude .DS_Store -exclude CVS -exclude .svn -exclude .git -exclude .hg -resolve-src-symlinks /Users/Veer/Library/Mobile\ Documents/com\~apple\~CloudDocs/HearifyV1/HearifyV1/Audio/Vowels\ Folder/BeeMale1.mp3 /Users/Veer/Library/Developer/Xcode/DerivedData/HearifyV1-ftljoypfezvlxcgouzbpmsmxzads/Build/Products/Debug-iphoneos/HearifyV1.app

CpResource /Users/Veer/Library/Developer/Xcode/DerivedData/HearifyV1-ftljoypfezvlxcgouzbpmsmxzads/Build/Products/Debug-iphoneos/HearifyV1.app/BedMale1.mp3 /Users/Veer/Library/Mobile\ Documents/com~apple~CloudDocs/HearifyV1/HearifyV1/Audio/Vowels\ Folder/BedMale1.mp3 (in target 'HearifyV1' from project 'HearifyV1')
    cd /Users/Veer/Library/Mobile\ Documents/com\~apple\~CloudDocs/HearifyV1
    builtin-copy -exclude .DS_Store -exclude CVS -exclude .svn -exclude .git -exclude .hg -resolve-src-symlinks /Users/Veer/Library/Mobile\ Documents/com\~apple\~CloudDocs/HearifyV1/HearifyV1/Audio/Vowels\ Folder/BedMale1.mp3 /Users/Veer/Library/Developer/Xcode/DerivedData/HearifyV1-ftljoypfezvlxcgouzbpmsmxzads/Build/Products/Debug-iphoneos/HearifyV1.app

CpResource /Users/Veer/Library/Developer/Xcode/DerivedData/HearifyV1-ftljoypfezvlxcgouzbpmsmxzads/Build/Products/Debug-iphoneos/HearifyV1.app/BearMale1.mp3 /Users/Veer/Library/Mobile\ Documents/com~apple~CloudDocs/HearifyV1/HearifyV1/Audio/PD\ Folder/BearMale1.mp3 (in target 'HearifyV1' from project 'HearifyV1')
    cd /Users/Veer/Library/Mobile\ Documents/com\~apple\~CloudDocs/HearifyV1
    builtin-copy -exclude .DS_Store -exclude CVS -exclude .svn -exclude .git -exclude .hg -resolve-src-symlinks /Users/Veer/Library/Mobile\ Documents/com\~apple\~CloudDocs/HearifyV1/HearifyV1/Audio/PD\ Folder/BearMale1.mp3 /Users/Veer/Library/Developer/Xcode/DerivedData/HearifyV1-ftljoypfezvlxcgouzbpmsmxzads/Build/Products/Debug-iphoneos/HearifyV1.app

CpResource /Users/Veer/Library/Developer/Xcode/DerivedData/HearifyV1-ftljoypfezvlxcgouzbpmsmxzads/Build/Products/Debug-iphoneos/HearifyV1.app/BeachMale1.mp3 /Users/Veer/Library/Mobile\ Documents/com~apple~CloudDocs/HearifyV1/HearifyV1/Audio/Word\ Recognition/BeachMale1.mp3 (in target 'HearifyV1' from project 'HearifyV1')
    cd /Users/Veer/Library/Mobile\ Documents/com\~apple\~CloudDocs/HearifyV1
    builtin-copy -exclude .DS_Store -exclude CVS -exclude .svn -exclude .git -exclude .hg -resolve-src-symlinks /Users/Veer/Library/Mobile\ Documents/com\~apple\~CloudDocs/HearifyV1/HearifyV1/Audio/Word\ Recognition/BeachMale1.mp3 /Users/Veer/Library/Developer/Xcode/DerivedData/HearifyV1-ftljoypfezvlxcgouzbpmsmxzads/Build/Products/Debug-iphoneos/HearifyV1.app

CpResource /Users/Veer/Library/Developer/Xcode/DerivedData/HearifyV1-ftljoypfezvlxcgouzbpmsmxzads/Build/Products/Debug-iphoneos/HearifyV1.app/BatMale1.mp3 /Users/Veer/Library/Mobile\ Documents/com~apple~CloudDocs/HearifyV1/HearifyV1/Audio/Syllables/Supra\ -\ 1\ v\ 3/BatMale1.mp3 (in target 'HearifyV1' from project 'HearifyV1')
    cd /Users/Veer/Library/Mobile\ Documents/com\~apple\~CloudDocs/HearifyV1
    builtin-copy -exclude .DS_Store -exclude CVS -exclude .svn -exclude .git -exclude .hg -resolve-src-symlinks /Users/Veer/Library/Mobile\ Documents/com\~apple\~CloudDocs/HearifyV1/HearifyV1/Audio/Syllables/Supra\ -\ 1\ v\ 3/BatMale1.mp3 /Users/Veer/Library/Developer/Xcode/DerivedData/HearifyV1-ftljoypfezvlxcgouzbpmsmxzads/Build/Products/Debug-iphoneos/HearifyV1.app

CpResource /Users/Veer/Library/Developer/Xcode/DerivedData/HearifyV1-ftljoypfezvlxcgouzbpmsmxzads/Build/Products/Debug-iphoneos/HearifyV1.app/BaseballMale1.mp3 /Users/Veer/Library/Mobile\ Documents/com~apple~CloudDocs/HearifyV1/HearifyV1/Audio/Syllables/Supra\ 1\ v\ 2/BaseballMale1.mp3 (in target 'HearifyV1' from project 'HearifyV1')
    cd /Users/Veer/Library/Mobile\ Documents/com\~apple\~CloudDocs/HearifyV1
    builtin-copy -exclude .DS_Store -exclude CVS -exclude .svn -exclude .git -exclude .hg -resolve-src-symlinks /Users/Veer/Library/Mobile\ Documents/com\~apple\~CloudDocs/HearifyV1/HearifyV1/Audio/Syllables/Supra\ 1\ v\ 2/BaseballMale1.mp3 /Users/Veer/Library/Developer/Xcode/DerivedData/HearifyV1-ftljoypfezvlxcgouzbpmsmxzads/Build/Products/Debug-iphoneos/HearifyV1.app

CpResource /Users/Veer/Library/Developer/Xcode/DerivedData/HearifyV1-ftljoypfezvlxcgouzbpmsmxzads/Build/Products/Debug-iphoneos/HearifyV1.app/BartMale1.mp3 /Users/Veer/Library/Mobile\ Documents/com~apple~CloudDocs/HearifyV1/HearifyV1/Audio/CP\ Folder/BartMale1.mp3 (in target 'HearifyV1' from project 'HearifyV1')
    cd /Users/Veer/Library/Mobile\ Documents/com\~apple\~CloudDocs/HearifyV1
    builtin-copy -exclude .DS_Store -exclude CVS -exclude .svn -exclude .git -exclude .hg -resolve-src-symlinks /Users/Veer/Library/Mobile\ Documents/com\~apple\~CloudDocs/HearifyV1/HearifyV1/Audio/CP\ Folder/BartMale1.mp3 /Users/Veer/Library/Developer/Xcode/DerivedData/HearifyV1-ftljoypfezvlxcgouzbpmsmxzads/Build/Products/Debug-iphoneos/HearifyV1.app

CpResource /Users/Veer/Library/Developer/Xcode/DerivedData/HearifyV1-ftljoypfezvlxcgouzbpmsmxzads/Build/Products/Debug-iphoneos/HearifyV1.app/BallMale1.mp3 /Users/Veer/Library/Mobile\ Documents/com~apple~CloudDocs/HearifyV1/HearifyV1/Audio/Syllables/Supra\ -\ 1\ v\ 3/BallMale1.mp3 (in target 'HearifyV1' from project 'HearifyV1')
    cd /Users/Veer/Library/Mobile\ Documents/com\~apple\~CloudDocs/HearifyV1
    builtin-copy -exclude .DS_Store -exclude CVS -exclude .svn -exclude .git -exclude .hg -resolve-src-symlinks /Users/Veer/Library/Mobile\ Documents/com\~apple\~CloudDocs/HearifyV1/HearifyV1/Audio/Syllables/Supra\ -\ 1\ v\ 3/BallMale1.mp3 /Users/Veer/Library/Developer/Xcode/DerivedData/HearifyV1-ftljoypfezvlxcgouzbpmsmxzads/Build/Products/Debug-iphoneos/HearifyV1.app

CpResource /Users/Veer/Library/Developer/Xcode/DerivedData/HearifyV1-ftljoypfezvlxcgouzbpmsmxzads/Build/Products/Debug-iphoneos/HearifyV1.app/BakeMale1.mp3 /Users/Veer/Library/Mobile\ Documents/com~apple~CloudDocs/HearifyV1/HearifyV1/Audio/CM\ Folder/BakeMale1.mp3 (in target 'HearifyV1' from project 'HearifyV1')
    cd /Users/Veer/Library/Mobile\ Documents/com\~apple\~CloudDocs/HearifyV1
    builtin-copy -exclude .DS_Store -exclude CVS -exclude .svn -exclude .git -exclude .hg -resolve-src-symlinks /Users/Veer/Library/Mobile\ Documents/com\~apple\~CloudDocs/HearifyV1/HearifyV1/Audio/CM\ Folder/BakeMale1.mp3 /Users/Veer/Library/Developer/Xcode/DerivedData/HearifyV1-ftljoypfezvlxcgouzbpmsmxzads/Build/Products/Debug-iphoneos/HearifyV1.app

CpResource /Users/Veer/Library/Developer/Xcode/DerivedData/HearifyV1-ftljoypfezvlxcgouzbpmsmxzads/Build/Products/Debug-iphoneos/HearifyV1.app/BagMale1.mp3 /Users/Veer/Library/Mobile\ Documents/com~apple~CloudDocs/HearifyV1/HearifyV1/Audio/Vowels\ Folder/BagMale1.mp3 (in target 'HearifyV1' from project 'HearifyV1')
    cd /Users/Veer/Library/Mobile\ Documents/com\~apple\~CloudDocs/HearifyV1
    builtin-copy -exclude .DS_Store -exclude CVS -exclude .svn -exclude .git -exclude .hg -resolve-src-symlinks /Users/Veer/Library/Mobile\ Documents/com\~apple\~CloudDocs/HearifyV1/HearifyV1/Audio/Vowels\ Folder/BagMale1.mp3 /Users/Veer/Library/Developer/Xcode/DerivedData/HearifyV1-ftljoypfezvlxcgouzbpmsmxzads/Build/Products/Debug-iphoneos/HearifyV1.app

CpResource /Users/Veer/Library/Developer/Xcode/DerivedData/HearifyV1-ftljoypfezvlxcgouzbpmsmxzads/Build/Products/Debug-iphoneos/HearifyV1.app/BadMale1.mp3 /Users/Veer/Library/Mobile\ Documents/com~apple~CloudDocs/HearifyV1/HearifyV1/Audio/Vowels\ Folder/BadMale1.mp3 (in target 'HearifyV1' from project 'HearifyV1')
    cd /Users/Veer/Library/Mobile\ Documents/com\~apple\~CloudDocs/HearifyV1
    builtin-copy -exclude .DS_Store -exclude CVS -exclude .svn -exclude .git -exclude .hg -resolve-src-symlinks /Users/Veer/Library/Mobile\ Documents/com\~apple\~CloudDocs/HearifyV1/HearifyV1/Audio/Vowels\ Folder/BadMale1.mp3 /Users/Veer/Library/Developer/Xcode/DerivedData/HearifyV1-ftljoypfezvlxcgouzbpmsmxzads/Build/Products/Debug-iphoneos/HearifyV1.app

CpResource /Users/Veer/Library/Developer/Xcode/DerivedData/HearifyV1-ftljoypfezvlxcgouzbpmsmxzads/Build/Products/Debug-iphoneos/HearifyV1.app/BackgroundNoise.mp3 /Users/Veer/Library/Mobile\ Documents/com~apple~CloudDocs/HearifyV1/HearifyV1/Audio/BackgroundNoise.mp3 (in target 'HearifyV1' from project 'HearifyV1')
    cd /Users/Veer/Library/Mobile\ Documents/com\~apple\~CloudDocs/HearifyV1
    builtin-copy -exclude .DS_Store -exclude CVS -exclude .svn -exclude .git -exclude .hg -resolve-src-symlinks /Users/Veer/Library/Mobile\ Documents/com\~apple\~CloudDocs/HearifyV1/HearifyV1/Audio/BackgroundNoise.mp3 /Users/Veer/Library/Developer/Xcode/DerivedData/HearifyV1-ftljoypfezvlxcgouzbpmsmxzads/Build/Products/Debug-iphoneos/HearifyV1.app

CpResource /Users/Veer/Library/Developer/Xcode/DerivedData/HearifyV1-ftljoypfezvlxcgouzbpmsmxzads/Build/Products/Debug-iphoneos/HearifyV1.app/BackMale1.mp3 /Users/Veer/Library/Mobile\ Documents/com~apple~CloudDocs/HearifyV1/HearifyV1/Audio/CV\ Data/BackMale1.mp3 (in target 'HearifyV1' from project 'HearifyV1')
    cd /Users/Veer/Library/Mobile\ Documents/com\~apple\~CloudDocs/HearifyV1
    builtin-copy -exclude .DS_Store -exclude CVS -exclude .svn -exclude .git -exclude .hg -resolve-src-symlinks /Users/Veer/Library/Mobile\ Documents/com\~apple\~CloudDocs/HearifyV1/HearifyV1/Audio/CV\ Data/BackMale1.mp3 /Users/Veer/Library/Developer/Xcode/DerivedData/HearifyV1-ftljoypfezvlxcgouzbpmsmxzads/Build/Products/Debug-iphoneos/HearifyV1.app

CpResource /Users/Veer/Library/Developer/Xcode/DerivedData/HearifyV1-ftljoypfezvlxcgouzbpmsmxzads/Build/Products/Debug-iphoneos/HearifyV1.app/ApplesauceMale1.mp3 /Users/Veer/Library/Mobile\ Documents/com~apple~CloudDocs/HearifyV1/HearifyV1/Audio/Syllables/Supra\ 2\ v3/ApplesauceMale1.mp3 (in target 'HearifyV1' from project 'HearifyV1')
    cd /Users/Veer/Library/Mobile\ Documents/com\~apple\~CloudDocs/HearifyV1
    builtin-copy -exclude .DS_Store -exclude CVS -exclude .svn -exclude .git -exclude .hg -resolve-src-symlinks /Users/Veer/Library/Mobile\ Documents/com\~apple\~CloudDocs/HearifyV1/HearifyV1/Audio/Syllables/Supra\ 2\ v3/ApplesauceMale1.mp3 /Users/Veer/Library/Developer/Xcode/DerivedData/HearifyV1-ftljoypfezvlxcgouzbpmsmxzads/Build/Products/Debug-iphoneos/HearifyV1.app

CpResource /Users/Veer/Library/Developer/Xcode/DerivedData/HearifyV1-ftljoypfezvlxcgouzbpmsmxzads/Build/Products/Debug-iphoneos/HearifyV1.app/Apple\ PieMale1.mp3 /Users/Veer/Library/Mobile\ Documents/com~apple~CloudDocs/HearifyV1/HearifyV1/Audio/Syllables/Supra\ -\ 1\ v\ 3/Apple\ PieMale1.mp3 (in target 'HearifyV1' from project 'HearifyV1')
    cd /Users/Veer/Library/Mobile\ Documents/com\~apple\~CloudDocs/HearifyV1
    builtin-copy -exclude .DS_Store -exclude CVS -exclude .svn -exclude .git -exclude .hg -resolve-src-symlinks /Users/Veer/Library/Mobile\ Documents/com\~apple\~CloudDocs/HearifyV1/HearifyV1/Audio/Syllables/Supra\ -\ 1\ v\ 3/Apple\ PieMale1.mp3 /Users/Veer/Library/Developer/Xcode/DerivedData/HearifyV1-ftljoypfezvlxcgouzbpmsmxzads/Build/Products/Debug-iphoneos/HearifyV1.app

CpResource /Users/Veer/Library/Developer/Xcode/DerivedData/HearifyV1-ftljoypfezvlxcgouzbpmsmxzads/Build/Products/Debug-iphoneos/HearifyV1.app/AppleMale1.mp3 /Users/Veer/Library/Mobile\ Documents/com~apple~CloudDocs/HearifyV1/HearifyV1/Audio/PD\ Folder/AppleMale1.mp3 (in target 'HearifyV1' from project 'HearifyV1')
    cd /Users/Veer/Library/Mobile\ Documents/com\~apple\~CloudDocs/HearifyV1
    builtin-copy -exclude .DS_Store -exclude CVS -exclude .svn -exclude .git -exclude .hg -resolve-src-symlinks /Users/Veer/Library/Mobile\ Documents/com\~apple\~CloudDocs/HearifyV1/HearifyV1/Audio/PD\ Folder/AppleMale1.mp3 /Users/Veer/Library/Developer/Xcode/DerivedData/HearifyV1-ftljoypfezvlxcgouzbpmsmxzads/Build/Products/Debug-iphoneos/HearifyV1.app

CpResource /Users/Veer/Library/Developer/Xcode/DerivedData/HearifyV1-ftljoypfezvlxcgouzbpmsmxzads/Build/Products/Debug-iphoneos/HearifyV1.app/Apple\ JuiceMale1.mp3 /Users/Veer/Library/Mobile\ Documents/com~apple~CloudDocs/HearifyV1/HearifyV1/Audio/Syllables/Supra\ 2\ v3/Apple\ JuiceMale1.mp3 (in target 'HearifyV1' from project 'HearifyV1')
    cd /Users/Veer/Library/Mobile\ Documents/com\~apple\~CloudDocs/HearifyV1
    builtin-copy -exclude .DS_Store -exclude CVS -exclude .svn -exclude .git -exclude .hg -resolve-src-symlinks /Users/Veer/Library/Mobile\ Documents/com\~apple\~CloudDocs/HearifyV1/HearifyV1/Audio/Syllables/Supra\ 2\ v3/Apple\ JuiceMale1.mp3 /Users/Veer/Library/Developer/Xcode/DerivedData/HearifyV1-ftljoypfezvlxcgouzbpmsmxzads/Build/Products/Debug-iphoneos/HearifyV1.app

CopyPlistFile /Users/Veer/Library/Developer/Xcode/DerivedData/HearifyV1-ftljoypfezvlxcgouzbpmsmxzads/Build/Products/Debug-iphoneos/HearifyV1.app/GoogleService-Info.plist /Users/Veer/Library/Mobile\ Documents/com~apple~CloudDocs/HearifyV1/GoogleService-Info.plist (in target 'HearifyV1' from project 'HearifyV1')
    cd /Users/Veer/Library/Mobile\ Documents/com\~apple\~CloudDocs/HearifyV1
    builtin-copyPlist --convert binary1 --outdir /Users/Veer/Library/Developer/Xcode/DerivedData/HearifyV1-ftljoypfezvlxcgouzbpmsmxzads/Build/Products/Debug-iphoneos/HearifyV1.app -- /Users/Veer/Library/Mobile\ Documents/com\~apple\~CloudDocs/HearifyV1/GoogleService-Info.plist

Copy /Users/Veer/Library/Developer/Xcode/DerivedData/HearifyV1-ftljoypfezvlxcgouzbpmsmxzads/Build/Products/Debug-iphoneos/HearifyV1.app/nanopb_nanopb.bundle /Users/Veer/Library/Developer/Xcode/DerivedData/HearifyV1-ftljoypfezvlxcgouzbpmsmxzads/Build/Products/Debug-iphoneos/nanopb_nanopb.bundle (in target 'HearifyV1' from project 'HearifyV1')
    cd /Users/Veer/Library/Mobile\ Documents/com\~apple\~CloudDocs/HearifyV1
    builtin-copy -exclude .DS_Store -exclude CVS -exclude .svn -exclude .git -exclude .hg -resolve-src-symlinks /Users/Veer/Library/Developer/Xcode/DerivedData/HearifyV1-ftljoypfezvlxcgouzbpmsmxzads/Build/Products/Debug-iphoneos/nanopb_nanopb.bundle /Users/Veer/Library/Developer/Xcode/DerivedData/HearifyV1-ftljoypfezvlxcgouzbpmsmxzads/Build/Products/Debug-iphoneos/HearifyV1.app

Copy /Users/Veer/Library/Developer/Xcode/DerivedData/HearifyV1-ftljoypfezvlxcgouzbpmsmxzads/Build/Products/Debug-iphoneos/HearifyV1.app/leveldb_leveldb.bundle /Users/Veer/Library/Developer/Xcode/DerivedData/HearifyV1-ftljoypfezvlxcgouzbpmsmxzads/Build/Products/Debug-iphoneos/leveldb_leveldb.bundle (in target 'HearifyV1' from project 'HearifyV1')
    cd /Users/Veer/Library/Mobile\ Documents/com\~apple\~CloudDocs/HearifyV1
    builtin-copy -exclude .DS_Store -exclude CVS -exclude .svn -exclude .git -exclude .hg -resolve-src-symlinks /Users/Veer/Library/Developer/Xcode/DerivedData/HearifyV1-ftljoypfezvlxcgouzbpmsmxzads/Build/Products/Debug-iphoneos/leveldb_leveldb.bundle /Users/Veer/Library/Developer/Xcode/DerivedData/HearifyV1-ftljoypfezvlxcgouzbpmsmxzads/Build/Products/Debug-iphoneos/HearifyV1.app

Copy /Users/Veer/Library/Developer/Xcode/DerivedData/HearifyV1-ftljoypfezvlxcgouzbpmsmxzads/Build/Products/Debug-iphoneos/HearifyV1.app/gRPC_opensslWrapper.bundle /Users/Veer/Library/Developer/Xcode/DerivedData/HearifyV1-ftljoypfezvlxcgouzbpmsmxzads/Build/Products/Debug-iphoneos/gRPC_opensslWrapper.bundle (in target 'HearifyV1' from project 'HearifyV1')
    cd /Users/Veer/Library/Mobile\ Documents/com\~apple\~CloudDocs/HearifyV1
    builtin-copy -exclude .DS_Store -exclude CVS -exclude .svn -exclude .git -exclude .hg -resolve-src-symlinks /Users/Veer/Library/Developer/Xcode/DerivedData/HearifyV1-ftljoypfezvlxcgouzbpmsmxzads/Build/Products/Debug-iphoneos/gRPC_opensslWrapper.bundle /Users/Veer/Library/Developer/Xcode/DerivedData/HearifyV1-ftljoypfezvlxcgouzbpmsmxzads/Build/Products/Debug-iphoneos/HearifyV1.app

Copy /Users/Veer/Library/Developer/Xcode/DerivedData/HearifyV1-ftljoypfezvlxcgouzbpmsmxzads/Build/Products/Debug-iphoneos/HearifyV1.app/gRPC_grpcppWrapper.bundle /Users/Veer/Library/Developer/Xcode/DerivedData/HearifyV1-ftljoypfezvlxcgouzbpmsmxzads/Build/Products/Debug-iphoneos/gRPC_grpcppWrapper.bundle (in target 'HearifyV1' from project 'HearifyV1')
    cd /Users/Veer/Library/Mobile\ Documents/com\~apple\~CloudDocs/HearifyV1
    builtin-copy -exclude .DS_Store -exclude CVS -exclude .svn -exclude .git -exclude .hg -resolve-src-symlinks /Users/Veer/Library/Developer/Xcode/DerivedData/HearifyV1-ftljoypfezvlxcgouzbpmsmxzads/Build/Products/Debug-iphoneos/gRPC_grpcppWrapper.bundle /Users/Veer/Library/Developer/Xcode/DerivedData/HearifyV1-ftljoypfezvlxcgouzbpmsmxzads/Build/Products/Debug-iphoneos/HearifyV1.app

Copy /Users/Veer/Library/Developer/Xcode/DerivedData/HearifyV1-ftljoypfezvlxcgouzbpmsmxzads/Build/Products/Debug-iphoneos/HearifyV1.app/gRPC_grpcWrapper.bundle /Users/Veer/Library/Developer/Xcode/DerivedData/HearifyV1-ftljoypfezvlxcgouzbpmsmxzads/Build/Products/Debug-iphoneos/gRPC_grpcWrapper.bundle (in target 'HearifyV1' from project 'HearifyV1')
    cd /Users/Veer/Library/Mobile\ Documents/com\~apple\~CloudDocs/HearifyV1
    builtin-copy -exclude .DS_Store -exclude CVS -exclude .svn -exclude .git -exclude .hg -resolve-src-symlinks /Users/Veer/Library/Developer/Xcode/DerivedData/HearifyV1-ftljoypfezvlxcgouzbpmsmxzads/Build/Products/Debug-iphoneos/gRPC_grpcWrapper.bundle /Users/Veer/Library/Developer/Xcode/DerivedData/HearifyV1-ftljoypfezvlxcgouzbpmsmxzads/Build/Products/Debug-iphoneos/HearifyV1.app

Copy /Users/Veer/Library/Developer/Xcode/DerivedData/HearifyV1-ftljoypfezvlxcgouzbpmsmxzads/Build/Products/Debug-iphoneos/HearifyV1.app/abseil_abslWrapper.bundle /Users/Veer/Library/Developer/Xcode/DerivedData/HearifyV1-ftljoypfezvlxcgouzbpmsmxzads/Build/Products/Debug-iphoneos/abseil_abslWrapper.bundle (in target 'HearifyV1' from project 'HearifyV1')
    cd /Users/Veer/Library/Mobile\ Documents/com\~apple\~CloudDocs/HearifyV1
    builtin-copy -exclude .DS_Store -exclude CVS -exclude .svn -exclude .git -exclude .hg -resolve-src-symlinks /Users/Veer/Library/Developer/Xcode/DerivedData/HearifyV1-ftljoypfezvlxcgouzbpmsmxzads/Build/Products/Debug-iphoneos/abseil_abslWrapper.bundle /Users/Veer/Library/Developer/Xcode/DerivedData/HearifyV1-ftljoypfezvlxcgouzbpmsmxzads/Build/Products/Debug-iphoneos/HearifyV1.app

Copy /Users/Veer/Library/Developer/Xcode/DerivedData/HearifyV1-ftljoypfezvlxcgouzbpmsmxzads/Build/Products/Debug-iphoneos/HearifyV1.app/GoogleUtilities_GoogleUtilities-Reachability.bundle /Users/Veer/Library/Developer/Xcode/DerivedData/HearifyV1-ftljoypfezvlxcgouzbpmsmxzads/Build/Products/Debug-iphoneos/GoogleUtilities_GoogleUtilities-Reachability.bundle (in target 'HearifyV1' from project 'HearifyV1')
    cd /Users/Veer/Library/Mobile\ Documents/com\~apple\~CloudDocs/HearifyV1
    builtin-copy -exclude .DS_Store -exclude CVS -exclude .svn -exclude .git -exclude .hg -resolve-src-symlinks /Users/Veer/Library/Developer/Xcode/DerivedData/HearifyV1-ftljoypfezvlxcgouzbpmsmxzads/Build/Products/Debug-iphoneos/GoogleUtilities_GoogleUtilities-Reachability.bundle /Users/Veer/Library/Developer/Xcode/DerivedData/HearifyV1-ftljoypfezvlxcgouzbpmsmxzads/Build/Products/Debug-iphoneos/HearifyV1.app

Copy /Users/Veer/Library/Developer/Xcode/DerivedData/HearifyV1-ftljoypfezvlxcgouzbpmsmxzads/Build/Products/Debug-iphoneos/HearifyV1.app/GoogleUtilities_GoogleUtilities-Network.bundle /Users/Veer/Library/Developer/Xcode/DerivedData/HearifyV1-ftljoypfezvlxcgouzbpmsmxzads/Build/Products/Debug-iphoneos/GoogleUtilities_GoogleUtilities-Network.bundle (in target 'HearifyV1' from project 'HearifyV1')
    cd /Users/Veer/Library/Mobile\ Documents/com\~apple\~CloudDocs/HearifyV1
    builtin-copy -exclude .DS_Store -exclude CVS -exclude .svn -exclude .git -exclude .hg -resolve-src-symlinks /Users/Veer/Library/Developer/Xcode/DerivedData/HearifyV1-ftljoypfezvlxcgouzbpmsmxzads/Build/Products/Debug-iphoneos/GoogleUtilities_GoogleUtilities-Network.bundle /Users/Veer/Library/Developer/Xcode/DerivedData/HearifyV1-ftljoypfezvlxcgouzbpmsmxzads/Build/Products/Debug-iphoneos/HearifyV1.app

Copy /Users/Veer/Library/Developer/Xcode/DerivedData/HearifyV1-ftljoypfezvlxcgouzbpmsmxzads/Build/Products/Debug-iphoneos/HearifyV1.app/GoogleUtilities_GoogleUtilities-NSData.bundle /Users/Veer/Library/Developer/Xcode/DerivedData/HearifyV1-ftljoypfezvlxcgouzbpmsmxzads/Build/Products/Debug-iphoneos/GoogleUtilities_GoogleUtilities-NSData.bundle (in target 'HearifyV1' from project 'HearifyV1')
    cd /Users/Veer/Library/Mobile\ Documents/com\~apple\~CloudDocs/HearifyV1
    builtin-copy -exclude .DS_Store -exclude CVS -exclude .svn -exclude .git -exclude .hg -resolve-src-symlinks /Users/Veer/Library/Developer/Xcode/DerivedData/HearifyV1-ftljoypfezvlxcgouzbpmsmxzads/Build/Products/Debug-iphoneos/GoogleUtilities_GoogleUtilities-NSData.bundle /Users/Veer/Library/Developer/Xcode/DerivedData/HearifyV1-ftljoypfezvlxcgouzbpmsmxzads/Build/Products/Debug-iphoneos/HearifyV1.app

Copy /Users/Veer/Library/Developer/Xcode/DerivedData/HearifyV1-ftljoypfezvlxcgouzbpmsmxzads/Build/Products/Debug-iphoneos/HearifyV1.app/GoogleUtilities_GoogleUtilities-Logger.bundle /Users/Veer/Library/Developer/Xcode/DerivedData/HearifyV1-ftljoypfezvlxcgouzbpmsmxzads/Build/Products/Debug-iphoneos/GoogleUtilities_GoogleUtilities-Logger.bundle (in target 'HearifyV1' from project 'HearifyV1')
    cd /Users/Veer/Library/Mobile\ Documents/com\~apple\~CloudDocs/HearifyV1
    builtin-copy -exclude .DS_Store -exclude CVS -exclude .svn -exclude .git -exclude .hg -resolve-src-symlinks /Users/Veer/Library/Developer/Xcode/DerivedData/HearifyV1-ftljoypfezvlxcgouzbpmsmxzads/Build/Products/Debug-iphoneos/GoogleUtilities_GoogleUtilities-Logger.bundle /Users/Veer/Library/Developer/Xcode/DerivedData/HearifyV1-ftljoypfezvlxcgouzbpmsmxzads/Build/Products/Debug-iphoneos/HearifyV1.app

SwiftExplicitDependencyGeneratePcm arm64 /Users/Veer/Library/Developer/Xcode/DerivedData/ModuleCache.noindex/CoreVideo-4KMHOU4VFX0BJGT0FRSGHBH9M.pcm

Copy /Users/Veer/Library/Developer/Xcode/DerivedData/HearifyV1-ftljoypfezvlxcgouzbpmsmxzads/Build/Products/Debug-iphoneos/HearifyV1.app/GoogleUtilities_GoogleUtilities-Environment.bundle /Users/Veer/Library/Developer/Xcode/DerivedData/HearifyV1-ftljoypfezvlxcgouzbpmsmxzads/Build/Products/Debug-iphoneos/GoogleUtilities_GoogleUtilities-Environment.bundle (in target 'HearifyV1' from project 'HearifyV1')
    cd /Users/Veer/Library/Mobile\ Documents/com\~apple\~CloudDocs/HearifyV1
    builtin-copy -exclude .DS_Store -exclude CVS -exclude .svn -exclude .git -exclude .hg -resolve-src-symlinks /Users/Veer/Library/Developer/Xcode/DerivedData/HearifyV1-ftljoypfezvlxcgouzbpmsmxzads/Build/Products/Debug-iphoneos/GoogleUtilities_GoogleUtilities-Environment.bundle /Users/Veer/Library/Developer/Xcode/DerivedData/HearifyV1-ftljoypfezvlxcgouzbpmsmxzads/Build/Products/Debug-iphoneos/HearifyV1.app

Copy /Users/Veer/Library/Developer/Xcode/DerivedData/HearifyV1-ftljoypfezvlxcgouzbpmsmxzads/Build/Products/Debug-iphoneos/HearifyV1.app/GoogleUtilities_GoogleUtilities-AppDelegateSwizzler.bundle /Users/Veer/Library/Developer/Xcode/DerivedData/HearifyV1-ftljoypfezvlxcgouzbpmsmxzads/Build/Products/Debug-iphoneos/GoogleUtilities_GoogleUtilities-AppDelegateSwizzler.bundle (in target 'HearifyV1' from project 'HearifyV1')
    cd /Users/Veer/Library/Mobile\ Documents/com\~apple\~CloudDocs/HearifyV1
    builtin-copy -exclude .DS_Store -exclude CVS -exclude .svn -exclude .git -exclude .hg -resolve-src-symlinks /Users/Veer/Library/Developer/Xcode/DerivedData/HearifyV1-ftljoypfezvlxcgouzbpmsmxzads/Build/Products/Debug-iphoneos/GoogleUtilities_GoogleUtilities-AppDelegateSwizzler.bundle /Users/Veer/Library/Developer/Xcode/DerivedData/HearifyV1-ftljoypfezvlxcgouzbpmsmxzads/Build/Products/Debug-iphoneos/HearifyV1.app

Copy /Users/Veer/Library/Developer/Xcode/DerivedData/HearifyV1-ftljoypfezvlxcgouzbpmsmxzads/Build/Products/Debug-iphoneos/HearifyV1.app/GTMSessionFetcher_GTMSessionFetcherCore.bundle /Users/Veer/Library/Developer/Xcode/DerivedData/HearifyV1-ftljoypfezvlxcgouzbpmsmxzads/Build/Products/Debug-iphoneos/GTMSessionFetcher_GTMSessionFetcherCore.bundle (in target 'HearifyV1' from project 'HearifyV1')
    cd /Users/Veer/Library/Mobile\ Documents/com\~apple\~CloudDocs/HearifyV1
    builtin-copy -exclude .DS_Store -exclude CVS -exclude .svn -exclude .git -exclude .hg -resolve-src-symlinks /Users/Veer/Library/Developer/Xcode/DerivedData/HearifyV1-ftljoypfezvlxcgouzbpmsmxzads/Build/Products/Debug-iphoneos/GTMSessionFetcher_GTMSessionFetcherCore.bundle /Users/Veer/Library/Developer/Xcode/DerivedData/HearifyV1-ftljoypfezvlxcgouzbpmsmxzads/Build/Products/Debug-iphoneos/HearifyV1.app

Copy /Users/Veer/Library/Developer/Xcode/DerivedData/HearifyV1-ftljoypfezvlxcgouzbpmsmxzads/Build/Products/Debug-iphoneos/HearifyV1.app/Frameworks/openssl_grpc.framework /Users/Veer/Library/Developer/Xcode/DerivedData/HearifyV1-ftljoypfezvlxcgouzbpmsmxzads/SourcePackages/artifacts/grpc-binary/openssl_grpc/openssl_grpc.xcframework/ios-arm64/openssl_grpc.framework (in target 'HearifyV1' from project 'HearifyV1')
    cd /Users/Veer/Library/Mobile\ Documents/com\~apple\~CloudDocs/HearifyV1
    builtin-copy -exclude .DS_Store -exclude CVS -exclude .svn -exclude .git -exclude .hg -exclude Headers -exclude PrivateHeaders -exclude Modules -exclude \*.tbd -bitcode-strip all -bitcode-strip-tool /Applications/Xcode.app/Contents/Developer/Toolchains/XcodeDefault.xctoolchain/usr/bin/bitcode_strip -resolve-src-symlinks -remove-static-executable /Users/Veer/Library/Developer/Xcode/DerivedData/HearifyV1-ftljoypfezvlxcgouzbpmsmxzads/SourcePackages/artifacts/grpc-binary/openssl_grpc/openssl_grpc.xcframework/ios-arm64/openssl_grpc.framework /Users/Veer/Library/Developer/Xcode/DerivedData/HearifyV1-ftljoypfezvlxcgouzbpmsmxzads/Build/Products/Debug-iphoneos/HearifyV1.app/Frameworks
note: Injecting stub binary into codeless framework (in target 'HearifyV1' from project 'HearifyV1')
    /Applications/Xcode.app/Contents/Developer/Toolchains/XcodeDefault.xctoolchain/usr/bin/clang -isysroot /Applications/Xcode.app/Contents/Developer/Platforms/iPhoneOS.platform/Developer/SDKs/iPhoneOS26.2.sdk -x c -c /dev/null -target arm64-apple-ios100.0 -o /private/var/folders/wb/f51fyz_n4vj3glxnf1wj8y2c0000gp/T/swbuild.tmp.XaGaMS0b/Data.noindex/arm64-apple.o
    /Applications/Xcode.app/Contents/Developer/Toolchains/XcodeDefault.xctoolchain/usr/bin/clang -isysroot /Applications/Xcode.app/Contents/Developer/Platforms/iPhoneOS.platform/Developer/SDKs/iPhoneOS26.2.sdk -dynamiclib -Xlinker -adhoc_codesign -target arm64-apple-ios100.0 -o /private/var/folders/wb/f51fyz_n4vj3glxnf1wj8y2c0000gp/T/swbuild.tmp.XaGaMS0b/Data.noindex/arm64-apple /private/var/folders/wb/f51fyz_n4vj3glxnf1wj8y2c0000gp/T/swbuild.tmp.XaGaMS0b/Data.noindex/arm64-apple.o
    /Applications/Xcode.app/Contents/Developer/Toolchains/XcodeDefault.xctoolchain/usr/bin/lipo -create -output /Users/Veer/Library/Developer/Xcode/DerivedData/HearifyV1-ftljoypfezvlxcgouzbpmsmxzads/Build/Products/Debug-iphoneos/HearifyV1.app/Frameworks/openssl_grpc.framework/openssl_grpc /private/var/folders/wb/f51fyz_n4vj3glxnf1wj8y2c0000gp/T/swbuild.tmp.XaGaMS0b/Data.noindex/arm64-apple

Copy /Users/Veer/Library/Developer/Xcode/DerivedData/HearifyV1-ftljoypfezvlxcgouzbpmsmxzads/Build/Products/Debug-iphoneos/HearifyV1.app/Frameworks/grpcpp.framework /Users/Veer/Library/Developer/Xcode/DerivedData/HearifyV1-ftljoypfezvlxcgouzbpmsmxzads/SourcePackages/artifacts/grpc-binary/grpcpp/grpcpp.xcframework/ios-arm64/grpcpp.framework (in target 'HearifyV1' from project 'HearifyV1')
    cd /Users/Veer/Library/Mobile\ Documents/com\~apple\~CloudDocs/HearifyV1
    builtin-copy -exclude .DS_Store -exclude CVS -exclude .svn -exclude .git -exclude .hg -exclude Headers -exclude PrivateHeaders -exclude Modules -exclude \*.tbd -bitcode-strip all -bitcode-strip-tool /Applications/Xcode.app/Contents/Developer/Toolchains/XcodeDefault.xctoolchain/usr/bin/bitcode_strip -resolve-src-symlinks -remove-static-executable /Users/Veer/Library/Developer/Xcode/DerivedData/HearifyV1-ftljoypfezvlxcgouzbpmsmxzads/SourcePackages/artifacts/grpc-binary/grpcpp/grpcpp.xcframework/ios-arm64/grpcpp.framework /Users/Veer/Library/Developer/Xcode/DerivedData/HearifyV1-ftljoypfezvlxcgouzbpmsmxzads/Build/Products/Debug-iphoneos/HearifyV1.app/Frameworks
note: Injecting stub binary into codeless framework (in target 'HearifyV1' from project 'HearifyV1')
    /Applications/Xcode.app/Contents/Developer/Toolchains/XcodeDefault.xctoolchain/usr/bin/clang -isysroot /Applications/Xcode.app/Contents/Developer/Platforms/iPhoneOS.platform/Developer/SDKs/iPhoneOS26.2.sdk -x c -c /dev/null -target arm64-apple-ios100.0 -o /private/var/folders/wb/f51fyz_n4vj3glxnf1wj8y2c0000gp/T/swbuild.tmp.7K7yP1pt/Data.noindex/arm64-apple.o
    /Applications/Xcode.app/Contents/Developer/Toolchains/XcodeDefault.xctoolchain/usr/bin/clang -isysroot /Applications/Xcode.app/Contents/Developer/Platforms/iPhoneOS.platform/Developer/SDKs/iPhoneOS26.2.sdk -dynamiclib -Xlinker -adhoc_codesign -target arm64-apple-ios100.0 -o /private/var/folders/wb/f51fyz_n4vj3glxnf1wj8y2c0000gp/T/swbuild.tmp.7K7yP1pt/Data.noindex/arm64-apple /private/var/folders/wb/f51fyz_n4vj3glxnf1wj8y2c0000gp/T/swbuild.tmp.7K7yP1pt/Data.noindex/arm64-apple.o
    /Applications/Xcode.app/Contents/Developer/Toolchains/XcodeDefault.xctoolchain/usr/bin/lipo -create -output /Users/Veer/Library/Developer/Xcode/DerivedData/HearifyV1-ftljoypfezvlxcgouzbpmsmxzads/Build/Products/Debug-iphoneos/HearifyV1.app/Frameworks/grpcpp.framework/grpcpp /private/var/folders/wb/f51fyz_n4vj3glxnf1wj8y2c0000gp/T/swbuild.tmp.7K7yP1pt/Data.noindex/arm64-apple

Copy /Users/Veer/Library/Developer/Xcode/DerivedData/HearifyV1-ftljoypfezvlxcgouzbpmsmxzads/Build/Products/Debug-iphoneos/HearifyV1.app/Frameworks/grpc.framework /Users/Veer/Library/Developer/Xcode/DerivedData/HearifyV1-ftljoypfezvlxcgouzbpmsmxzads/SourcePackages/artifacts/grpc-binary/grpc/grpc.xcframework/ios-arm64/grpc.framework (in target 'HearifyV1' from project 'HearifyV1')
    cd /Users/Veer/Library/Mobile\ Documents/com\~apple\~CloudDocs/HearifyV1
    builtin-copy -exclude .DS_Store -exclude CVS -exclude .svn -exclude .git -exclude .hg -exclude Headers -exclude PrivateHeaders -exclude Modules -exclude \*.tbd -bitcode-strip all -bitcode-strip-tool /Applications/Xcode.app/Contents/Developer/Toolchains/XcodeDefault.xctoolchain/usr/bin/bitcode_strip -resolve-src-symlinks -remove-static-executable /Users/Veer/Library/Developer/Xcode/DerivedData/HearifyV1-ftljoypfezvlxcgouzbpmsmxzads/SourcePackages/artifacts/grpc-binary/grpc/grpc.xcframework/ios-arm64/grpc.framework /Users/Veer/Library/Developer/Xcode/DerivedData/HearifyV1-ftljoypfezvlxcgouzbpmsmxzads/Build/Products/Debug-iphoneos/HearifyV1.app/Frameworks
note: Injecting stub binary into codeless framework (in target 'HearifyV1' from project 'HearifyV1')
    /Applications/Xcode.app/Contents/Developer/Toolchains/XcodeDefault.xctoolchain/usr/bin/clang -isysroot /Applications/Xcode.app/Contents/Developer/Platforms/iPhoneOS.platform/Developer/SDKs/iPhoneOS26.2.sdk -x c -c /dev/null -target arm64-apple-ios100.0 -o /private/var/folders/wb/f51fyz_n4vj3glxnf1wj8y2c0000gp/T/swbuild.tmp.4Njfyqc5/Data.noindex/arm64-apple.o
    /Applications/Xcode.app/Contents/Developer/Toolchains/XcodeDefault.xctoolchain/usr/bin/clang -isysroot /Applications/Xcode.app/Contents/Developer/Platforms/iPhoneOS.platform/Developer/SDKs/iPhoneOS26.2.sdk -dynamiclib -Xlinker -adhoc_codesign -target arm64-apple-ios100.0 -o /private/var/folders/wb/f51fyz_n4vj3glxnf1wj8y2c0000gp/T/swbuild.tmp.4Njfyqc5/Data.noindex/arm64-apple /private/var/folders/wb/f51fyz_n4vj3glxnf1wj8y2c0000gp/T/swbuild.tmp.4Njfyqc5/Data.noindex/arm64-apple.o
    /Applications/Xcode.app/Contents/Developer/Toolchains/XcodeDefault.xctoolchain/usr/bin/lipo -create -output /Users/Veer/Library/Developer/Xcode/DerivedData/HearifyV1-ftljoypfezvlxcgouzbpmsmxzads/Build/Products/Debug-iphoneos/HearifyV1.app/Frameworks/grpc.framework/grpc /private/var/folders/wb/f51fyz_n4vj3glxnf1wj8y2c0000gp/T/swbuild.tmp.4Njfyqc5/Data.noindex/arm64-apple

Copy /Users/Veer/Library/Developer/Xcode/DerivedData/HearifyV1-ftljoypfezvlxcgouzbpmsmxzads/Build/Products/Debug-iphoneos/HearifyV1.app/Frameworks/absl.framework /Users/Veer/Library/Developer/Xcode/DerivedData/HearifyV1-ftljoypfezvlxcgouzbpmsmxzads/SourcePackages/artifacts/abseil-cpp-binary/absl/absl.xcframework/ios-arm64/absl.framework (in target 'HearifyV1' from project 'HearifyV1')
    cd /Users/Veer/Library/Mobile\ Documents/com\~apple\~CloudDocs/HearifyV1
    builtin-copy -exclude .DS_Store -exclude CVS -exclude .svn -exclude .git -exclude .hg -exclude Headers -exclude PrivateHeaders -exclude Modules -exclude \*.tbd -bitcode-strip all -bitcode-strip-tool /Applications/Xcode.app/Contents/Developer/Toolchains/XcodeDefault.xctoolchain/usr/bin/bitcode_strip -resolve-src-symlinks -remove-static-executable /Users/Veer/Library/Developer/Xcode/DerivedData/HearifyV1-ftljoypfezvlxcgouzbpmsmxzads/SourcePackages/artifacts/abseil-cpp-binary/absl/absl.xcframework/ios-arm64/absl.framework /Users/Veer/Library/Developer/Xcode/DerivedData/HearifyV1-ftljoypfezvlxcgouzbpmsmxzads/Build/Products/Debug-iphoneos/HearifyV1.app/Frameworks
note: Injecting stub binary into codeless framework (in target 'HearifyV1' from project 'HearifyV1')
    /Applications/Xcode.app/Contents/Developer/Toolchains/XcodeDefault.xctoolchain/usr/bin/clang -isysroot /Applications/Xcode.app/Contents/Developer/Platforms/iPhoneOS.platform/Developer/SDKs/iPhoneOS26.2.sdk -x c -c /dev/null -target arm64-apple-ios100.0 -o /private/var/folders/wb/f51fyz_n4vj3glxnf1wj8y2c0000gp/T/swbuild.tmp.xjdk2QNP/Data.noindex/arm64-apple.o
    /Applications/Xcode.app/Contents/Developer/Toolchains/XcodeDefault.xctoolchain/usr/bin/clang -isysroot /Applications/Xcode.app/Contents/Developer/Platforms/iPhoneOS.platform/Developer/SDKs/iPhoneOS26.2.sdk -dynamiclib -Xlinker -adhoc_codesign -target arm64-apple-ios100.0 -o /private/var/folders/wb/f51fyz_n4vj3glxnf1wj8y2c0000gp/T/swbuild.tmp.xjdk2QNP/Data.noindex/arm64-apple /private/var/folders/wb/f51fyz_n4vj3glxnf1wj8y2c0000gp/T/swbuild.tmp.xjdk2QNP/Data.noindex/arm64-apple.o
    /Applications/Xcode.app/Contents/Developer/Toolchains/XcodeDefault.xctoolchain/usr/bin/lipo -create -output /Users/Veer/Library/Developer/Xcode/DerivedData/HearifyV1-ftljoypfezvlxcgouzbpmsmxzads/Build/Products/Debug-iphoneos/HearifyV1.app/Frameworks/absl.framework/absl /private/var/folders/wb/f51fyz_n4vj3glxnf1wj8y2c0000gp/T/swbuild.tmp.xjdk2QNP/Data.noindex/arm64-apple

Copy /Users/Veer/Library/Developer/Xcode/DerivedData/HearifyV1-ftljoypfezvlxcgouzbpmsmxzads/Build/Products/Debug-iphoneos/HearifyV1.app/Frameworks/FirebaseFirestoreInternal.framework /Users/Veer/Library/Developer/Xcode/DerivedData/HearifyV1-ftljoypfezvlxcgouzbpmsmxzads/SourcePackages/artifacts/firebase-ios-sdk/FirebaseFirestoreInternal/FirebaseFirestoreInternal.xcframework/ios-arm64/FirebaseFirestoreInternal.framework (in target 'HearifyV1' from project 'HearifyV1')
    cd /Users/Veer/Library/Mobile\ Documents/com\~apple\~CloudDocs/HearifyV1
    builtin-copy -exclude .DS_Store -exclude CVS -exclude .svn -exclude .git -exclude .hg -exclude Headers -exclude PrivateHeaders -exclude Modules -exclude \*.tbd -bitcode-strip all -bitcode-strip-tool /Applications/Xcode.app/Contents/Developer/Toolchains/XcodeDefault.xctoolchain/usr/bin/bitcode_strip -resolve-src-symlinks -remove-static-executable /Users/Veer/Library/Developer/Xcode/DerivedData/HearifyV1-ftljoypfezvlxcgouzbpmsmxzads/SourcePackages/artifacts/firebase-ios-sdk/FirebaseFirestoreInternal/FirebaseFirestoreInternal.xcframework/ios-arm64/FirebaseFirestoreInternal.framework /Users/Veer/Library/Developer/Xcode/DerivedData/HearifyV1-ftljoypfezvlxcgouzbpmsmxzads/Build/Products/Debug-iphoneos/HearifyV1.app/Frameworks
note: Injecting stub binary into codeless framework (in target 'HearifyV1' from project 'HearifyV1')
    /Applications/Xcode.app/Contents/Developer/Toolchains/XcodeDefault.xctoolchain/usr/bin/clang -isysroot /Applications/Xcode.app/Contents/Developer/Platforms/iPhoneOS.platform/Developer/SDKs/iPhoneOS26.2.sdk -x c -c /dev/null -target arm64-apple-ios100.0 -o /private/var/folders/wb/f51fyz_n4vj3glxnf1wj8y2c0000gp/T/swbuild.tmp.fqxRqmmJ/Data.noindex/arm64-apple.o
    /Applications/Xcode.app/Contents/Developer/Toolchains/XcodeDefault.xctoolchain/usr/bin/clang -isysroot /Applications/Xcode.app/Contents/Developer/Platforms/iPhoneOS.platform/Developer/SDKs/iPhoneOS26.2.sdk -dynamiclib -Xlinker -adhoc_codesign -target arm64-apple-ios100.0 -o /private/var/folders/wb/f51fyz_n4vj3glxnf1wj8y2c0000gp/T/swbuild.tmp.fqxRqmmJ/Data.noindex/arm64-apple /private/var/folders/wb/f51fyz_n4vj3glxnf1wj8y2c0000gp/T/swbuild.tmp.fqxRqmmJ/Data.noindex/arm64-apple.o
    /Applications/Xcode.app/Contents/Developer/Toolchains/XcodeDefault.xctoolchain/usr/bin/lipo -create -output /Users/Veer/Library/Developer/Xcode/DerivedData/HearifyV1-ftljoypfezvlxcgouzbpmsmxzads/Build/Products/Debug-iphoneos/HearifyV1.app/Frameworks/FirebaseFirestoreInternal.framework/FirebaseFirestoreInternal /private/var/folders/wb/f51fyz_n4vj3glxnf1wj8y2c0000gp/T/swbuild.tmp.fqxRqmmJ/Data.noindex/arm64-apple

Copy /Users/Veer/Library/Developer/Xcode/DerivedData/HearifyV1-ftljoypfezvlxcgouzbpmsmxzads/Build/Products/Debug-iphoneos/HearifyV1.app/Firebase_FirebaseFirestore.bundle /Users/Veer/Library/Developer/Xcode/DerivedData/HearifyV1-ftljoypfezvlxcgouzbpmsmxzads/Build/Products/Debug-iphoneos/Firebase_FirebaseFirestore.bundle (in target 'HearifyV1' from project 'HearifyV1')
    cd /Users/Veer/Library/Mobile\ Documents/com\~apple\~CloudDocs/HearifyV1
    builtin-copy -exclude .DS_Store -exclude CVS -exclude .svn -exclude .git -exclude .hg -resolve-src-symlinks /Users/Veer/Library/Developer/Xcode/DerivedData/HearifyV1-ftljoypfezvlxcgouzbpmsmxzads/Build/Products/Debug-iphoneos/Firebase_FirebaseFirestore.bundle /Users/Veer/Library/Developer/Xcode/DerivedData/HearifyV1-ftljoypfezvlxcgouzbpmsmxzads/Build/Products/Debug-iphoneos/HearifyV1.app

Copy /Users/Veer/Library/Developer/Xcode/DerivedData/HearifyV1-ftljoypfezvlxcgouzbpmsmxzads/Build/Products/Debug-iphoneos/HearifyV1.app/Firebase_FirebaseCoreInternal.bundle /Users/Veer/Library/Developer/Xcode/DerivedData/HearifyV1-ftljoypfezvlxcgouzbpmsmxzads/Build/Products/Debug-iphoneos/Firebase_FirebaseCoreInternal.bundle (in target 'HearifyV1' from project 'HearifyV1')
    cd /Users/Veer/Library/Mobile\ Documents/com\~apple\~CloudDocs/HearifyV1
    builtin-copy -exclude .DS_Store -exclude CVS -exclude .svn -exclude .git -exclude .hg -resolve-src-symlinks /Users/Veer/Library/Developer/Xcode/DerivedData/HearifyV1-ftljoypfezvlxcgouzbpmsmxzads/Build/Products/Debug-iphoneos/Firebase_FirebaseCoreInternal.bundle /Users/Veer/Library/Developer/Xcode/DerivedData/HearifyV1-ftljoypfezvlxcgouzbpmsmxzads/Build/Products/Debug-iphoneos/HearifyV1.app

Copy /Users/Veer/Library/Developer/Xcode/DerivedData/HearifyV1-ftljoypfezvlxcgouzbpmsmxzads/Build/Products/Debug-iphoneos/HearifyV1.app/Firebase_FirebaseCoreExtension.bundle /Users/Veer/Library/Developer/Xcode/DerivedData/HearifyV1-ftljoypfezvlxcgouzbpmsmxzads/Build/Products/Debug-iphoneos/Firebase_FirebaseCoreExtension.bundle (in target 'HearifyV1' from project 'HearifyV1')
    cd /Users/Veer/Library/Mobile\ Documents/com\~apple\~CloudDocs/HearifyV1
    builtin-copy -exclude .DS_Store -exclude CVS -exclude .svn -exclude .git -exclude .hg -resolve-src-symlinks /Users/Veer/Library/Developer/Xcode/DerivedData/HearifyV1-ftljoypfezvlxcgouzbpmsmxzads/Build/Products/Debug-iphoneos/Firebase_FirebaseCoreExtension.bundle /Users/Veer/Library/Developer/Xcode/DerivedData/HearifyV1-ftljoypfezvlxcgouzbpmsmxzads/Build/Products/Debug-iphoneos/HearifyV1.app

Copy /Users/Veer/Library/Developer/Xcode/DerivedData/HearifyV1-ftljoypfezvlxcgouzbpmsmxzads/Build/Products/Debug-iphoneos/HearifyV1.app/Firebase_FirebaseCore.bundle /Users/Veer/Library/Developer/Xcode/DerivedData/HearifyV1-ftljoypfezvlxcgouzbpmsmxzads/Build/Products/Debug-iphoneos/Firebase_FirebaseCore.bundle (in target 'HearifyV1' from project 'HearifyV1')
    cd /Users/Veer/Library/Mobile\ Documents/com\~apple\~CloudDocs/HearifyV1
    builtin-copy -exclude .DS_Store -exclude CVS -exclude .svn -exclude .git -exclude .hg -resolve-src-symlinks /Users/Veer/Library/Developer/Xcode/DerivedData/HearifyV1-ftljoypfezvlxcgouzbpmsmxzads/Build/Products/Debug-iphoneos/Firebase_FirebaseCore.bundle /Users/Veer/Library/Developer/Xcode/DerivedData/HearifyV1-ftljoypfezvlxcgouzbpmsmxzads/Build/Products/Debug-iphoneos/HearifyV1.app

Copy /Users/Veer/Library/Developer/Xcode/DerivedData/HearifyV1-ftljoypfezvlxcgouzbpmsmxzads/Build/Products/Debug-iphoneos/HearifyV1.app/Firebase_FirebaseAuth.bundle /Users/Veer/Library/Developer/Xcode/DerivedData/HearifyV1-ftljoypfezvlxcgouzbpmsmxzads/Build/Products/Debug-iphoneos/Firebase_FirebaseAuth.bundle (in target 'HearifyV1' from project 'HearifyV1')
    cd /Users/Veer/Library/Mobile\ Documents/com\~apple\~CloudDocs/HearifyV1
    builtin-copy -exclude .DS_Store -exclude CVS -exclude .svn -exclude .git -exclude .hg -resolve-src-symlinks /Users/Veer/Library/Developer/Xcode/DerivedData/HearifyV1-ftljoypfezvlxcgouzbpmsmxzads/Build/Products/Debug-iphoneos/Firebase_FirebaseAuth.bundle /Users/Veer/Library/Developer/Xcode/DerivedData/HearifyV1-ftljoypfezvlxcgouzbpmsmxzads/Build/Products/Debug-iphoneos/HearifyV1.app

CompileStoryboard /Users/Veer/Library/Mobile\ Documents/com~apple~CloudDocs/HearifyV1/HearifyV1/Launch\ Screen.storyboard (in target 'HearifyV1' from project 'HearifyV1')
    cd /Users/Veer/Library/Mobile\ Documents/com\~apple\~CloudDocs/HearifyV1
    /Applications/Xcode.app/Contents/Developer/usr/bin/ibtool --errors --warnings --notices --module HearifyV1 --output-partial-info-plist /Users/Veer/Library/Developer/Xcode/DerivedData/HearifyV1-ftljoypfezvlxcgouzbpmsmxzads/Build/Intermediates.noindex/HearifyV1.build/Debug-iphoneos/HearifyV1.build/Launch\ Screen-SBPartialInfo.plist --auto-activate-custom-fonts --target-device iphone --minimum-deployment-target 16.6 --output-format human-readable-text /Users/Veer/Library/Mobile\ Documents/com\~apple\~CloudDocs/HearifyV1/HearifyV1/Launch\ Screen.storyboard --compilation-directory /Users/Veer/Library/Developer/Xcode/DerivedData/HearifyV1-ftljoypfezvlxcgouzbpmsmxzads/Build/Intermediates.noindex/HearifyV1.build/Debug-iphoneos/HearifyV1.build

CodeSign /Users/Veer/Library/Developer/Xcode/DerivedData/HearifyV1-ftljoypfezvlxcgouzbpmsmxzads/Build/Products/Debug-iphoneos/HearifyV1.app/Frameworks/grpcpp.framework (in target 'HearifyV1' from project 'HearifyV1')
    cd /Users/Veer/Library/Mobile\ Documents/com\~apple\~CloudDocs/HearifyV1
    
    Signing Identity:     "Apple Development: veerchopra@outlook.com (85G9LNQ8W9)"
    Provisioning Profile: "iOS Team Provisioning Profile: VeerChopra.HearifyV1"
                          (037454ed-6817-4c36-a813-63082cbddcfe)
    
    /usr/bin/codesign --force --sign 7D16605D52ABBE148778900B2F7C0B9851CD80FF -o runtime --timestamp\=none --preserve-metadata\=identifier,entitlements,flags --generate-entitlement-der /Users/Veer/Library/Developer/Xcode/DerivedData/HearifyV1-ftljoypfezvlxcgouzbpmsmxzads/Build/Products/Debug-iphoneos/HearifyV1.app/Frameworks/grpcpp.framework
/Users/Veer/Library/Developer/Xcode/DerivedData/HearifyV1-ftljoypfezvlxcgouzbpmsmxzads/Build/Products/Debug-iphoneos/HearifyV1.app/Frameworks/grpcpp.framework: replacing existing signature

CodeSign /Users/Veer/Library/Developer/Xcode/DerivedData/HearifyV1-ftljoypfezvlxcgouzbpmsmxzads/Build/Products/Debug-iphoneos/HearifyV1.app/Frameworks/openssl_grpc.framework (in target 'HearifyV1' from project 'HearifyV1')
    cd /Users/Veer/Library/Mobile\ Documents/com\~apple\~CloudDocs/HearifyV1
    
    Signing Identity:     "Apple Development: veerchopra@outlook.com (85G9LNQ8W9)"
    Provisioning Profile: "iOS Team Provisioning Profile: VeerChopra.HearifyV1"
                          (037454ed-6817-4c36-a813-63082cbddcfe)
    
    /usr/bin/codesign --force --sign 7D16605D52ABBE148778900B2F7C0B9851CD80FF -o runtime --timestamp\=none --preserve-metadata\=identifier,entitlements,flags --generate-entitlement-der /Users/Veer/Library/Developer/Xcode/DerivedData/HearifyV1-ftljoypfezvlxcgouzbpmsmxzads/Build/Products/Debug-iphoneos/HearifyV1.app/Frameworks/openssl_grpc.framework
/Users/Veer/Library/Developer/Xcode/DerivedData/HearifyV1-ftljoypfezvlxcgouzbpmsmxzads/Build/Products/Debug-iphoneos/HearifyV1.app/Frameworks/openssl_grpc.framework: replacing existing signature

SwiftExplicitDependencyGeneratePcm arm64 /Users/Veer/Library/Developer/Xcode/DerivedData/ModuleCache.noindex/CoreML-BPPWH9J3I75E0C57XNGSIPJM6.pcm

SwiftExplicitDependencyGeneratePcm arm64 /Users/Veer/Library/Developer/Xcode/DerivedData/ModuleCache.noindex/CoreMedia-E95FMMEQ7ZWZGYKN83HBKWL5D.pcm

SwiftExplicitDependencyGeneratePcm arm64 /Users/Veer/Library/Developer/Xcode/DerivedData/ModuleCache.noindex/CoreImage-6XHKPTV6KYXPCWWROD0R9JTWY.pcm

SwiftExplicitDependencyGeneratePcm arm64 /Users/Veer/Library/Developer/Xcode/DerivedData/ModuleCache.noindex/Accelerate-7ZMCMJV7IF9Z2XSNPNSWZQJ0Q.pcm

SwiftExplicitDependencyGeneratePcm arm64 /Users/Veer/Library/Developer/Xcode/DerivedData/ModuleCache.noindex/QuartzCore-34O96FLEGOB1C8GPJYNVBH9CY.pcm

CodeSign /Users/Veer/Library/Developer/Xcode/DerivedData/HearifyV1-ftljoypfezvlxcgouzbpmsmxzads/Build/Products/Debug-iphoneos/HearifyV1.app/Frameworks/absl.framework (in target 'HearifyV1' from project 'HearifyV1')
    cd /Users/Veer/Library/Mobile\ Documents/com\~apple\~CloudDocs/HearifyV1
    
    Signing Identity:     "Apple Development: veerchopra@outlook.com (85G9LNQ8W9)"
    Provisioning Profile: "iOS Team Provisioning Profile: VeerChopra.HearifyV1"
                          (037454ed-6817-4c36-a813-63082cbddcfe)
    
    /usr/bin/codesign --force --sign 7D16605D52ABBE148778900B2F7C0B9851CD80FF -o runtime --timestamp\=none --preserve-metadata\=identifier,entitlements,flags --generate-entitlement-der /Users/Veer/Library/Developer/Xcode/DerivedData/HearifyV1-ftljoypfezvlxcgouzbpmsmxzads/Build/Products/Debug-iphoneos/HearifyV1.app/Frameworks/absl.framework
/Users/Veer/Library/Developer/Xcode/DerivedData/HearifyV1-ftljoypfezvlxcgouzbpmsmxzads/Build/Products/Debug-iphoneos/HearifyV1.app/Frameworks/absl.framework: replacing existing signature

CodeSign /Users/Veer/Library/Developer/Xcode/DerivedData/HearifyV1-ftljoypfezvlxcgouzbpmsmxzads/Build/Products/Debug-iphoneos/HearifyV1.app/Frameworks/FirebaseFirestoreInternal.framework (in target 'HearifyV1' from project 'HearifyV1')
    cd /Users/Veer/Library/Mobile\ Documents/com\~apple\~CloudDocs/HearifyV1
    
    Signing Identity:     "Apple Development: veerchopra@outlook.com (85G9LNQ8W9)"
    Provisioning Profile: "iOS Team Provisioning Profile: VeerChopra.HearifyV1"
                          (037454ed-6817-4c36-a813-63082cbddcfe)
    
    /usr/bin/codesign --force --sign 7D16605D52ABBE148778900B2F7C0B9851CD80FF -o runtime --timestamp\=none --preserve-metadata\=identifier,entitlements,flags --generate-entitlement-der /Users/Veer/Library/Developer/Xcode/DerivedData/HearifyV1-ftljoypfezvlxcgouzbpmsmxzads/Build/Products/Debug-iphoneos/HearifyV1.app/Frameworks/FirebaseFirestoreInternal.framework
/Users/Veer/Library/Developer/Xcode/DerivedData/HearifyV1-ftljoypfezvlxcgouzbpmsmxzads/Build/Products/Debug-iphoneos/HearifyV1.app/Frameworks/FirebaseFirestoreInternal.framework: replacing existing signature

CodeSign /Users/Veer/Library/Developer/Xcode/DerivedData/HearifyV1-ftljoypfezvlxcgouzbpmsmxzads/Build/Products/Debug-iphoneos/HearifyV1.app/Frameworks/grpc.framework (in target 'HearifyV1' from project 'HearifyV1')
    cd /Users/Veer/Library/Mobile\ Documents/com\~apple\~CloudDocs/HearifyV1
    
    Signing Identity:     "Apple Development: veerchopra@outlook.com (85G9LNQ8W9)"
    Provisioning Profile: "iOS Team Provisioning Profile: VeerChopra.HearifyV1"
                          (037454ed-6817-4c36-a813-63082cbddcfe)
    
    /usr/bin/codesign --force --sign 7D16605D52ABBE148778900B2F7C0B9851CD80FF -o runtime --timestamp\=none --preserve-metadata\=identifier,entitlements,flags --generate-entitlement-der /Users/Veer/Library/Developer/Xcode/DerivedData/HearifyV1-ftljoypfezvlxcgouzbpmsmxzads/Build/Products/Debug-iphoneos/HearifyV1.app/Frameworks/grpc.framework
/Users/Veer/Library/Developer/Xcode/DerivedData/HearifyV1-ftljoypfezvlxcgouzbpmsmxzads/Build/Products/Debug-iphoneos/HearifyV1.app/Frameworks/grpc.framework: replacing existing signature

SwiftExplicitDependencyGeneratePcm arm64 /Users/Veer/Library/Developer/Xcode/DerivedData/ModuleCache.noindex/SwiftUICore-EMXYVIT72MYBKNBX0MYWH4JH4.pcm

SwiftExplicitDependencyGeneratePcm arm64 /Users/Veer/Library/Developer/Xcode/DerivedData/ModuleCache.noindex/UIKit-EVQYUP4L5U3ZCCMJ8F7AMQ6SW.pcm

SwiftExplicitDependencyGeneratePcm arm64 /Users/Veer/Library/Developer/Xcode/DerivedData/ModuleCache.noindex/MediaToolbox-A9TCBEQCWX2J9UBUJPVXBNU91.pcm

SwiftExplicitDependencyGeneratePcm arm64 /Users/Veer/Library/Developer/Xcode/DerivedData/ModuleCache.noindex/Vision-DETVYBVEYPX1GA102YEFQC5KC.pcm

SwiftExplicitDependencyGeneratePcm arm64 /Users/Veer/Library/Developer/Xcode/DerivedData/ModuleCache.noindex/AVFAudio-4I0M63JJ0NY1KIGYJIXR1OICP.pcm

SwiftExplicitDependencyGeneratePcm arm64 /Users/Veer/Library/Developer/Xcode/DerivedData/ModuleCache.noindex/AVFoundation-AY7H5XCT5LR66872EWC1DREZ5.pcm

ProcessInfoPlistFile /Users/Veer/Library/Developer/Xcode/DerivedData/HearifyV1-ftljoypfezvlxcgouzbpmsmxzads/Build/Products/Debug-iphoneos/HearifyV1.app/Info.plist /Users/Veer/Library/Mobile\ Documents/com~apple~CloudDocs/HearifyV1/HearifyV1/Info.plist (in target 'HearifyV1' from project 'HearifyV1')
    cd /Users/Veer/Library/Mobile\ Documents/com\~apple\~CloudDocs/HearifyV1
    builtin-infoPlistUtility /Users/Veer/Library/Mobile\ Documents/com\~apple\~CloudDocs/HearifyV1/HearifyV1/Info.plist -producttype com.apple.product-type.application -genpkginfo /Users/Veer/Library/Developer/Xcode/DerivedData/HearifyV1-ftljoypfezvlxcgouzbpmsmxzads/Build/Products/Debug-iphoneos/HearifyV1.app/PkgInfo -expandbuildsettings -format binary -platform iphoneos -additionalcontentfile /Users/Veer/Library/Developer/Xcode/DerivedData/HearifyV1-ftljoypfezvlxcgouzbpmsmxzads/Build/Intermediates.noindex/HearifyV1.build/Debug-iphoneos/HearifyV1.build/Launch\ Screen-SBPartialInfo.plist -additionalcontentfile /Users/Veer/Library/Developer/Xcode/DerivedData/HearifyV1-ftljoypfezvlxcgouzbpmsmxzads/Build/Intermediates.noindex/HearifyV1.build/Debug-iphoneos/HearifyV1.build/assetcatalog_generated_info.plist -scanforprivacyfile /Users/Veer/Library/Developer/Xcode/DerivedData/HearifyV1-ftljoypfezvlxcgouzbpmsmxzads/Build/Products/Debug-iphoneos/HearifyV1.app/Firebase_FirebaseAuth.bundle -scanforprivacyfile /Users/Veer/Library/Developer/Xcode/DerivedData/HearifyV1-ftljoypfezvlxcgouzbpmsmxzads/Build/Products/Debug-iphoneos/HearifyV1.app/Firebase_FirebaseCore.bundle -scanforprivacyfile /Users/Veer/Library/Developer/Xcode/DerivedData/HearifyV1-ftljoypfezvlxcgouzbpmsmxzads/Build/Products/Debug-iphoneos/HearifyV1.app/Firebase_FirebaseCoreExtension.bundle -scanforprivacyfile /Users/Veer/Library/Developer/Xcode/DerivedData/HearifyV1-ftljoypfezvlxcgouzbpmsmxzads/Build/Products/Debug-iphoneos/HearifyV1.app/Firebase_FirebaseCoreInternal.bundle -scanforprivacyfile /Users/Veer/Library/Developer/Xcode/DerivedData/HearifyV1-ftljoypfezvlxcgouzbpmsmxzads/Build/Products/Debug-iphoneos/HearifyV1.app/Firebase_FirebaseFirestore.bundle -scanforprivacyfile /Users/Veer/Library/Developer/Xcode/DerivedData/HearifyV1-ftljoypfezvlxcgouzbpmsmxzads/Build/Products/Debug-iphoneos/HearifyV1.app/Frameworks/FirebaseFirestoreInternal.framework -scanforprivacyfile /Users/Veer/Library/Developer/Xcode/DerivedData/HearifyV1-ftljoypfezvlxcgouzbpmsmxzads/Build/Products/Debug-iphoneos/HearifyV1.app/Frameworks/absl.framework -scanforprivacyfile /Users/Veer/Library/Developer/Xcode/DerivedData/HearifyV1-ftljoypfezvlxcgouzbpmsmxzads/Build/Products/Debug-iphoneos/HearifyV1.app/Frameworks/grpc.framework -scanforprivacyfile /Users/Veer/Library/Developer/Xcode/DerivedData/HearifyV1-ftljoypfezvlxcgouzbpmsmxzads/Build/Products/Debug-iphoneos/HearifyV1.app/Frameworks/grpcpp.framework -scanforprivacyfile /Users/Veer/Library/Developer/Xcode/DerivedData/HearifyV1-ftljoypfezvlxcgouzbpmsmxzads/Build/Products/Debug-iphoneos/HearifyV1.app/Frameworks/openssl_grpc.framework -scanforprivacyfile /Users/Veer/Library/Developer/Xcode/DerivedData/HearifyV1-ftljoypfezvlxcgouzbpmsmxzads/Build/Products/Debug-iphoneos/HearifyV1.app/GTMSessionFetcher_GTMSessionFetcherCore.bundle -scanforprivacyfile /Users/Veer/Library/Developer/Xcode/DerivedData/HearifyV1-ftljoypfezvlxcgouzbpmsmxzads/Build/Products/Debug-iphoneos/HearifyV1.app/GoogleUtilities_GoogleUtilities-AppDelegateSwizzler.bundle -scanforprivacyfile /Users/Veer/Library/Developer/Xcode/DerivedData/HearifyV1-ftljoypfezvlxcgouzbpmsmxzads/Build/Products/Debug-iphoneos/HearifyV1.app/GoogleUtilities_GoogleUtilities-Environment.bundle -scanforprivacyfile /Users/Veer/Library/Developer/Xcode/DerivedData/HearifyV1-ftljoypfezvlxcgouzbpmsmxzads/Build/Products/Debug-iphoneos/HearifyV1.app/GoogleUtilities_GoogleUtilities-Logger.bundle -scanforprivacyfile /Users/Veer/Library/Developer/Xcode/DerivedData/HearifyV1-ftljoypfezvlxcgouzbpmsmxzads/Build/Products/Debug-iphoneos/HearifyV1.app/GoogleUtilities_GoogleUtilities-NSData.bundle -scanforprivacyfile /Users/Veer/Library/Developer/Xcode/DerivedData/HearifyV1-ftljoypfezvlxcgouzbpmsmxzads/Build/Products/Debug-iphoneos/HearifyV1.app/GoogleUtilities_GoogleUtilities-Network.bundle -scanforprivacyfile /Users/Veer/Library/Developer/Xcode/DerivedData/HearifyV1-ftljoypfezvlxcgouzbpmsmxzads/Build/Products/Debug-iphoneos/HearifyV1.app/GoogleUtilities_GoogleUtilities-Reachability.bundle -scanforprivacyfile /Users/Veer/Library/Developer/Xcode/DerivedData/HearifyV1-ftljoypfezvlxcgouzbpmsmxzads/Build/Products/Debug-iphoneos/HearifyV1.app/abseil_abslWrapper.bundle -scanforprivacyfile /Users/Veer/Library/Developer/Xcode/DerivedData/HearifyV1-ftljoypfezvlxcgouzbpmsmxzads/Build/Products/Debug-iphoneos/HearifyV1.app/gRPC_grpcWrapper.bundle -scanforprivacyfile /Users/Veer/Library/Developer/Xcode/DerivedData/HearifyV1-ftljoypfezvlxcgouzbpmsmxzads/Build/Products/Debug-iphoneos/HearifyV1.app/gRPC_grpcppWrapper.bundle -scanforprivacyfile /Users/Veer/Library/Developer/Xcode/DerivedData/HearifyV1-ftljoypfezvlxcgouzbpmsmxzads/Build/Products/Debug-iphoneos/HearifyV1.app/gRPC_opensslWrapper.bundle -scanforprivacyfile /Users/Veer/Library/Developer/Xcode/DerivedData/HearifyV1-ftljoypfezvlxcgouzbpmsmxzads/Build/Products/Debug-iphoneos/HearifyV1.app/leveldb_leveldb.bundle -scanforprivacyfile /Users/Veer/Library/Developer/Xcode/DerivedData/HearifyV1-ftljoypfezvlxcgouzbpmsmxzads/Build/Products/Debug-iphoneos/HearifyV1.app/nanopb_nanopb.bundle -requiredArchitecture arm64 -o /Users/Veer/Library/Developer/Xcode/DerivedData/HearifyV1-ftljoypfezvlxcgouzbpmsmxzads/Build/Products/Debug-iphoneos/HearifyV1.app/Info.plist

LinkStoryboards (in target 'HearifyV1' from project 'HearifyV1')
    cd /Users/Veer/Library/Mobile\ Documents/com\~apple\~CloudDocs/HearifyV1
    /Applications/Xcode.app/Contents/Developer/usr/bin/ibtool --errors --warnings --notices --module HearifyV1 --target-device iphone --minimum-deployment-target 16.6 --output-format human-readable-text --link /Users/Veer/Library/Developer/Xcode/DerivedData/HearifyV1-ftljoypfezvlxcgouzbpmsmxzads/Build/Products/Debug-iphoneos/HearifyV1.app /Users/Veer/Library/Developer/Xcode/DerivedData/HearifyV1-ftljoypfezvlxcgouzbpmsmxzads/Build/Intermediates.noindex/HearifyV1.build/Debug-iphoneos/HearifyV1.build/Launch\ Screen.storyboardc

SwiftExplicitDependencyGeneratePcm arm64 /Users/Veer/Library/Developer/Xcode/DerivedData/ModuleCache.noindex/Speech-6E23D6SV3GYQH1ZXQ8V2IW0QN.pcm

SwiftExplicitDependencyGeneratePcm arm64 /Users/Veer/Library/Developer/Xcode/DerivedData/ModuleCache.noindex/SafariServices-5RTP9V08NZM28PMRIN66KB3C7.pcm

SwiftExplicitDependencyGeneratePcm arm64 /Users/Veer/Library/Developer/Xcode/DerivedData/ModuleCache.noindex/SwiftUI-7N7SU53HHNOJQKTYDDK76YNDO.pcm

SwiftExplicitDependencyGeneratePcm arm64 /Users/Veer/Library/Developer/Xcode/DerivedData/ModuleCache.noindex/PDFKit-66ODPN2MVHBF3ES12WEFSNSV4.pcm

SwiftExplicitDependencyGeneratePcm arm64 /Users/Veer/Library/Developer/Xcode/DerivedData/ModuleCache.noindex/GameController-1Y4I1IO6V4S4D86AY9GHQGIA9.pcm

SwiftExplicitDependencyGeneratePcm arm64 /Users/Veer/Library/Developer/Xcode/DerivedData/ModuleCache.noindex/WebKit-74T3Z6YOHU2EEB3WW21D25FNP.pcm

SwiftExplicitDependencyGeneratePcm arm64 /Users/Veer/Library/Developer/Xcode/DerivedData/ModuleCache.noindex/AuthenticationServices-416J0NTIWBRFOYNNDAMY6WJ7R.pcm

SwiftExplicitDependencyGeneratePcm arm64 /Users/Veer/Library/Developer/Xcode/DerivedData/ModuleCache.noindex/MetalKit-CECYV89L2NROQ47Q1P9IRN9ZT.pcm

SwiftExplicitDependencyGeneratePcm arm64 /Users/Veer/Library/Developer/Xcode/DerivedData/HearifyV1-ftljoypfezvlxcgouzbpmsmxzads/Build/Intermediates.noindex/SwiftExplicitPrecompiledModules/GTMSessionFetcherCore-5TNDSFDGKPLLIBXVVHM17BPQY.pcm

SwiftExplicitDependencyGeneratePcm arm64 /Users/Veer/Library/Developer/Xcode/DerivedData/ModuleCache.noindex/ReplayKit-579AC23Y86KOLVAL5JDFRDHTG.pcm

SwiftExplicitDependencyGeneratePcm arm64 /Users/Veer/Library/Developer/Xcode/DerivedData/HearifyV1-ftljoypfezvlxcgouzbpmsmxzads/Build/Intermediates.noindex/SwiftExplicitPrecompiledModules/FirebaseFirestoreInternal-31O9JBGIXBHYHNV31P3Z2V2UM.pcm

SwiftExplicitDependencyGeneratePcm arm64 /Users/Veer/Library/Developer/Xcode/DerivedData/ModuleCache.noindex/GLKit-DJY0MIH09KE6V0XHKJ5I8IYKN.pcm

SwiftExplicitDependencyGeneratePcm arm64 /Users/Veer/Library/Developer/Xcode/DerivedData/HearifyV1-ftljoypfezvlxcgouzbpmsmxzads/Build/Intermediates.noindex/SwiftExplicitPrecompiledModules/GoogleUtilities_AppDelegateSwizzler-8CKJPKH99ZYQ7CKQVG2L3YHGA.pcm

SwiftExplicitDependencyGeneratePcm arm64 /Users/Veer/Library/Developer/Xcode/DerivedData/HearifyV1-ftljoypfezvlxcgouzbpmsmxzads/Build/Intermediates.noindex/SwiftExplicitPrecompiledModules/FirebaseFirestoreInternalWrapper-85GUKWWZ9SGGNV19JD0FP3X50.pcm

SwiftExplicitDependencyGeneratePcm arm64 /Users/Veer/Library/Developer/Xcode/DerivedData/ModuleCache.noindex/SpriteKit-AGRMKXL98F43J6UDT93TRE89I.pcm

SwiftExplicitDependencyGeneratePcm arm64 /Users/Veer/Library/Developer/Xcode/DerivedData/ModuleCache.noindex/SceneKit-4TI6JLMY3XVK9ATV3QUXHEU37.pcm

SwiftExplicitDependencyGeneratePcm arm64 /Users/Veer/Library/Developer/Xcode/DerivedData/ModuleCache.noindex/GameplayKit-B5Y1O17WEKRU5OJCOU559DRI1.pcm

SwiftExplicitDependencyGeneratePcm arm64 /Users/Veer/Library/Developer/Xcode/DerivedData/ModuleCache.noindex/GameKit-ERWY66LNBSXK6D995W0GPUZNI.pcm

SwiftEmitModule normal arm64 Emitting\ module\ for\ HearifyV1 (in target 'HearifyV1' from project 'HearifyV1')

EmitSwiftModule normal arm64 (in target 'HearifyV1' from project 'HearifyV1')
    cd /Users/Veer/Library/Mobile\ Documents/com\~apple\~CloudDocs/HearifyV1
    
/Users/Veer/Library/Mobile Documents/com~apple~CloudDocs/HearifyV1/HearifyV1/Views/ClinicianDashboardView.swift:1455:8: error: invalid redeclaration of 'ShareSheet'
struct ShareSheet: UIViewControllerRepresentable {
       ^
/Users/Veer/Library/Mobile Documents/com~apple~CloudDocs/HearifyV1/HearifyV1/ContentView.swift:16365:12: note: 'ShareSheet' previously declared here
    struct ShareSheet: UIViewControllerRepresentable {
           ^
/Users/Veer/Library/Mobile Documents/com~apple~CloudDocs/HearifyV1/HearifyV1/ContentView.swift:16365:12: note: 'ShareSheet' previously declared here
    struct ShareSheet: UIViewControllerRepresentable {
           ^
/Users/Veer/Library/Mobile Documents/com~apple~CloudDocs/HearifyV1/HearifyV1/ContentView.swift:16370:81: error: 'ShareSheet' is ambiguous for type lookup in this context
        func makeUIViewController(context: UIViewControllerRepresentableContext<ShareSheet>) -> UIActivityViewController {
                                                                                ^~~~~~~~~~
/Users/Veer/Library/Mobile Documents/com~apple~CloudDocs/HearifyV1/HearifyV1/Views/ClinicianDashboardView.swift:1455:8: note: found this candidate
struct ShareSheet: UIViewControllerRepresentable {
       ^
/Users/Veer/Library/Mobile Documents/com~apple~CloudDocs/HearifyV1/HearifyV1/ContentView.swift:16365:12: note: found this candidate
    struct ShareSheet: UIViewControllerRepresentable {
           ^
/Users/Veer/Library/Mobile Documents/com~apple~CloudDocs/HearifyV1/HearifyV1/ContentView.swift:16383:129: error: 'ShareSheet' is ambiguous for type lookup in this context
        func updateUIViewController(_ uiViewController: UIActivityViewController, context: UIViewControllerRepresentableContext<ShareSheet>) {}
                                                                                                                                ^~~~~~~~~~
/Users/Veer/Library/Mobile Documents/com~apple~CloudDocs/HearifyV1/HearifyV1/Views/ClinicianDashboardView.swift:1455:8: note: found this candidate
struct ShareSheet: UIViewControllerRepresentable {
       ^
/Users/Veer/Library/Mobile Documents/com~apple~CloudDocs/HearifyV1/HearifyV1/ContentView.swift:16365:12: note: found this candidate
    struct ShareSheet: UIViewControllerRepresentable {
           ^
/Users/Veer/Library/Mobile Documents/com~apple~CloudDocs/HearifyV1/HearifyV1/ContentView.swift:16365:12: error: type 'ShareSheet' does not conform to protocol 'UIViewControllerRepresentable'
    struct ShareSheet: UIViewControllerRepresentable {
           ^
/Users/Veer/Library/Mobile Documents/com~apple~CloudDocs/HearifyV1/HearifyV1/ContentView.swift:16365:12: note: add stubs for conformance
    struct ShareSheet: UIViewControllerRepresentable {
           ^
SwiftUI.UIViewControllerRepresentable.UIViewControllerType:2:16: note: protocol requires nested type 'UIViewControllerType'
associatedtype UIViewControllerType : UIViewController}
               ^
SwiftUI.UIViewControllerRepresentable.Coordinator:2:16: note: protocol requires nested type 'Coordinator'
associatedtype Coordinator = Void}
               ^

Failed frontend command:
/Applications/Xcode.app/Contents/Developer/Toolchains/XcodeDefault.xctoolchain/usr/bin/swift-frontend -frontend -emit-module -experimental-skip-non-inlinable-function-bodies-without-types /Users/Veer/Library/Mobile\ Documents/com\~apple\~CloudDocs/HearifyV1/HearifyV1/Managers/AIAnalysisService.swift /Users/Veer/Library/Mobile\ Documents/com\~apple\~CloudDocs/HearifyV1/HearifyV1/Managers/AppTutorialView.swift /Users/Veer/Library/Mobile\ Documents/com\~apple\~CloudDocs/HearifyV1/HearifyV1/Managers/AudioManager.swift /Users/Veer/Library/Mobile\ Documents/com\~apple\~CloudDocs/HearifyV1/HearifyV1/Managers/AudioManager_BACKUP_PreRecorded.swift /Users/Veer/Library/Mobile\ Documents/com\~apple\~CloudDocs/HearifyV1/HearifyV1/Managers/CameraManager.swift /Users/Veer/Library/Mobile\ Documents/com\~apple\~CloudDocs/HearifyV1/HearifyV1/Managers/CloudKitManager.swift /Users/Veer/Library/Mobile\ Documents/com\~apple\~CloudDocs/HearifyV1/HearifyV1/Managers/FaceDetectionManager.swift /Users/Veer/Library/Mobile\ Documents/com\~apple\~CloudDocs/HearifyV1/HearifyV1/Managers/FirebaseManager.swift /Users/Veer/Library/Mobile\ Documents/com\~apple\~CloudDocs/HearifyV1/HearifyV1/Managers/GamificationManager.swift /Users/Veer/Library/Mobile\ Documents/com\~apple\~CloudDocs/HearifyV1/HearifyV1/Managers/MouthComparisonEngine.swift /Users/Veer/Library/Mobile\ Documents/com\~apple\~CloudDocs/HearifyV1/HearifyV1/Managers/ProgressManager.swift /Users/Veer/Library/Mobile\ Documents/com\~apple\~CloudDocs/HearifyV1/HearifyV1/Managers/ProgressTrackingManager.swift /Users/Veer/Library/Mobile\ Documents/com\~apple\~CloudDocs/HearifyV1/HearifyV1/Managers/SpeechRecognitionManager.swift /Users/Veer/Library/Mobile\ Documents/com\~apple\~CloudDocs/HearifyV1/HearifyV1/Managers/SpeechRecognitionManagerAdvanced.swift /Users/Veer/Library/Mobile\ Documents/com\~apple\~CloudDocs/HearifyV1/HearifyV1/Models/AdvancedListeningExercise.swift /Users/Veer/Library/Mobile\ Documents/com\~apple\~CloudDocs/HearifyV1/HearifyV1/Models/Analytics.swift /Users/Veer/Library/Mobile\ Documents/com\~apple\~CloudDocs/HearifyV1/HearifyV1/Models/ArticulationModels.swift /Users/Veer/Library/Mobile\ Documents/com\~apple\~CloudDocs/HearifyV1/HearifyV1/Models/ChallengeModels.swift /Users/Veer/Library/Mobile\ Documents/com\~apple\~CloudDocs/HearifyV1/HearifyV1/Models/CommonModels.swift /Users/Veer/Library/Mobile\ Documents/com\~apple\~CloudDocs/HearifyV1/HearifyV1/Models/ConversationScenario.swift /Users/Veer/Library/Mobile\ Documents/com\~apple\~CloudDocs/HearifyV1/HearifyV1/Models/ModuleProgram.swift /Users/Veer/Library/Mobile\ Documents/com\~apple\~CloudDocs/HearifyV1/HearifyV1/Models/PhonemeDatabase.swift /Users/Veer/Library/Mobile\ Documents/com\~apple\~CloudDocs/HearifyV1/HearifyV1/Models/PhonemeVisual.swift /Users/Veer/Library/Mobile\ Documents/com\~apple\~CloudDocs/HearifyV1/HearifyV1/Models/ProgressModels.swift /Users/Veer/Library/Mobile\ Documents/com\~apple\~CloudDocs/HearifyV1/HearifyV1/Models/Screen.swift /Users/Veer/Library/Mobile\ Documents/com\~apple\~CloudDocs/HearifyV1/HearifyV1/Models/TestModels.swift /Users/Veer/Library/Mobile\ Documents/com\~apple\~CloudDocs/HearifyV1/HearifyV1/Models/VoiceSettings.swift /Users/Veer/Library/Mobile\ Documents/com\~apple\~CloudDocs/HearifyV1/HearifyV1/Models/VoiceSettings_BACKUP.swift /Users/Veer/Library/Mobile\ Documents/com\~apple\~CloudDocs/HearifyV1/HearifyV1/Tests/VoiceTest.swift /Users/Veer/Library/Mobile\ Documents/com\~apple\~CloudDocs/HearifyV1/HearifyV1/Theme/AppTheme.swift /Users/Veer/Library/Mobile\ Documents/com\~apple\~CloudDocs/HearifyV1/HearifyV1/Utils/CSVLoader.swift /Users/Veer/Library/Mobile\ Documents/com\~apple\~CloudDocs/HearifyV1/HearifyV1/Utils/Extensions.swift /Users/Veer/Library/Mobile\ Documents/com\~apple\~CloudDocs/HearifyV1/HearifyV1/Utils/NumberToWordConverter.swift /Users/Veer/Library/Mobile\ Documents/com\~apple\~CloudDocs/HearifyV1/HearifyV1/Views/Components/ModernCard.swift /Users/Veer/Library/Mobile\ Documents/com\~apple\~CloudDocs/HearifyV1/HearifyV1/Views/Components/ModernHeader.swift /Users/Veer/Library/Mobile\ Documents/com\~apple\~CloudDocs/HearifyV1/HearifyV1/Views/Components/ResponsiveButton.swift /Users/Veer/Library/Mobile\ Documents/com\~apple\~CloudDocs/HearifyV1/HearifyV1/Views/Components/ResponsiveHeadings.swift /Users/Veer/Library/Mobile\ Documents/com\~apple\~CloudDocs/HearifyV1/HearifyV1/Views/AboutScreenView.swift /Users/Veer/Library/Mobile\ Documents/com\~apple\~CloudDocs/HearifyV1/HearifyV1/Views/AdvancedListeningView.swift /Users/Veer/Library/Mobile\ Documents/com\~apple\~CloudDocs/HearifyV1/HearifyV1/Views/AVSpeechTestView.swift /Users/Veer/Library/Mobile\ Documents/com\~apple\~CloudDocs/HearifyV1/HearifyV1/Views/CameraPracticeView.swift /Users/Veer/Library/Mobile\ Documents/com\~apple\~CloudDocs/HearifyV1/HearifyV1/Views/CameraPreviewView.swift /Users/Veer/Library/Mobile\ Documents/com\~apple\~CloudDocs/HearifyV1/HearifyV1/Views/CameraVisionHubView.swift /Users/Veer/Library/Mobile\ Documents/com\~apple\~CloudDocs/HearifyV1/HearifyV1/Views/ClinicianDashboardView.swift /Users/Veer/Library/Mobile\ Documents/com\~apple\~CloudDocs/HearifyV1/HearifyV1/Views/ClinicianLinkingView.swift /Users/Veer/Library/Mobile\ Documents/com\~apple\~CloudDocs/HearifyV1/HearifyV1/Views/CloudKitDebugView.swift /Users/Veer/Library/Mobile\ Documents/com\~apple\~CloudDocs/HearifyV1/HearifyV1/Views/CloudKitTestView.swift /Users/Veer/Library/Mobile\ Documents/com\~apple\~CloudDocs/HearifyV1/HearifyV1/Views/ConversationPracticeView.swift /Users/Veer/Library/Mobile\ Documents/com\~apple\~CloudDocs/HearifyV1/HearifyV1/Views/ConversationScenarioView.swift /Users/Veer/Library/Mobile\ Documents/com\~apple\~CloudDocs/HearifyV1/HearifyV1/Views/EnhancedProgressDashboardView.swift /Users/Veer/Library/Mobile\ Documents/com\~apple\~CloudDocs/HearifyV1/HearifyV1/Views/LegalAgreementView.swift /Users/Veer/Library/Mobile\ Documents/com\~apple\~CloudDocs/HearifyV1/HearifyV1/Views/ModuleProgramView.swift /Users/Veer/Library/Mobile\ Documents/com\~apple\~CloudDocs/HearifyV1/HearifyV1/Views/MouthDiagramView.swift /Users/Veer/Library/Mobile\ Documents/com\~apple\~CloudDocs/HearifyV1/HearifyV1/Views/MouthLandmarksOverlay.swift /Users/Veer/Library/Mobile\ Documents/com\~apple\~CloudDocs/HearifyV1/HearifyV1/Views/PatientLoginView.swift /Users/Veer/Library/Mobile\ Documents/com\~apple\~CloudDocs/HearifyV1/HearifyV1/Views/PhonemeVisualizationView.swift /Users/Veer/Library/Mobile\ Documents/com\~apple\~CloudDocs/HearifyV1/HearifyV1/Views/ProgressDashboardView.swift /Users/Veer/Library/Mobile\ Documents/com\~apple\~CloudDocs/HearifyV1/HearifyV1/Views/RecordingHistoryView.swift /Users/Veer/Library/Mobile\ Documents/com\~apple\~CloudDocs/HearifyV1/HearifyV1/Views/SpeakingPracticeHubView.swift /Users/Veer/Library/Mobile\ Documents/com\~apple\~CloudDocs/HearifyV1/HearifyV1/Views/SpeakingPracticeView.swift /Users/Veer/Library/Mobile\ Documents/com\~apple\~CloudDocs/HearifyV1/HearifyV1/Views/SuccessAnimationView.swift /Users/Veer/Library/Mobile\ Documents/com\~apple\~CloudDocs/HearifyV1/HearifyV1/Views/TargetedPracticeView.swift /Users/Veer/Library/Mobile\ Documents/com\~apple\~CloudDocs/HearifyV1/HearifyV1/Views/TargetMouthShape.swift /Users/Veer/Library/Mobile\ Documents/com\~apple\~CloudDocs/HearifyV1/HearifyV1/Views/VisualPronunciationHubView.swift /Users/Veer/Library/Mobile\ Documents/com\~apple\~CloudDocs/HearifyV1/HearifyV1/Views/WaveformView.swift /Users/Veer/Library/Mobile\ Documents/com\~apple\~CloudDocs/HearifyV1/HearifyV1/ContentView.swift /Users/Veer/Library/Mobile\ Documents/com\~apple\~CloudDocs/HearifyV1/HearifyV1/HearifyV1App.swift /Users/Veer/Library/Developer/Xcode/DerivedData/HearifyV1-ftljoypfezvlxcgouzbpmsmxzads/Build/Intermediates.noindex/HearifyV1.build/Debug-iphoneos/HearifyV1.build/DerivedSources/GeneratedAssetSymbols.swift -target arm64-apple-ios16.6 -module-can-import-version DeveloperToolsSupport 23.0.4 23.0.4 -module-can-import-version SwiftUI 7.2.5.1 7.2.5 -module-can-import-version UIKit 9126.2.4.1 9126.2.4 -load-resolved-plugin /Applications/Xcode.app/Contents/Developer/Platforms/iPhoneOS.platform/Developer/usr/lib/swift/host/plugins/libFoundationMacros.dylib\#/Applications/Xcode.app/Contents/Developer/Platforms/iPhoneOS.platform/Developer/usr/bin/swift-plugin-server\#FoundationMacros -load-resolved-plugin /Applications/Xcode.app/Contents/Developer/Platforms/iPhoneOS.platform/Developer/usr/lib/swift/host/plugins/libObservationMacros.dylib\#/Applications/Xcode.app/Contents/Developer/Platforms/iPhoneOS.platform/Developer/usr/bin/swift-plugin-server\#ObservationMacros -load-resolved-plugin /Applications/Xcode.app/Contents/Developer/Platforms/iPhoneOS.platform/Developer/usr/lib/swift/host/plugins/libPreviewsMacros.dylib\#/Applications/Xcode.app/Contents/Developer/Platforms/iPhoneOS.platform/Developer/usr/bin/swift-plugin-server\#PreviewsMacros -load-resolved-plugin /Applications/Xcode.app/Contents/Developer/Platforms/iPhoneOS.platform/Developer/usr/lib/swift/host/plugins/libSwiftMacros.dylib\#/Applications/Xcode.app/Contents/Developer/Platforms/iPhoneOS.platform/Developer/usr/bin/swift-plugin-server\#SwiftMacros -load-resolved-plugin /Applications/Xcode.app/Contents/Developer/Platforms/iPhoneOS.platform/Developer/usr/lib/swift/host/plugins/libSwiftUIMacros.dylib\#/Applications/Xcode.app/Contents/Developer/Platforms/iPhoneOS.platform/Developer/usr/bin/swift-plugin-server\#SwiftUIMacros -disable-implicit-swift-modules -Xcc -fno-implicit-modules -Xcc -fno-implicit-module-maps -explicit-swift-module-map-file /Users/Veer/Library/Developer/Xcode/DerivedData/HearifyV1-ftljoypfezvlxcgouzbpmsmxzads/Build/Intermediates.noindex/HearifyV1.build/Debug-iphoneos/HearifyV1.build/Objects-normal/arm64/HearifyV1-dependencies-1.json -Xllvm -aarch64-use-tbi -enable-objc-interop -stack-check -sdk /Applications/Xcode.app/Contents/Developer/Platforms/iPhoneOS.platform/Developer/SDKs/iPhoneOS26.2.sdk -I /Users/Veer/Library/Developer/Xcode/DerivedData/HearifyV1-ftljoypfezvlxcgouzbpmsmxzads/Build/Products/Debug-iphoneos -F /Users/Veer/Library/Developer/Xcode/DerivedData/HearifyV1-ftljoypfezvlxcgouzbpmsmxzads/Build/Products/Debug-iphoneos/PackageFrameworks -F /Users/Veer/Library/Developer/Xcode/DerivedData/HearifyV1-ftljoypfezvlxcgouzbpmsmxzads/Build/Products/Debug-iphoneos/PackageFrameworks -F /Users/Veer/Library/Developer/Xcode/DerivedData/HearifyV1-ftljoypfezvlxcgouzbpmsmxzads/Build/Products/Debug-iphoneos/PackageFrameworks -F /Users/Veer/Library/Developer/Xcode/DerivedData/HearifyV1-ftljoypfezvlxcgouzbpmsmxzads/Build/Products/Debug-iphoneos/PackageFrameworks -F /Users/Veer/Library/Developer/Xcode/DerivedData/HearifyV1-ftljoypfezvlxcgouzbpmsmxzads/Build/Products/Debug-iphoneos/PackageFrameworks -F /Users/Veer/Library/Developer/Xcode/DerivedData/HearifyV1-ftljoypfezvlxcgouzbpmsmxzads/Build/Products/Debug-iphoneos/PackageFrameworks -F /Users/Veer/Library/Developer/Xcode/DerivedData/HearifyV1-ftljoypfezvlxcgouzbpmsmxzads/Build/Products/Debug-iphoneos/PackageFrameworks -F /Users/Veer/Library/Developer/Xcode/DerivedData/HearifyV1-ftljoypfezvlxcgouzbpmsmxzads/Build/Products/Debug-iphoneos/PackageFrameworks -F /Users/Veer/Library/Developer/Xcode/DerivedData/HearifyV1-ftljoypfezvlxcgouzbpmsmxzads/Build/Products/Debug-iphoneos/PackageFrameworks -F /Users/Veer/Library/Developer/Xcode/DerivedData/HearifyV1-ftljoypfezvlxcgouzbpmsmxzads/Build/Products/Debug-iphoneos/PackageFrameworks -F /Users/Veer/Library/Developer/Xcode/DerivedData/HearifyV1-ftljoypfezvlxcgouzbpmsmxzads/Build/Products/Debug-iphoneos/PackageFrameworks -F /Users/Veer/Library/Developer/Xcode/DerivedData/HearifyV1-ftljoypfezvlxcgouzbpmsmxzads/Build/Products/Debug-iphoneos/PackageFrameworks -F /Users/Veer/Library/Developer/Xcode/DerivedData/HearifyV1-ftljoypfezvlxcgouzbpmsmxzads/Build/Products/Debug-iphoneos/PackageFrameworks -F /Users/Veer/Library/Developer/Xcode/DerivedData/HearifyV1-ftljoypfezvlxcgouzbpmsmxzads/Build/Products/Debug-iphoneos/PackageFrameworks -F /Users/Veer/Library/Developer/Xcode/DerivedData/HearifyV1-ftljoypfezvlxcgouzbpmsmxzads/Build/Products/Debug-iphoneos/PackageFrameworks -F /Users/Veer/Library/Developer/Xcode/DerivedData/HearifyV1-ftljoypfezvlxcgouzbpmsmxzads/Build/Products/Debug-iphoneos/PackageFrameworks -F /Users/Veer/Library/Developer/Xcode/DerivedData/HearifyV1-ftljoypfezvlxcgouzbpmsmxzads/Build/Products/Debug-iphoneos/PackageFrameworks -F /Users/Veer/Library/Developer/Xcode/DerivedData/HearifyV1-ftljoypfezvlxcgouzbpmsmxzads/Build/Products/Debug-iphoneos/PackageFrameworks -F /Users/Veer/Library/Developer/Xcode/DerivedData/HearifyV1-ftljoypfezvlxcgouzbpmsmxzads/Build/Products/Debug-iphoneos/PackageFrameworks -F /Users/Veer/Library/Developer/Xcode/DerivedData/HearifyV1-ftljoypfezvlxcgouzbpmsmxzads/Build/Products/Debug-iphoneos/PackageFrameworks -F /Users/Veer/Library/Developer/Xcode/DerivedData/HearifyV1-ftljoypfezvlxcgouzbpmsmxzads/Build/Products/Debug-iphoneos/PackageFrameworks -F /Users/Veer/Library/Developer/Xcode/DerivedData/HearifyV1-ftljoypfezvlxcgouzbpmsmxzads/Build/Products/Debug-iphoneos/PackageFrameworks -F /Users/Veer/Library/Developer/Xcode/DerivedData/HearifyV1-ftljoypfezvlxcgouzbpmsmxzads/Build/Products/Debug-iphoneos/PackageFrameworks -F /Users/Veer/Library/Developer/Xcode/DerivedData/HearifyV1-ftljoypfezvlxcgouzbpmsmxzads/Build/Products/Debug-iphoneos/PackageFrameworks -F /Users/Veer/Library/Developer/Xcode/DerivedData/HearifyV1-ftljoypfezvlxcgouzbpmsmxzads/Build/Products/Debug-iphoneos/PackageFrameworks -F /Users/Veer/Library/Developer/Xcode/DerivedData/HearifyV1-ftljoypfezvlxcgouzbpmsmxzads/Build/Products/Debug-iphoneos/PackageFrameworks -F /Users/Veer/Library/Developer/Xcode/DerivedData/HearifyV1-ftljoypfezvlxcgouzbpmsmxzads/Build/Products/Debug-iphoneos/PackageFrameworks -F /Users/Veer/Library/Developer/Xcode/DerivedData/HearifyV1-ftljoypfezvlxcgouzbpmsmxzads/Build/Products/Debug-iphoneos/PackageFrameworks -F /Users/Veer/Library/Developer/Xcode/DerivedData/HearifyV1-ftljoypfezvlxcgouzbpmsmxzads/Build/Products/Debug-iphoneos -no-color-diagnostics -Xcc -fno-color-diagnostics -enable-testing -g -debug-info-format\=dwarf -dwarf-version\=4 -module-cache-path /Users/Veer/Library/Developer/Xcode/DerivedData/HearifyV1-ftljoypfezvlxcgouzbpmsmxzads/Build/Intermediates.noindex/SwiftExplicitPrecompiledModules -profile-generate -profile-coverage-mapping -swift-version 5 -enforce-exclusivity\=checked -Onone -D DEBUG -serialize-debugging-options -const-gather-protocols-file /Users/Veer/Library/Developer/Xcode/DerivedData/HearifyV1-ftljoypfezvlxcgouzbpmsmxzads/Build/Intermediates.noindex/HearifyV1.build/Debug-iphoneos/HearifyV1.build/Objects-normal/arm64/HearifyV1_const_extract_protocols.json -enable-experimental-feature DebugDescriptionMacro -enable-bare-slash-regex -empty-abi-descriptor -validate-clang-modules-once -clang-build-session-file /Users/Veer/Library/Developer/Xcode/DerivedData/ModuleCache.noindex/Session.modulevalidation -Xcc -working-directory -Xcc /Users/Veer/Library/Mobile\ Documents/com\~apple\~CloudDocs/HearifyV1 -enable-anonymous-context-mangled-names -file-compilation-dir /Users/Veer/Library/Mobile\ Documents/com\~apple\~CloudDocs/HearifyV1 -Xcc -fmodule-map-file\=/Users/Veer/Library/Developer/Xcode/DerivedData/HearifyV1-ftljoypfezvlxcgouzbpmsmxzads/Build/Intermediates.noindex/GeneratedModuleMaps-iphoneos/RecaptchaInterop.modulemap -Xcc -fmodule-map-file\=/Users/Veer/Library/Developer/Xcode/DerivedData/HearifyV1-ftljoypfezvlxcgouzbpmsmxzads/Build/Intermediates.noindex/GeneratedModuleMaps-iphoneos/GoogleUtilities-Network.modulemap -Xcc -fmodule-map-file\=/Users/Veer/Library/Developer/Xcode/DerivedData/HearifyV1-ftljoypfezvlxcgouzbpmsmxzads/Build/Intermediates.noindex/GeneratedModuleMaps-iphoneos/GoogleUtilities-Reachability.modulemap -Xcc -fmodule-map-file\=/Users/Veer/Library/Developer/Xcode/DerivedData/HearifyV1-ftljoypfezvlxcgouzbpmsmxzads/Build/Intermediates.noindex/GeneratedModuleMaps-iphoneos/GoogleUtilities-AppDelegateSwizzler.modulemap -Xcc -fmodule-map-file\=/Users/Veer/Library/Developer/Xcode/DerivedData/HearifyV1-ftljoypfezvlxcgouzbpmsmxzads/Build/Intermediates.noindex/GeneratedModuleMaps-iphoneos/GTMSessionFetcherCore.modulemap -Xcc -fmodule-map-file\=/Users/Veer/Library/Developer/Xcode/DerivedData/HearifyV1-ftljoypfezvlxcgouzbpmsmxzads/Build/Intermediates.noindex/GeneratedModuleMaps-iphoneos/FirebaseAuthInternal.modulemap -Xcc -fmodule-map-file\=/Users/Veer/Library/Developer/Xcode/DerivedData/HearifyV1-ftljoypfezvlxcgouzbpmsmxzads/Build/Intermediates.noindex/GeneratedModuleMaps-iphoneos/FirebaseAuthInterop.modulemap -Xcc -fmodule-map-file\=/Users/Veer/Library/Developer/Xcode/DerivedData/HearifyV1-ftljoypfezvlxcgouzbpmsmxzads/Build/Intermediates.noindex/GeneratedModuleMaps-iphoneos/GoogleUtilities-NSData.modulemap -Xcc -fmodule-map-file\=/Users/Veer/Library/Developer/Xcode/DerivedData/HearifyV1-ftljoypfezvlxcgouzbpmsmxzads/Build/Intermediates.noindex/GeneratedModuleMaps-iphoneos/GoogleUtilities-Environment.modulemap -Xcc -fmodule-map-file\=/Users/Veer/Library/Developer/Xcode/DerivedData/HearifyV1-ftljoypfezvlxcgouzbpmsmxzads/Build/Intermediates.noindex/GeneratedModuleMaps-iphoneos/third-party-IsAppEncrypted.modulemap -Xcc -fmodule-map-file\=/Users/Veer/Library/Developer/Xcode/DerivedData/HearifyV1-ftljoypfezvlxcgouzbpmsmxzads/Build/Intermediates.noindex/GeneratedModuleMaps-iphoneos/GoogleUtilities-Logger.modulemap -Xcc -fmodule-map-file\=/Users/Veer/Library/Developer/Xcode/DerivedData/HearifyV1-ftljoypfezvlxcgouzbpmsmxzads/Build/Intermediates.noindex/GeneratedModuleMaps-iphoneos/abslWrapper.modulemap -Xcc -fmodule-map-file\=/Users/Veer/Library/Developer/Xcode/DerivedData/HearifyV1-ftljoypfezvlxcgouzbpmsmxzads/Build/Intermediates.noindex/GeneratedModuleMaps-iphoneos/opensslWrapper.modulemap -Xcc -fmodule-map-file\=/Users/Veer/Library/Developer/Xcode/DerivedData/HearifyV1-ftljoypfezvlxcgouzbpmsmxzads/Build/Intermediates.noindex/GeneratedModuleMaps-iphoneos/grpcWrapper.modulemap -Xcc -fmodule-map-file\=/Users/Veer/Library/Developer/Xcode/DerivedData/HearifyV1-ftljoypfezvlxcgouzbpmsmxzads/Build/Intermediates.noindex/GeneratedModuleMaps-iphoneos/grpcppWrapper.modulemap -Xcc -fmodule-map-file\=/Users/Veer/Library/Developer/Xcode/DerivedData/HearifyV1-ftljoypfezvlxcgouzbpmsmxzads/Build/Intermediates.noindex/GeneratedModuleMaps-iphoneos/nanopb.modulemap -Xcc -fmodule-map-file\=/Users/Veer/Library/Developer/Xcode/DerivedData/HearifyV1-ftljoypfezvlxcgouzbpmsmxzads/Build/Intermediates.noindex/GeneratedModuleMaps-iphoneos/leveldb.modulemap -Xcc -fmodule-map-file\=/Users/Veer/Library/Developer/Xcode/DerivedData/HearifyV1-ftljoypfezvlxcgouzbpmsmxzads/Build/Intermediates.noindex/GeneratedModuleMaps-iphoneos/FirebaseCoreExtension.modulemap -Xcc -fmodule-map-file\=/Users/Veer/Library/Developer/Xcode/DerivedData/HearifyV1-ftljoypfezvlxcgouzbpmsmxzads/Build/Intermediates.noindex/GeneratedModuleMaps-iphoneos/FirebaseCore.modulemap -Xcc -fmodule-map-file\=/Users/Veer/Library/Developer/Xcode/DerivedData/HearifyV1-ftljoypfezvlxcgouzbpmsmxzads/Build/Intermediates.noindex/GeneratedModuleMaps-iphoneos/FirebaseAppCheckInterop.modulemap -Xcc -fmodule-map-file\=/Users/Veer/Library/Developer/Xcode/DerivedData/HearifyV1-ftljoypfezvlxcgouzbpmsmxzads/Build/Intermediates.noindex/GeneratedModuleMaps-iphoneos/FirebaseFirestoreInternalWrapper.modulemap -Xcc -fmodule-map-file\=/Users/Veer/Library/Developer/Xcode/DerivedData/HearifyV1-ftljoypfezvlxcgouzbpmsmxzads/Build/Intermediates.noindex/GeneratedModuleMaps-iphoneos/FirebaseFirestoreTarget.modulemap -Xcc -D_LIBCPP_HARDENING_MODE\=_LIBCPP_HARDENING_MODE_DEBUG -Xcc -ivfsstatcache -Xcc /Users/Veer/Library/Developer/Xcode/DerivedData/SDKStatCaches.noindex/iphoneos26.2-23C53-3794476bd08197c3e2abd9bb477ef7f7.sdkstatcache -Xcc -I/Users/Veer/Library/Developer/Xcode/DerivedData/HearifyV1-ftljoypfezvlxcgouzbpmsmxzads/Build/Intermediates.noindex/HearifyV1.build/Debug-iphoneos/HearifyV1.build/swift-overrides.hmap -Xcc -iquote -Xcc /Users/Veer/Library/Developer/Xcode/DerivedData/HearifyV1-ftljoypfezvlxcgouzbpmsmxzads/Build/Intermediates.noindex/HearifyV1.build/Debug-iphoneos/HearifyV1.build/HearifyV1-generated-files.hmap -Xcc -I/Users/Veer/Library/Developer/Xcode/DerivedData/HearifyV1-ftljoypfezvlxcgouzbpmsmxzads/Build/Intermediates.noindex/HearifyV1.build/Debug-iphoneos/HearifyV1.build/HearifyV1-own-target-headers.hmap -Xcc -I/Users/Veer/Library/Developer/Xcode/DerivedData/HearifyV1-ftljoypfezvlxcgouzbpmsmxzads/Build/Intermediates.noindex/HearifyV1.build/Debug-iphoneos/HearifyV1.build/HearifyV1-all-non-framework-target-headers.hmap -Xcc -ivfsoverlay -Xcc /Users/Veer/Library/Developer/Xcode/DerivedData/HearifyV1-ftljoypfezvlxcgouzbpmsmxzads/Build/Intermediates.noindex/HearifyV1.build/Debug-iphoneos/HearifyV1-521b383a001212c1ccf60a43897f0080-VFS-iphoneos/all-product-headers.yaml -Xcc -iquote -Xcc /Users/Veer/Library/Developer/Xcode/DerivedData/HearifyV1-ftljoypfezvlxcgouzbpmsmxzads/Build/Intermediates.noindex/HearifyV1.build/Debug-iphoneos/HearifyV1.build/HearifyV1-project-headers.hmap -Xcc -I/Users/Veer/Library/Developer/Xcode/DerivedData/HearifyV1-ftljoypfezvlxcgouzbpmsmxzads/SourcePackages/checkouts/interop-ios-for-google-sdks/RecaptchaEnterprise/RecaptchaInterop/Public -Xcc -I/Users/Veer/Library/Developer/Xcode/DerivedData/HearifyV1-ftljoypfezvlxcgouzbpmsmxzads/SourcePackages/checkouts/GoogleUtilities/GoogleUtilities/Network/Public -Xcc -I/Users/Veer/Library/Developer/Xcode/DerivedData/HearifyV1-ftljoypfezvlxcgouzbpmsmxzads/SourcePackages/checkouts/GoogleUtilities/GoogleUtilities/Reachability/Public -Xcc -I/Users/Veer/Library/Developer/Xcode/DerivedData/HearifyV1-ftljoypfezvlxcgouzbpmsmxzads/SourcePackages/checkouts/GoogleUtilities/GoogleUtilities/AppDelegateSwizzler/Public -Xcc -I/Users/Veer/Library/Developer/Xcode/DerivedData/HearifyV1-ftljoypfezvlxcgouzbpmsmxzads/SourcePackages/checkouts/gtm-session-fetcher/Sources/Core/Public -Xcc -I/Users/Veer/Library/Developer/Xcode/DerivedData/HearifyV1-ftljoypfezvlxcgouzbpmsmxzads/SourcePackages/checkouts/firebase-ios-sdk/FirebaseAuth/Sources/Public -Xcc -I/Users/Veer/Library/Developer/Xcode/DerivedData/HearifyV1-ftljoypfezvlxcgouzbpmsmxzads/SourcePackages/checkouts/firebase-ios-sdk/FirebaseAuth/Interop/Public -Xcc -I/Users/Veer/Library/Developer/Xcode/DerivedData/HearifyV1-ftljoypfezvlxcgouzbpmsmxzads/SourcePackages/checkouts/GoogleUtilities/GoogleUtilities/NSData+zlib/Public -Xcc -I/Users/Veer/Library/Developer/Xcode/DerivedData/HearifyV1-ftljoypfezvlxcgouzbpmsmxzads/SourcePackages/checkouts/GoogleUtilities/GoogleUtilities/Environment/Public -Xcc -I/Users/Veer/Library/Developer/Xcode/DerivedData/HearifyV1-ftljoypfezvlxcgouzbpmsmxzads/SourcePackages/checkouts/GoogleUtilities/third_party/IsAppEncrypted/Public -Xcc -I/Users/Veer/Library/Developer/Xcode/DerivedData/HearifyV1-ftljoypfezvlxcgouzbpmsmxzads/SourcePackages/checkouts/GoogleUtilities/GoogleUtilities/Logger/Public -Xcc -I/Users/Veer/Library/Developer/Xcode/DerivedData/HearifyV1-ftljoypfezvlxcgouzbpmsmxzads/SourcePackages/checkouts/abseil-cpp-binary/absl-Wrapper/include -Xcc -I/Users/Veer/Library/Developer/Xcode/DerivedData/HearifyV1-ftljoypfezvlxcgouzbpmsmxzads/SourcePackages/checkouts/grpc-binary/openssl-grpc-Wrapper/include -Xcc -I/Users/Veer/Library/Developer/Xcode/DerivedData/HearifyV1-ftljoypfezvlxcgouzbpmsmxzads/SourcePackages/checkouts/grpc-binary/grpc-Wrapper/include -Xcc -I/Users/Veer/Library/Developer/Xcode/DerivedData/HearifyV1-ftljoypfezvlxcgouzbpmsmxzads/SourcePackages/checkouts/grpc-binary/grpcpp-Wrapper/include -Xcc -I/Users/Veer/Library/Developer/Xcode/DerivedData/HearifyV1-ftljoypfezvlxcgouzbpmsmxzads/SourcePackages/checkouts/nanopb/spm_headers -Xcc -I/Users/Veer/Library/Developer/Xcode/DerivedData/HearifyV1-ftljoypfezvlxcgouzbpmsmxzads/SourcePackages/checkouts/leveldb/include -Xcc -I/Users/Veer/Library/Developer/Xcode/DerivedData/HearifyV1-ftljoypfezvlxcgouzbpmsmxzads/SourcePackages/checkouts/firebase-ios-sdk/FirebaseCore/Extension -Xcc -I/Users/Veer/Library/Developer/Xcode/DerivedData/HearifyV1-ftljoypfezvlxcgouzbpmsmxzads/SourcePackages/checkouts/firebase-ios-sdk/FirebaseCore/Sources/Public -Xcc -I/Users/Veer/Library/Developer/Xcode/DerivedData/HearifyV1-ftljoypfezvlxcgouzbpmsmxzads/SourcePackages/checkouts/firebase-ios-sdk/CoreOnly/Sources -Xcc -I/Users/Veer/Library/Developer/Xcode/DerivedData/HearifyV1-ftljoypfezvlxcgouzbpmsmxzads/SourcePackages/checkouts/firebase-ios-sdk/FirebaseAppCheck/Interop/Public -Xcc -I/Users/Veer/Library/Developer/Xcode/DerivedData/HearifyV1-ftljoypfezvlxcgouzbpmsmxzads/SourcePackages/checkouts/firebase-ios-sdk/FirebaseFirestoreInternal -Xcc -I/Users/Veer/Library/Developer/Xcode/DerivedData/HearifyV1-ftljoypfezvlxcgouzbpmsmxzads/SourcePackages/checkouts/firebase-ios-sdk/SwiftPM-PlatformExclude/FirebaseFirestoreWrap/include -Xcc -I/Users/Veer/Library/Developer/Xcode/DerivedData/HearifyV1-ftljoypfezvlxcgouzbpmsmxzads/Build/Products/Debug-iphoneos/include -Xcc -I/Users/Veer/Library/Developer/Xcode/DerivedData/HearifyV1-ftljoypfezvlxcgouzbpmsmxzads/Build/Intermediates.noindex/HearifyV1.build/Debug-iphoneos/HearifyV1.build/DerivedSources-normal/arm64 -Xcc -I/Users/Veer/Library/Developer/Xcode/DerivedData/HearifyV1-ftljoypfezvlxcgouzbpmsmxzads/Build/Intermediates.noindex/HearifyV1.build/Debug-iphoneos/HearifyV1.build/DerivedSources/arm64 -Xcc -I/Users/Veer/Library/Developer/Xcode/DerivedData/HearifyV1-ftljoypfezvlxcgouzbpmsmxzads/Build/Intermediates.noindex/HearifyV1.build/Debug-iphoneos/HearifyV1.build/DerivedSources -Xcc -DDEBUG\=1 -no-auto-bridging-header-chaining -module-name HearifyV1 -frontend-parseable-output -disable-clang-spi -target-sdk-version 26.2 -target-sdk-name iphoneos26.2 -clang-target arm64-apple-ios26.2 -in-process-plugin-server-path /Applications/Xcode.app/Contents/Developer/Toolchains/XcodeDefault.xctoolchain/usr/lib/swift/host/libSwiftInProcPluginServer.dylib -emit-module-doc-path /Users/Veer/Library/Developer/Xcode/DerivedData/HearifyV1-ftljoypfezvlxcgouzbpmsmxzads/Build/Intermediates.noindex/HearifyV1.build/Debug-iphoneos/HearifyV1.build/Objects-normal/arm64/HearifyV1.swiftdoc -emit-module-source-info-path /Users/Veer/Library/Developer/Xcode/DerivedData/HearifyV1-ftljoypfezvlxcgouzbpmsmxzads/Build/Intermediates.noindex/HearifyV1.build/Debug-iphoneos/HearifyV1.build/Objects-normal/arm64/HearifyV1.swiftsourceinfo -emit-objc-header-path /Users/Veer/Library/Developer/Xcode/DerivedData/HearifyV1-ftljoypfezvlxcgouzbpmsmxzads/Build/Intermediates.noindex/HearifyV1.build/Debug-iphoneos/HearifyV1.build/Objects-normal/arm64/HearifyV1-Swift.h -serialize-diagnostics-path /Users/Veer/Library/Developer/Xcode/DerivedData/HearifyV1-ftljoypfezvlxcgouzbpmsmxzads/Build/Intermediates.noindex/HearifyV1.build/Debug-iphoneos/HearifyV1.build/Objects-normal/arm64/HearifyV1-primary-emit-module.dia -emit-dependencies-path /Users/Veer/Library/Developer/Xcode/DerivedData/HearifyV1-ftljoypfezvlxcgouzbpmsmxzads/Build/Intermediates.noindex/HearifyV1.build/Debug-iphoneos/HearifyV1.build/Objects-normal/arm64/HearifyV1-primary-emit-module.d -o /Users/Veer/Library/Developer/Xcode/DerivedData/HearifyV1-ftljoypfezvlxcgouzbpmsmxzads/Build/Intermediates.noindex/HearifyV1.build/Debug-iphoneos/HearifyV1.build/Objects-normal/arm64/HearifyV1.swiftmodule -emit-abi-descriptor-path /Users/Veer/Library/Developer/Xcode/DerivedData/HearifyV1-ftljoypfezvlxcgouzbpmsmxzads/Build/Intermediates.noindex/HearifyV1.build/Debug-iphoneos/HearifyV1.build/Objects-normal/arm64/HearifyV1.abi.json
SwiftCompile normal arm64 Compiling\ FirebaseManager.swift,\ GamificationManager.swift,\ MouthComparisonEngine.swift,\ ProgressManager.swift,\ ProgressTrackingManager.swift,\ SpeechRecognitionManager.swift,\ SpeechRecognitionManagerAdvanced.swift /Users/Veer/Library/Mobile\ Documents/com~apple~CloudDocs/HearifyV1/HearifyV1/Managers/FirebaseManager.swift /Users/Veer/Library/Mobile\ Documents/com~apple~CloudDocs/HearifyV1/HearifyV1/Managers/GamificationManager.swift /Users/Veer/Library/Mobile\ Documents/com~apple~CloudDocs/HearifyV1/HearifyV1/Managers/MouthComparisonEngine.swift /Users/Veer/Library/Mobile\ Documents/com~apple~CloudDocs/HearifyV1/HearifyV1/Managers/ProgressManager.swift /Users/Veer/Library/Mobile\ Documents/com~apple~CloudDocs/HearifyV1/HearifyV1/Managers/ProgressTrackingManager.swift /Users/Veer/Library/Mobile\ Documents/com~apple~CloudDocs/HearifyV1/HearifyV1/Managers/SpeechRecognitionManager.swift /Users/Veer/Library/Mobile\ Documents/com~apple~CloudDocs/HearifyV1/HearifyV1/Managers/SpeechRecognitionManagerAdvanced.swift (in target 'HearifyV1' from project 'HearifyV1')
SwiftCompile normal arm64 /Users/Veer/Library/Mobile\ Documents/com~apple~CloudDocs/HearifyV1/HearifyV1/Managers/FirebaseManager.swift (in target 'HearifyV1' from project 'HearifyV1')
    cd /Users/Veer/Library/Mobile\ Documents/com\~apple\~CloudDocs/HearifyV1
    

SwiftCompile normal arm64 /Users/Veer/Library/Mobile\ Documents/com~apple~CloudDocs/HearifyV1/HearifyV1/Managers/GamificationManager.swift (in target 'HearifyV1' from project 'HearifyV1')
    cd /Users/Veer/Library/Mobile\ Documents/com\~apple\~CloudDocs/HearifyV1
    

SwiftCompile normal arm64 /Users/Veer/Library/Mobile\ Documents/com~apple~CloudDocs/HearifyV1/HearifyV1/Managers/MouthComparisonEngine.swift (in target 'HearifyV1' from project 'HearifyV1')
    cd /Users/Veer/Library/Mobile\ Documents/com\~apple\~CloudDocs/HearifyV1
    

SwiftCompile normal arm64 /Users/Veer/Library/Mobile\ Documents/com~apple~CloudDocs/HearifyV1/HearifyV1/Managers/ProgressManager.swift (in target 'HearifyV1' from project 'HearifyV1')
    cd /Users/Veer/Library/Mobile\ Documents/com\~apple\~CloudDocs/HearifyV1
    

SwiftCompile normal arm64 /Users/Veer/Library/Mobile\ Documents/com~apple~CloudDocs/HearifyV1/HearifyV1/Managers/ProgressTrackingManager.swift (in target 'HearifyV1' from project 'HearifyV1')
    cd /Users/Veer/Library/Mobile\ Documents/com\~apple\~CloudDocs/HearifyV1
    

SwiftCompile normal arm64 /Users/Veer/Library/Mobile\ Documents/com~apple~CloudDocs/HearifyV1/HearifyV1/Managers/SpeechRecognitionManager.swift (in target 'HearifyV1' from project 'HearifyV1')
    cd /Users/Veer/Library/Mobile\ Documents/com\~apple\~CloudDocs/HearifyV1
    

SwiftCompile normal arm64 /Users/Veer/Library/Mobile\ Documents/com~apple~CloudDocs/HearifyV1/HearifyV1/Managers/SpeechRecognitionManagerAdvanced.swift (in target 'HearifyV1' from project 'HearifyV1')
    cd /Users/Veer/Library/Mobile\ Documents/com\~apple\~CloudDocs/HearifyV1
    

SwiftCompile normal arm64 Compiling\ CameraVisionHubView.swift,\ ClinicianDashboardView.swift,\ ClinicianLinkingView.swift,\ CloudKitDebugView.swift,\ CloudKitTestView.swift,\ ConversationPracticeView.swift,\ ConversationScenarioView.swift /Users/Veer/Library/Mobile\ Documents/com~apple~CloudDocs/HearifyV1/HearifyV1/Views/CameraVisionHubView.swift /Users/Veer/Library/Mobile\ Documents/com~apple~CloudDocs/HearifyV1/HearifyV1/Views/ClinicianDashboardView.swift /Users/Veer/Library/Mobile\ Documents/com~apple~CloudDocs/HearifyV1/HearifyV1/Views/ClinicianLinkingView.swift /Users/Veer/Library/Mobile\ Documents/com~apple~CloudDocs/HearifyV1/HearifyV1/Views/CloudKitDebugView.swift /Users/Veer/Library/Mobile\ Documents/com~apple~CloudDocs/HearifyV1/HearifyV1/Views/CloudKitTestView.swift /Users/Veer/Library/Mobile\ Documents/com~apple~CloudDocs/HearifyV1/HearifyV1/Views/ConversationPracticeView.swift /Users/Veer/Library/Mobile\ Documents/com~apple~CloudDocs/HearifyV1/HearifyV1/Views/ConversationScenarioView.swift (in target 'HearifyV1' from project 'HearifyV1')

SwiftCompile normal arm64 /Users/Veer/Library/Mobile\ Documents/com~apple~CloudDocs/HearifyV1/HearifyV1/Views/CameraVisionHubView.swift (in target 'HearifyV1' from project 'HearifyV1')
    cd /Users/Veer/Library/Mobile\ Documents/com\~apple\~CloudDocs/HearifyV1
    

SwiftCompile normal arm64 /Users/Veer/Library/Mobile\ Documents/com~apple~CloudDocs/HearifyV1/HearifyV1/Views/ClinicianDashboardView.swift (in target 'HearifyV1' from project 'HearifyV1')
    cd /Users/Veer/Library/Mobile\ Documents/com\~apple\~CloudDocs/HearifyV1
    

SwiftCompile normal arm64 /Users/Veer/Library/Mobile\ Documents/com~apple~CloudDocs/HearifyV1/HearifyV1/Views/ClinicianLinkingView.swift (in target 'HearifyV1' from project 'HearifyV1')
    cd /Users/Veer/Library/Mobile\ Documents/com\~apple\~CloudDocs/HearifyV1
    

SwiftCompile normal arm64 /Users/Veer/Library/Mobile\ Documents/com~apple~CloudDocs/HearifyV1/HearifyV1/Views/CloudKitDebugView.swift (in target 'HearifyV1' from project 'HearifyV1')
    cd /Users/Veer/Library/Mobile\ Documents/com\~apple\~CloudDocs/HearifyV1
    

SwiftCompile normal arm64 /Users/Veer/Library/Mobile\ Documents/com~apple~CloudDocs/HearifyV1/HearifyV1/Views/CloudKitTestView.swift (in target 'HearifyV1' from project 'HearifyV1')
    cd /Users/Veer/Library/Mobile\ Documents/com\~apple\~CloudDocs/HearifyV1
    

SwiftCompile normal arm64 /Users/Veer/Library/Mobile\ Documents/com~apple~CloudDocs/HearifyV1/HearifyV1/Views/ConversationPracticeView.swift (in target 'HearifyV1' from project 'HearifyV1')
    cd /Users/Veer/Library/Mobile\ Documents/com\~apple\~CloudDocs/HearifyV1
    

SwiftCompile normal arm64 /Users/Veer/Library/Mobile\ Documents/com~apple~CloudDocs/HearifyV1/HearifyV1/Views/ConversationScenarioView.swift (in target 'HearifyV1' from project 'HearifyV1')
    cd /Users/Veer/Library/Mobile\ Documents/com\~apple\~CloudDocs/HearifyV1
    

SwiftCompile normal arm64 Compiling\ EnhancedProgressDashboardView.swift,\ LegalAgreementView.swift,\ ModuleProgramView.swift,\ MouthDiagramView.swift,\ MouthLandmarksOverlay.swift,\ PatientLoginView.swift,\ PhonemeVisualizationView.swift /Users/Veer/Library/Mobile\ Documents/com~apple~CloudDocs/HearifyV1/HearifyV1/Views/EnhancedProgressDashboardView.swift /Users/Veer/Library/Mobile\ Documents/com~apple~CloudDocs/HearifyV1/HearifyV1/Views/LegalAgreementView.swift /Users/Veer/Library/Mobile\ Documents/com~apple~CloudDocs/HearifyV1/HearifyV1/Views/ModuleProgramView.swift /Users/Veer/Library/Mobile\ Documents/com~apple~CloudDocs/HearifyV1/HearifyV1/Views/MouthDiagramView.swift /Users/Veer/Library/Mobile\ Documents/com~apple~CloudDocs/HearifyV1/HearifyV1/Views/MouthLandmarksOverlay.swift /Users/Veer/Library/Mobile\ Documents/com~apple~CloudDocs/HearifyV1/HearifyV1/Views/PatientLoginView.swift /Users/Veer/Library/Mobile\ Documents/com~apple~CloudDocs/HearifyV1/HearifyV1/Views/PhonemeVisualizationView.swift (in target 'HearifyV1' from project 'HearifyV1')

SwiftCompile normal arm64 /Users/Veer/Library/Mobile\ Documents/com~apple~CloudDocs/HearifyV1/HearifyV1/Views/EnhancedProgressDashboardView.swift (in target 'HearifyV1' from project 'HearifyV1')
    cd /Users/Veer/Library/Mobile\ Documents/com\~apple\~CloudDocs/HearifyV1
    

SwiftCompile normal arm64 /Users/Veer/Library/Mobile\ Documents/com~apple~CloudDocs/HearifyV1/HearifyV1/Views/LegalAgreementView.swift (in target 'HearifyV1' from project 'HearifyV1')
    cd /Users/Veer/Library/Mobile\ Documents/com\~apple\~CloudDocs/HearifyV1
    

SwiftCompile normal arm64 /Users/Veer/Library/Mobile\ Documents/com~apple~CloudDocs/HearifyV1/HearifyV1/Views/ModuleProgramView.swift (in target 'HearifyV1' from project 'HearifyV1')
    cd /Users/Veer/Library/Mobile\ Documents/com\~apple\~CloudDocs/HearifyV1
    

SwiftCompile normal arm64 /Users/Veer/Library/Mobile\ Documents/com~apple~CloudDocs/HearifyV1/HearifyV1/Views/MouthDiagramView.swift (in target 'HearifyV1' from project 'HearifyV1')
    cd /Users/Veer/Library/Mobile\ Documents/com\~apple\~CloudDocs/HearifyV1
    

SwiftCompile normal arm64 /Users/Veer/Library/Mobile\ Documents/com~apple~CloudDocs/HearifyV1/HearifyV1/Views/MouthLandmarksOverlay.swift (in target 'HearifyV1' from project 'HearifyV1')
    cd /Users/Veer/Library/Mobile\ Documents/com\~apple\~CloudDocs/HearifyV1
    

SwiftCompile normal arm64 /Users/Veer/Library/Mobile\ Documents/com~apple~CloudDocs/HearifyV1/HearifyV1/Views/PatientLoginView.swift (in target 'HearifyV1' from project 'HearifyV1')
    cd /Users/Veer/Library/Mobile\ Documents/com\~apple\~CloudDocs/HearifyV1
    

SwiftCompile normal arm64 /Users/Veer/Library/Mobile\ Documents/com~apple~CloudDocs/HearifyV1/HearifyV1/Views/PhonemeVisualizationView.swift (in target 'HearifyV1' from project 'HearifyV1')
    cd /Users/Veer/Library/Mobile\ Documents/com\~apple\~CloudDocs/HearifyV1
    

SwiftCompile normal arm64 Compiling\ TargetMouthShape.swift,\ VisualPronunciationHubView.swift,\ WaveformView.swift,\ ContentView.swift,\ HearifyV1App.swift,\ GeneratedAssetSymbols.swift /Users/Veer/Library/Mobile\ Documents/com~apple~CloudDocs/HearifyV1/HearifyV1/Views/TargetMouthShape.swift /Users/Veer/Library/Mobile\ Documents/com~apple~CloudDocs/HearifyV1/HearifyV1/Views/VisualPronunciationHubView.swift /Users/Veer/Library/Mobile\ Documents/com~apple~CloudDocs/HearifyV1/HearifyV1/Views/WaveformView.swift /Users/Veer/Library/Mobile\ Documents/com~apple~CloudDocs/HearifyV1/HearifyV1/ContentView.swift /Users/Veer/Library/Mobile\ Documents/com~apple~CloudDocs/HearifyV1/HearifyV1/HearifyV1App.swift /Users/Veer/Library/Developer/Xcode/DerivedData/HearifyV1-ftljoypfezvlxcgouzbpmsmxzads/Build/Intermediates.noindex/HearifyV1.build/Debug-iphoneos/HearifyV1.build/DerivedSources/GeneratedAssetSymbols.swift (in target 'HearifyV1' from project 'HearifyV1')

SwiftCompile normal arm64 /Users/Veer/Library/Mobile\ Documents/com~apple~CloudDocs/HearifyV1/HearifyV1/Views/TargetMouthShape.swift (in target 'HearifyV1' from project 'HearifyV1')
    cd /Users/Veer/Library/Mobile\ Documents/com\~apple\~CloudDocs/HearifyV1
    

SwiftCompile normal arm64 /Users/Veer/Library/Mobile\ Documents/com~apple~CloudDocs/HearifyV1/HearifyV1/Views/VisualPronunciationHubView.swift (in target 'HearifyV1' from project 'HearifyV1')
    cd /Users/Veer/Library/Mobile\ Documents/com\~apple\~CloudDocs/HearifyV1
    

SwiftCompile normal arm64 /Users/Veer/Library/Mobile\ Documents/com~apple~CloudDocs/HearifyV1/HearifyV1/Views/WaveformView.swift (in target 'HearifyV1' from project 'HearifyV1')
    cd /Users/Veer/Library/Mobile\ Documents/com\~apple\~CloudDocs/HearifyV1
    

SwiftCompile normal arm64 /Users/Veer/Library/Mobile\ Documents/com~apple~CloudDocs/HearifyV1/HearifyV1/ContentView.swift (in target 'HearifyV1' from project 'HearifyV1')
    cd /Users/Veer/Library/Mobile\ Documents/com\~apple\~CloudDocs/HearifyV1
    

SwiftCompile normal arm64 /Users/Veer/Library/Mobile\ Documents/com~apple~CloudDocs/HearifyV1/HearifyV1/HearifyV1App.swift (in target 'HearifyV1' from project 'HearifyV1')
    cd /Users/Veer/Library/Mobile\ Documents/com\~apple\~CloudDocs/HearifyV1
    

SwiftCompile normal arm64 /Users/Veer/Library/Developer/Xcode/DerivedData/HearifyV1-ftljoypfezvlxcgouzbpmsmxzads/Build/Intermediates.noindex/HearifyV1.build/Debug-iphoneos/HearifyV1.build/DerivedSources/GeneratedAssetSymbols.swift (in target 'HearifyV1' from project 'HearifyV1')
    cd /Users/Veer/Library/Mobile\ Documents/com\~apple\~CloudDocs/HearifyV1
    

SwiftCompile normal arm64 Compiling\ PhonemeDatabase.swift,\ PhonemeVisual.swift,\ ProgressModels.swift,\ Screen.swift,\ TestModels.swift,\ VoiceSettings.swift,\ VoiceSettings_BACKUP.swift /Users/Veer/Library/Mobile\ Documents/com~apple~CloudDocs/HearifyV1/HearifyV1/Models/PhonemeDatabase.swift /Users/Veer/Library/Mobile\ Documents/com~apple~CloudDocs/HearifyV1/HearifyV1/Models/PhonemeVisual.swift /Users/Veer/Library/Mobile\ Documents/com~apple~CloudDocs/HearifyV1/HearifyV1/Models/ProgressModels.swift /Users/Veer/Library/Mobile\ Documents/com~apple~CloudDocs/HearifyV1/HearifyV1/Models/Screen.swift /Users/Veer/Library/Mobile\ Documents/com~apple~CloudDocs/HearifyV1/HearifyV1/Models/TestModels.swift /Users/Veer/Library/Mobile\ Documents/com~apple~CloudDocs/HearifyV1/HearifyV1/Models/VoiceSettings.swift /Users/Veer/Library/Mobile\ Documents/com~apple~CloudDocs/HearifyV1/HearifyV1/Models/VoiceSettings_BACKUP.swift (in target 'HearifyV1' from project 'HearifyV1')

SwiftCompile normal arm64 /Users/Veer/Library/Mobile\ Documents/com~apple~CloudDocs/HearifyV1/HearifyV1/Models/PhonemeDatabase.swift (in target 'HearifyV1' from project 'HearifyV1')
    cd /Users/Veer/Library/Mobile\ Documents/com\~apple\~CloudDocs/HearifyV1
    

SwiftCompile normal arm64 /Users/Veer/Library/Mobile\ Documents/com~apple~CloudDocs/HearifyV1/HearifyV1/Models/PhonemeVisual.swift (in target 'HearifyV1' from project 'HearifyV1')
    cd /Users/Veer/Library/Mobile\ Documents/com\~apple\~CloudDocs/HearifyV1
    

SwiftCompile normal arm64 /Users/Veer/Library/Mobile\ Documents/com~apple~CloudDocs/HearifyV1/HearifyV1/Models/ProgressModels.swift (in target 'HearifyV1' from project 'HearifyV1')
    cd /Users/Veer/Library/Mobile\ Documents/com\~apple\~CloudDocs/HearifyV1
    

SwiftCompile normal arm64 /Users/Veer/Library/Mobile\ Documents/com~apple~CloudDocs/HearifyV1/HearifyV1/Models/Screen.swift (in target 'HearifyV1' from project 'HearifyV1')
    cd /Users/Veer/Library/Mobile\ Documents/com\~apple\~CloudDocs/HearifyV1
    

SwiftCompile normal arm64 /Users/Veer/Library/Mobile\ Documents/com~apple~CloudDocs/HearifyV1/HearifyV1/Models/TestModels.swift (in target 'HearifyV1' from project 'HearifyV1')
    cd /Users/Veer/Library/Mobile\ Documents/com\~apple\~CloudDocs/HearifyV1
    

SwiftCompile normal arm64 /Users/Veer/Library/Mobile\ Documents/com~apple~CloudDocs/HearifyV1/HearifyV1/Models/VoiceSettings.swift (in target 'HearifyV1' from project 'HearifyV1')
    cd /Users/Veer/Library/Mobile\ Documents/com\~apple\~CloudDocs/HearifyV1
    

SwiftCompile normal arm64 /Users/Veer/Library/Mobile\ Documents/com~apple~CloudDocs/HearifyV1/HearifyV1/Models/VoiceSettings_BACKUP.swift (in target 'HearifyV1' from project 'HearifyV1')
    cd /Users/Veer/Library/Mobile\ Documents/com\~apple\~CloudDocs/HearifyV1
    

SwiftCompile normal arm64 Compiling\ ProgressDashboardView.swift,\ RecordingHistoryView.swift,\ SpeakingPracticeHubView.swift,\ SpeakingPracticeView.swift,\ SuccessAnimationView.swift,\ TargetedPracticeView.swift /Users/Veer/Library/Mobile\ Documents/com~apple~CloudDocs/HearifyV1/HearifyV1/Views/ProgressDashboardView.swift /Users/Veer/Library/Mobile\ Documents/com~apple~CloudDocs/HearifyV1/HearifyV1/Views/RecordingHistoryView.swift /Users/Veer/Library/Mobile\ Documents/com~apple~CloudDocs/HearifyV1/HearifyV1/Views/SpeakingPracticeHubView.swift /Users/Veer/Library/Mobile\ Documents/com~apple~CloudDocs/HearifyV1/HearifyV1/Views/SpeakingPracticeView.swift /Users/Veer/Library/Mobile\ Documents/com~apple~CloudDocs/HearifyV1/HearifyV1/Views/SuccessAnimationView.swift /Users/Veer/Library/Mobile\ Documents/com~apple~CloudDocs/HearifyV1/HearifyV1/Views/TargetedPracticeView.swift (in target 'HearifyV1' from project 'HearifyV1')

SwiftCompile normal arm64 /Users/Veer/Library/Mobile\ Documents/com~apple~CloudDocs/HearifyV1/HearifyV1/Views/ProgressDashboardView.swift (in target 'HearifyV1' from project 'HearifyV1')
    cd /Users/Veer/Library/Mobile\ Documents/com\~apple\~CloudDocs/HearifyV1
    

SwiftCompile normal arm64 /Users/Veer/Library/Mobile\ Documents/com~apple~CloudDocs/HearifyV1/HearifyV1/Views/RecordingHistoryView.swift (in target 'HearifyV1' from project 'HearifyV1')
    cd /Users/Veer/Library/Mobile\ Documents/com\~apple\~CloudDocs/HearifyV1
    

SwiftCompile normal arm64 /Users/Veer/Library/Mobile\ Documents/com~apple~CloudDocs/HearifyV1/HearifyV1/Views/SpeakingPracticeHubView.swift (in target 'HearifyV1' from project 'HearifyV1')
    cd /Users/Veer/Library/Mobile\ Documents/com\~apple\~CloudDocs/HearifyV1
    

SwiftCompile normal arm64 /Users/Veer/Library/Mobile\ Documents/com~apple~CloudDocs/HearifyV1/HearifyV1/Views/SpeakingPracticeView.swift (in target 'HearifyV1' from project 'HearifyV1')
    cd /Users/Veer/Library/Mobile\ Documents/com\~apple\~CloudDocs/HearifyV1
    

SwiftCompile normal arm64 /Users/Veer/Library/Mobile\ Documents/com~apple~CloudDocs/HearifyV1/HearifyV1/Views/SuccessAnimationView.swift (in target 'HearifyV1' from project 'HearifyV1')
    cd /Users/Veer/Library/Mobile\ Documents/com\~apple\~CloudDocs/HearifyV1
    

SwiftCompile normal arm64 /Users/Veer/Library/Mobile\ Documents/com~apple~CloudDocs/HearifyV1/HearifyV1/Views/TargetedPracticeView.swift (in target 'HearifyV1' from project 'HearifyV1')
    cd /Users/Veer/Library/Mobile\ Documents/com\~apple\~CloudDocs/HearifyV1
    

SwiftCompile normal arm64 Compiling\ ResponsiveButton.swift,\ ResponsiveHeadings.swift,\ AboutScreenView.swift,\ AdvancedListeningView.swift,\ AVSpeechTestView.swift,\ CameraPracticeView.swift,\ CameraPreviewView.swift /Users/Veer/Library/Mobile\ Documents/com~apple~CloudDocs/HearifyV1/HearifyV1/Views/Components/ResponsiveButton.swift /Users/Veer/Library/Mobile\ Documents/com~apple~CloudDocs/HearifyV1/HearifyV1/Views/Components/ResponsiveHeadings.swift /Users/Veer/Library/Mobile\ Documents/com~apple~CloudDocs/HearifyV1/HearifyV1/Views/AboutScreenView.swift /Users/Veer/Library/Mobile\ Documents/com~apple~CloudDocs/HearifyV1/HearifyV1/Views/AdvancedListeningView.swift /Users/Veer/Library/Mobile\ Documents/com~apple~CloudDocs/HearifyV1/HearifyV1/Views/AVSpeechTestView.swift /Users/Veer/Library/Mobile\ Documents/com~apple~CloudDocs/HearifyV1/HearifyV1/Views/CameraPracticeView.swift /Users/Veer/Library/Mobile\ Documents/com~apple~CloudDocs/HearifyV1/HearifyV1/Views/CameraPreviewView.swift (in target 'HearifyV1' from project 'HearifyV1')

SwiftCompile normal arm64 /Users/Veer/Library/Mobile\ Documents/com~apple~CloudDocs/HearifyV1/HearifyV1/Views/Components/ResponsiveButton.swift (in target 'HearifyV1' from project 'HearifyV1')
    cd /Users/Veer/Library/Mobile\ Documents/com\~apple\~CloudDocs/HearifyV1
    

SwiftCompile normal arm64 /Users/Veer/Library/Mobile\ Documents/com~apple~CloudDocs/HearifyV1/HearifyV1/Views/Components/ResponsiveHeadings.swift (in target 'HearifyV1' from project 'HearifyV1')
    cd /Users/Veer/Library/Mobile\ Documents/com\~apple\~CloudDocs/HearifyV1
    

SwiftCompile normal arm64 /Users/Veer/Library/Mobile\ Documents/com~apple~CloudDocs/HearifyV1/HearifyV1/Views/AboutScreenView.swift (in target 'HearifyV1' from project 'HearifyV1')
    cd /Users/Veer/Library/Mobile\ Documents/com\~apple\~CloudDocs/HearifyV1
    

SwiftCompile normal arm64 /Users/Veer/Library/Mobile\ Documents/com~apple~CloudDocs/HearifyV1/HearifyV1/Views/AdvancedListeningView.swift (in target 'HearifyV1' from project 'HearifyV1')
    cd /Users/Veer/Library/Mobile\ Documents/com\~apple\~CloudDocs/HearifyV1
    

SwiftCompile normal arm64 /Users/Veer/Library/Mobile\ Documents/com~apple~CloudDocs/HearifyV1/HearifyV1/Views/AVSpeechTestView.swift (in target 'HearifyV1' from project 'HearifyV1')
    cd /Users/Veer/Library/Mobile\ Documents/com\~apple\~CloudDocs/HearifyV1
    

SwiftCompile normal arm64 /Users/Veer/Library/Mobile\ Documents/com~apple~CloudDocs/HearifyV1/HearifyV1/Views/CameraPracticeView.swift (in target 'HearifyV1' from project 'HearifyV1')
    cd /Users/Veer/Library/Mobile\ Documents/com\~apple\~CloudDocs/HearifyV1
    

SwiftCompile normal arm64 /Users/Veer/Library/Mobile\ Documents/com~apple~CloudDocs/HearifyV1/HearifyV1/Views/CameraPreviewView.swift (in target 'HearifyV1' from project 'HearifyV1')
    cd /Users/Veer/Library/Mobile\ Documents/com\~apple\~CloudDocs/HearifyV1
    

SwiftCompile normal arm64 Compiling\ AdvancedListeningExercise.swift,\ Analytics.swift,\ ArticulationModels.swift,\ ChallengeModels.swift,\ CommonModels.swift,\ ConversationScenario.swift,\ ModuleProgram.swift /Users/Veer/Library/Mobile\ Documents/com~apple~CloudDocs/HearifyV1/HearifyV1/Models/AdvancedListeningExercise.swift /Users/Veer/Library/Mobile\ Documents/com~apple~CloudDocs/HearifyV1/HearifyV1/Models/Analytics.swift /Users/Veer/Library/Mobile\ Documents/com~apple~CloudDocs/HearifyV1/HearifyV1/Models/ArticulationModels.swift /Users/Veer/Library/Mobile\ Documents/com~apple~CloudDocs/HearifyV1/HearifyV1/Models/ChallengeModels.swift /Users/Veer/Library/Mobile\ Documents/com~apple~CloudDocs/HearifyV1/HearifyV1/Models/CommonModels.swift /Users/Veer/Library/Mobile\ Documents/com~apple~CloudDocs/HearifyV1/HearifyV1/Models/ConversationScenario.swift /Users/Veer/Library/Mobile\ Documents/com~apple~CloudDocs/HearifyV1/HearifyV1/Models/ModuleProgram.swift (in target 'HearifyV1' from project 'HearifyV1')

SwiftCompile normal arm64 /Users/Veer/Library/Mobile\ Documents/com~apple~CloudDocs/HearifyV1/HearifyV1/Models/AdvancedListeningExercise.swift (in target 'HearifyV1' from project 'HearifyV1')
    cd /Users/Veer/Library/Mobile\ Documents/com\~apple\~CloudDocs/HearifyV1
    

SwiftCompile normal arm64 /Users/Veer/Library/Mobile\ Documents/com~apple~CloudDocs/HearifyV1/HearifyV1/Models/Analytics.swift (in target 'HearifyV1' from project 'HearifyV1')
    cd /Users/Veer/Library/Mobile\ Documents/com\~apple\~CloudDocs/HearifyV1
    

SwiftCompile normal arm64 /Users/Veer/Library/Mobile\ Documents/com~apple~CloudDocs/HearifyV1/HearifyV1/Models/ArticulationModels.swift (in target 'HearifyV1' from project 'HearifyV1')
    cd /Users/Veer/Library/Mobile\ Documents/com\~apple\~CloudDocs/HearifyV1
    

SwiftCompile normal arm64 /Users/Veer/Library/Mobile\ Documents/com~apple~CloudDocs/HearifyV1/HearifyV1/Models/ChallengeModels.swift (in target 'HearifyV1' from project 'HearifyV1')
    cd /Users/Veer/Library/Mobile\ Documents/com\~apple\~CloudDocs/HearifyV1
    

SwiftCompile normal arm64 /Users/Veer/Library/Mobile\ Documents/com~apple~CloudDocs/HearifyV1/HearifyV1/Models/CommonModels.swift (in target 'HearifyV1' from project 'HearifyV1')
    cd /Users/Veer/Library/Mobile\ Documents/com\~apple\~CloudDocs/HearifyV1
    

SwiftCompile normal arm64 /Users/Veer/Library/Mobile\ Documents/com~apple~CloudDocs/HearifyV1/HearifyV1/Models/ConversationScenario.swift (in target 'HearifyV1' from project 'HearifyV1')
    cd /Users/Veer/Library/Mobile\ Documents/com\~apple\~CloudDocs/HearifyV1
    

SwiftCompile normal arm64 /Users/Veer/Library/Mobile\ Documents/com~apple~CloudDocs/HearifyV1/HearifyV1/Models/ModuleProgram.swift (in target 'HearifyV1' from project 'HearifyV1')
    cd /Users/Veer/Library/Mobile\ Documents/com\~apple\~CloudDocs/HearifyV1
    

SwiftCompile normal arm64 Compiling\ VoiceTest.swift,\ AppTheme.swift,\ CSVLoader.swift,\ Extensions.swift,\ NumberToWordConverter.swift,\ ModernCard.swift,\ ModernHeader.swift /Users/Veer/Library/Mobile\ Documents/com~apple~CloudDocs/HearifyV1/HearifyV1/Tests/VoiceTest.swift /Users/Veer/Library/Mobile\ Documents/com~apple~CloudDocs/HearifyV1/HearifyV1/Theme/AppTheme.swift /Users/Veer/Library/Mobile\ Documents/com~apple~CloudDocs/HearifyV1/HearifyV1/Utils/CSVLoader.swift /Users/Veer/Library/Mobile\ Documents/com~apple~CloudDocs/HearifyV1/HearifyV1/Utils/Extensions.swift /Users/Veer/Library/Mobile\ Documents/com~apple~CloudDocs/HearifyV1/HearifyV1/Utils/NumberToWordConverter.swift /Users/Veer/Library/Mobile\ Documents/com~apple~CloudDocs/HearifyV1/HearifyV1/Views/Components/ModernCard.swift /Users/Veer/Library/Mobile\ Documents/com~apple~CloudDocs/HearifyV1/HearifyV1/Views/Components/ModernHeader.swift (in target 'HearifyV1' from project 'HearifyV1')

SwiftCompile normal arm64 /Users/Veer/Library/Mobile\ Documents/com~apple~CloudDocs/HearifyV1/HearifyV1/Tests/VoiceTest.swift (in target 'HearifyV1' from project 'HearifyV1')
    cd /Users/Veer/Library/Mobile\ Documents/com\~apple\~CloudDocs/HearifyV1
    

SwiftCompile normal arm64 /Users/Veer/Library/Mobile\ Documents/com~apple~CloudDocs/HearifyV1/HearifyV1/Theme/AppTheme.swift (in target 'HearifyV1' from project 'HearifyV1')
    cd /Users/Veer/Library/Mobile\ Documents/com\~apple\~CloudDocs/HearifyV1
    

SwiftCompile normal arm64 /Users/Veer/Library/Mobile\ Documents/com~apple~CloudDocs/HearifyV1/HearifyV1/Utils/CSVLoader.swift (in target 'HearifyV1' from project 'HearifyV1')
    cd /Users/Veer/Library/Mobile\ Documents/com\~apple\~CloudDocs/HearifyV1
    

SwiftCompile normal arm64 /Users/Veer/Library/Mobile\ Documents/com~apple~CloudDocs/HearifyV1/HearifyV1/Utils/Extensions.swift (in target 'HearifyV1' from project 'HearifyV1')
    cd /Users/Veer/Library/Mobile\ Documents/com\~apple\~CloudDocs/HearifyV1
    

SwiftCompile normal arm64 /Users/Veer/Library/Mobile\ Documents/com~apple~CloudDocs/HearifyV1/HearifyV1/Utils/NumberToWordConverter.swift (in target 'HearifyV1' from project 'HearifyV1')
    cd /Users/Veer/Library/Mobile\ Documents/com\~apple\~CloudDocs/HearifyV1
    

SwiftCompile normal arm64 /Users/Veer/Library/Mobile\ Documents/com~apple~CloudDocs/HearifyV1/HearifyV1/Views/Components/ModernCard.swift (in target 'HearifyV1' from project 'HearifyV1')
    cd /Users/Veer/Library/Mobile\ Documents/com\~apple\~CloudDocs/HearifyV1
    

SwiftCompile normal arm64 /Users/Veer/Library/Mobile\ Documents/com~apple~CloudDocs/HearifyV1/HearifyV1/Views/Components/ModernHeader.swift (in target 'HearifyV1' from project 'HearifyV1')
    cd /Users/Veer/Library/Mobile\ Documents/com\~apple\~CloudDocs/HearifyV1
    

SwiftCompile normal arm64 Compiling\ AIAnalysisService.swift,\ AppTutorialView.swift,\ AudioManager.swift,\ AudioManager_BACKUP_PreRecorded.swift,\ CameraManager.swift,\ CloudKitManager.swift,\ FaceDetectionManager.swift /Users/Veer/Library/Mobile\ Documents/com~apple~CloudDocs/HearifyV1/HearifyV1/Managers/AIAnalysisService.swift /Users/Veer/Library/Mobile\ Documents/com~apple~CloudDocs/HearifyV1/HearifyV1/Managers/AppTutorialView.swift /Users/Veer/Library/Mobile\ Documents/com~apple~CloudDocs/HearifyV1/HearifyV1/Managers/AudioManager.swift /Users/Veer/Library/Mobile\ Documents/com~apple~CloudDocs/HearifyV1/HearifyV1/Managers/AudioManager_BACKUP_PreRecorded.swift /Users/Veer/Library/Mobile\ Documents/com~apple~CloudDocs/HearifyV1/HearifyV1/Managers/CameraManager.swift /Users/Veer/Library/Mobile\ Documents/com~apple~CloudDocs/HearifyV1/HearifyV1/Managers/CloudKitManager.swift /Users/Veer/Library/Mobile\ Documents/com~apple~CloudDocs/HearifyV1/HearifyV1/Managers/FaceDetectionManager.swift (in target 'HearifyV1' from project 'HearifyV1')

SwiftCompile normal arm64 /Users/Veer/Library/Mobile\ Documents/com~apple~CloudDocs/HearifyV1/HearifyV1/Managers/AIAnalysisService.swift (in target 'HearifyV1' from project 'HearifyV1')
    cd /Users/Veer/Library/Mobile\ Documents/com\~apple\~CloudDocs/HearifyV1
    

SwiftCompile normal arm64 /Users/Veer/Library/Mobile\ Documents/com~apple~CloudDocs/HearifyV1/HearifyV1/Managers/AppTutorialView.swift (in target 'HearifyV1' from project 'HearifyV1')
    cd /Users/Veer/Library/Mobile\ Documents/com\~apple\~CloudDocs/HearifyV1
    

SwiftCompile normal arm64 /Users/Veer/Library/Mobile\ Documents/com~apple~CloudDocs/HearifyV1/HearifyV1/Managers/AudioManager.swift (in target 'HearifyV1' from project 'HearifyV1')
    cd /Users/Veer/Library/Mobile\ Documents/com\~apple\~CloudDocs/HearifyV1
    

SwiftCompile normal arm64 /Users/Veer/Library/Mobile\ Documents/com~apple~CloudDocs/HearifyV1/HearifyV1/Managers/AudioManager_BACKUP_PreRecorded.swift (in target 'HearifyV1' from project 'HearifyV1')
    cd /Users/Veer/Library/Mobile\ Documents/com\~apple\~CloudDocs/HearifyV1
    

SwiftCompile normal arm64 /Users/Veer/Library/Mobile\ Documents/com~apple~CloudDocs/HearifyV1/HearifyV1/Managers/CameraManager.swift (in target 'HearifyV1' from project 'HearifyV1')
    cd /Users/Veer/Library/Mobile\ Documents/com\~apple\~CloudDocs/HearifyV1
    

SwiftCompile normal arm64 /Users/Veer/Library/Mobile\ Documents/com~apple~CloudDocs/HearifyV1/HearifyV1/Managers/CloudKitManager.swift (in target 'HearifyV1' from project 'HearifyV1')
    cd /Users/Veer/Library/Mobile\ Documents/com\~apple\~CloudDocs/HearifyV1
    

SwiftCompile normal arm64 /Users/Veer/Library/Mobile\ Documents/com~apple~CloudDocs/HearifyV1/HearifyV1/Managers/FaceDetectionManager.swift (in target 'HearifyV1' from project 'HearifyV1')
    cd /Users/Veer/Library/Mobile\ Documents/com\~apple\~CloudDocs/HearifyV1
    

SwiftDriverJobDiscovery normal arm64 Compiling VoiceTest.swift, AppTheme.swift, CSVLoader.swift, Extensions.swift, NumberToWordConverter.swift, ModernCard.swift, ModernHeader.swift (in target 'HearifyV1' from project 'HearifyV1')

** BUILD FAILED **


The following build commands failed:
	EmitSwiftModule normal arm64 (in target 'HearifyV1' from project 'HearifyV1')
	SwiftEmitModule normal arm64 Emitting\ module\ for\ HearifyV1 (in target 'HearifyV1' from project 'HearifyV1')
	Building project HearifyV1 with scheme HearifyV1
(3 failures)
